lavNumber;catalogName;district;atlasName;latitude;longitude;featureId;geometryType;officialMatch
1-160-04;Stadtgraben in Gardelegen;Altmarkkreis Salzwedel;Stadtgraben in Gardelegen;52.53;11.39;v_gewaesser.fid-36945e2d_19febabadac_6d23;MultiPolygon;YES
1-160-06;Wilhelmskanal von Straße;Altmarkkreis Salzwedel;Wilhelmskanal von Straße Taterebrg-Miestehorst bis Mündung in die Ohre;52.45;11.14;v_gewaesser.fid-36945e2d_19febabadac_69a0;MultiPolygon;YES
1-160-14;Milde von Gardelegen-;Altmarkkreis Salzwedel;Milde;52.61;11.39;v_gewaesser.fid-36945e2d_19febabadac_6d66;MultiPolygon;YES
1-160-16;Untere Milde von Wegebrücke;Altmarkkreis Salzwedel;Untere Milde von Wegebrücke Kahrstedt/Karritz bis Mündung in die Milde;52.7;11.48;v_gewaesser.fid-36945e2d_19febabadac_69a1;MultiPolygon;YES
1-160-18;Untere Milde von Straßenbrücke;Altmarkkreis Salzwedel;Untere Milde von Straßenbrücke Wustrewe/Zethlingen bis Winkelstedt;52.6866667;11.3266667;v_gewaesser.fid-36945e2d_19febabadac_69a2;MultiPolygon;YES
1-160-20;Königsgraben vom Abschlag;Altmarkkreis Salzwedel;Königsgraben vom Abschlag Schenkenhorst bis Mündung in die Milde;52.64;11.41;v_gewaesser.fid-36945e2d_19febabadac_69a3;MultiPolygon;YES
1-160-22;Secantsgraben von Str.-Br. Kalbe/M. –;Altmarkkreis Salzwedel;Secantsgraben von Str.-Br. Kalbe/M. – Neuendorf a. D. bis Mündung in die Milde;52.66;11.45;v_gewaesser.fid-36945e2d_19febabadac_69a4;MultiPolygon;YES
1-161-01;Teich am Anglerheim (Burggraben);Altmarkkreis Salzwedel;Teich am Anglerheim (Burggraben) in Kalbe/Milde;52.65;11.39;v_gewaesser.fid-36945e2d_19febabadac_6d32;MultiPolygon;YES
1-161-02;Milde von Kalbe (Straßenbrücke);Altmarkkreis Salzwedel;Milde von Kalbe (Straßenbrücke) bis Eimündung des Secantsgraben;52.6633334;11.4566667;v_gewaesser.fid-36945e2d_19febabadac_6dda;MultiPolygon;YES
1-161-03;Untere Milde von Winkelstedt;Altmarkkreis Salzwedel;Untere Milde von Winkelstedt bis Brücke Kahrstedt-Karritz;52.6733333;11.3533333;v_gewaesser.fid-36945e2d_19febabadac_69a7;MultiPolygon;YES
1-260-03;Wasserbecken am Schlammgraben;Altmarkkreis Salzwedel;Wasserbecken am Schlammgraben bei Kusey;52.55;11.1;v_gewaesser.fid-36945e2d_19febabadac_6a1e;MultiPolygon;YES
1-260-11;Jeetze von Dorfstraße im Amt;Altmarkkreis Salzwedel;Jeetze von Dorfstraße im Amt Dambeck bis Landesgrenze;52.8488889;11.1633333;v_gewaesser.fid-36945e2d_19febabadac_6da3;MultiPolygon;YES
1-260-14;Ohre in Steimke;Altmarkkreis Salzwedel;Ohre in Steimke;52.58;10.98;v_gewaesser.fid-36945e2d_19febabadac_6c89;MultiPolygon;YES
1-260-15;Ohre in Jahrstedt;Altmarkkreis Salzwedel;Ohre in Jahrstedt;52.56;10.98;v_gewaesser.fid-36945e2d_19febabadac_6c8b;MultiPolygon;YES
1-260-20;Untere Milde Cheinitz;Altmarkkreis Salzwedel;Untere Milde Cheinitz;52.7;11.27;v_gewaesser.fid-36945e2d_19febabadac_69a5;MultiPolygon;YES
1-260-22;Moorgraben Cheinitz/Brüchau;Altmarkkreis Salzwedel;Moorgraben Cheinitz/Brüchau;52.7;11.23;v_gewaesser.fid-36945e2d_19febabadac_6d6c;MultiPolygon;YES
1-380-13;Jeetze bei Dambeck;Altmarkkreis Salzwedel;Jeetze bei Dambeck;52.79;11.16;v_gewaesser.fid-36945e2d_19febabadac_6d53;MultiPolygon;YES
1-380-16;Kalter Graben bei Wallstawe;Altmarkkreis Salzwedel;Kalter Graben bei Wallstawe bis Mündung in die Dumme;52.8;11.0;v_gewaesser.fid-36945e2d_19febabadac_6d55;MultiPolygon;YES
1-381-01;Flöt- und Mühlgraben bei Mechau;Altmarkkreis Salzwedel;Flöt- und Mühlgraben bei Mechau;52.86;11.36;v_gewaesser.fid-36945e2d_19febabadac_6c7a;MultiPolygon;YES
2-160-02;Secantsgraben von Straßenbrücke;Stendal;Secantsgraben von Straßenbrücke Lindstedt/Holzhausen bis Straßenbrücke Kalbe/Neuendorf am Damm;52.61;11.48;v_gewaesser.fid-36945e2d_19febabadac_69bd;MultiPolygon;YES
2-220-10;Eichenschlenke bei Havelberg;Stendal;Eichenschlenke bei Havelberg;52.82;12.04;v_gewaesser.fid-36945e2d_19febabadac_6a2f;MultiPolygon;YES
2-220-11;Kampierung bei Havelberg;Stendal;Kampierung bei Havelberg;52.82;12.04;v_gewaesser.fid-36945e2d_19febabadac_6c7f;MultiPolygon;YES
2-220-12;Große Wiesenschlenke bei Havelberg;Stendal;Große Wiesenschlenke bei Havelberg;52.82;12.04;v_gewaesser.fid-36945e2d_19febabadac_6c80;MultiPolygon;YES
2-220-13;Hornings Bracke bei Havelberg;Stendal;Hornings Bracke bei Havelberg;52.82;12.04;v_gewaesser.fid-36945e2d_19febabadac_6cf8;MultiPolygon;YES
2-220-14;Kühnsches Loch bei Havelberg;Stendal;Kühnsches Loch bei Havelberg;52.82;12.04;v_gewaesser.fid-36945e2d_19febabadac_6c7e;MultiPolygon;YES
2-220-15;Karpfenlöcher bei Havelberg;Stendal;Karpfenlöcher bei Havelberg;52.81;12.04;v_gewaesser.fid-36945e2d_19febabadac_6cf9;MultiPolygon;YES
2-220-18;Elbe km 428-431 rechtsseitig;Stendal;Elbe km 428-431 rechtsseitig;52.8755555;11.9855556;v_gewaesser.fid-36945e2d_19febabadac_69be;MultiPolygon;YES
2-220-20;Garzer See in Havelberg;Stendal;Garzer See in Havelberg;52.75;12.21;v_gewaesser.fid-36945e2d_19febabadac_6c57;MultiPolygon;YES
2-330-11;Alte Elbe und Gänsebrink;Stendal;Alte Elbe und Gänsebrink Berge/Sandauer Holz;52.81;11.99;v_gewaesser.fid-36945e2d_19febabadac_6a37;MultiPolygon;YES
2-330-12;Binnengewässer links der Elbe;Stendal;Binnengewässer links der Elbe bei Pappelhagen;52.95;11.81;v_gewaesser.fid-36945e2d_19febabadac_6c7c;MultiPolygon;YES
2-330-14;Elbe von km 428 - 454 linksseitig;Stendal;Elbe von km 428 - 454;52.908;11.882;v_gewaesser.fid-36945e2d_19febabadac_69bf;MultiPolygon;YES
2-330-29;Bodenentnahmestelle Losenrade 1;Stendal;Bodenentnahmestelle Losenrade 1;52.96;11.77;v_gewaesser.fid-36945e2d_19febabadac_6c73;MultiPolygon;YES
2-330-30;Bodenentnahmestelle Krüden;Stendal;Bodenentnahmestelle Krüden;52.95;11.69;v_gewaesser.fid-36945e2d_19febabadac_6c74;MultiPolygon;YES
2-332-01;Milde/Biese von Einmündung des;Stendal;Milde/Biese von Einmündung des Secantsgrabens (bei Butterhorst) bis Einmündung des Augrabens (b. Gladigau);52.73;11.52;v_gewaesser.fid-36945e2d_19febabadac_6d1f;MultiPolygon;YES
2-334-01;Bleichwehl bei Werben/Elbe;Stendal;Bleichwehl bei Werben/Elbe;52.86;12.0;v_gewaesser.fid-36945e2d_19febabadac_6a3d;MultiPolygon;YES
2-334-02;Marschners Loch bei Werben/Elbe;Stendal;Marschners Loch bei Werben/Elbe;52.87;12.0;v_gewaesser.fid-36945e2d_19febabadac_6a3e;MultiPolygon;YES
2-420-08;Elbe km 392 - 402 linksseitig;Stendal;Elbe km 392 - 402;52.6238889;12.0061111;v_gewaesser.fid-36945e2d_19febabadac_69c7;MultiPolygon;YES
2-421-01;Dollgraben;Stendal;Dollgraben;52.45;11.79;v_gewaesser.fid-36945e2d_19febabadac_69c8;MultiPolygon;YES
2-421-11;Elbe km 372, 4 – km 378 linksseitig;Stendal;Elbe km 372, 4 - km 378 linksseitig;52.425;11.985;v_gewaesser.fid-36945e2d_19febabadac_69ca;MultiPolygon;YES
2-422-12;Elbe km 386-392 beidseitig, km 391-392;Stendal;Elbe km 386-392 beidseitig;52.5533333;11.9813333;v_gewaesser.fid-36945e2d_19febabadac_69cb;MultiPolygon;YES
3-200-08;Mühlenteich Bodendorf bei Süplingen;Börde;Mühlenteich Bodendorf bei Süplingen;52.29;11.29;v_gewaesser.fid-36945e2d_19febabadac_6a5b;MultiPolygon;YES
3-200-13;Hofteich Bodendorf;Börde;Hofteich Bodendorf;52.29;11.29;v_gewaesser.fid-36945e2d_19febabadac_6a5c;MultiPolygon;YES
3-200-33;Mittelllandkanal Bereich;Börde;Mittelllandkanal Bereich Haldensleben;52.3213333;11.3606667;v_gewaesser.fid-36945e2d_19febabadac_69d0;MultiPolygon;YES
3-200-34;Ohre von Straßenbrücke Calvörde;Börde;Ohre von Straßenbrücke Calvörde bis Vahlsdorfer Brücke;52.3116667;11.4;v_gewaesser.fid-36945e2d_19febabadac_6dd2;MultiPolygon;YES
3-261-01;Mittellandkanal Bereich Oebisfelde;Börde;Mittellandkanal Bereich Oebisfelde;52.4448718;11.1184615;v_gewaesser.fid-36945e2d_19febabadac_69d9;MultiPolygon;YES
3-261-05;Landgraben bei Oebisfelde;Börde;Landgraben bei Oebisfelde;52.41;11.0;v_gewaesser.fid-36945e2d_19febabadac_69db;MultiPolygon;YES
3-430-08;Bode von Einmündung des Mühl-;Börde;Bode von Einmündung des Mühlgrabens an der Bodebrücke Hadmersleben bis Wehr Egeln-Nord (Oberwasser);51.99;11.38;v_gewaesser.fid-36945e2d_19febabadac_69cd;MultiPolygon;YES
3-470-06;Mittellandkanal Bereich Wolmirstedt;Börde;Mittellandkanal Bereich Wolmirstedt;52.23;11.57;v_gewaesser.fid-36945e2d_19febabadac_69dc;MultiPolygon;YES
3-470-17;Ohre von Vahldorfer Brücke bis;Börde;Ohre von Vahldorfer Brücke bis Ortsgrenze Wolmirstedt;52.26;11.55;v_gewaesser.fid-36945e2d_19febabadac_69dd;MultiPolygon;YES
3-470-26;Ohre von Wolmirstedt bis Elbmündung;Börde;Ohre von Wolmirstedt bis Elbmündung;52.2933333;11.7133333;v_gewaesser.fid-36945e2d_19febabadac_69de;MultiPolygon;YES
3-470-27;Mittellandkanal km 320, 10 – 321, 10;Börde;Mittellandkanal km 320,10 – km 321,10;52.23;11.68;v_gewaesser.fid-36945e2d_19febabadac_69df;MultiPolygon;YES
3-472-05;Ohre Stadgebiet Wolmirstedt;Börde;Ohre Stadgebiet Wolmirstedt;52.25;11.62;v_gewaesser.fid-36945e2d_19febabadac_6a98;MultiPolygon;YES
4-130-01;Alte Elbe Lostau;Jerichower Land;Alte Elbe Lostau;52.2066667;11.7266667;v_gewaesser.fid-36945e2d_19febabadac_6a99;MultiPolygon;YES
4-130-15;Elbe-Havel-Kanal km 326, 67- km 344;Jerichower Land;Elbe-Havel-Kanal km326, 67-km344;52.2833333;11.8446667;v_gewaesser.fid-36945e2d_19febabadac_69e0;MultiPolygon;YES
4-130-18;Elbe km 334-350 beidseitig;Jerichower Land;Elbe km 334-350 beidseitig;52.2690476;11.7380952;v_gewaesser.fid-36945e2d_19febabadac_69e1;MultiPolygon;YES
4-130-24;Niegripper Verbindungskanal;Jerichower Land;Niegripper Verbindungskanal von km 0, 95 - km 1, 60;52.25;11.73;v_gewaesser.fid-36945e2d_19febabadac_69e6;MultiPolygon;YES
4-130-31;Alte Elbe bei Niegripp;Jerichower Land;Alte Elbe bei Niegripp;52.29;11.77;v_gewaesser.fid-36945e2d_19febabadac_6d6a;MultiPolygon;YES
4-130-32;Niegripper Altkanal (Teilfläche);Jerichower Land;Niegripper Altkanal;52.2733333;11.7933333;v_gewaesser.fid-36945e2d_19febabadac_6a14;MultiPolygon;YES
4-130-36;Mittellandkanal km 322,82 - km 324,46 A, Bl, K, Pl, Z 5,31 Nordufer;Jerichower Land;Mittellandkanal km 322,82-km 324,6 nur Nordufer;52.2366667;11.7233333;v_gewaesser.fid-36945e2d_19febabadac_6e46;MultiPolygon;YES
4-170-01;Lehmkuhlengraben bei Parchen;Jerichower Land;Lehmkuhlengraben bei Parchen;52.36;12.06;v_gewaesser.fid-36945e2d_19febabadac_69e7;MultiPolygon;YES
4-170-04;Mühlengraben bei Mützel;Jerichower Land;Mühlengraben bei Mützel;52.39;12.17;v_gewaesser.fid-36945e2d_19febabadac_69e8;MultiPolygon;YES
4-170-08;Altenplatower-Altkanal;Jerichower Land;Altenplatower-Altkanal km 360 - km 361, 5;52.42;12.13;v_gewaesser.fid-36945e2d_19febabadac_69e9;MultiPolygon;YES
4-170-09;Roßdorfer Altkanal km 0, 0 bis;Jerichower Land;Roßdorfer Altkanal km 0, 0 bis Brücke Dunkelforth (B1) am Nordufer;52.42;12.2;v_gewaesser.fid-36945e2d_19febabadac_69ea;MultiPolygon;YES
4-170-12;Torschiffahrtskanal vom Wehr Mützel bis A, B, Bl, H, Pl, Qu 3,00 zur Mündung in den Fiener Haupvorfluter;Jerichower Land;Torschiffahrtskanal vom Wehr Mützel bis zur Mündung in den Fiener Haupvorfluter;52.37;12.18;v_gewaesser.fid-36945e2d_19febabadac_69ec;MultiPolygon;YES
4-170-14;Hauptstremme vom Roßdorfer Altkanal A, B, Bl, H, Pl, S 8,00 bis zur Einmündung des Galmer Grabens;Jerichower Land;Hauptstremme vom Roßdorfer Altkanal bis zur Einmündung des Galmer Grabens;52.48;12.25;v_gewaesser.fid-36945e2d_19febabadac_69ed;MultiPolygon;YES
4-170-15;Schlagenthiner Stremme vom Roßdorfer A, B, Bl, H, Pl, S 7,00 Altkanal bis zur Hauptstremme;Jerichower Land;Schlagenthiner Stremme vom Roßdorfer Altkanal bis zur Hauptstremme;52.45;12.25;v_gewaesser.fid-36945e2d_19febabadac_69ee;MultiPolygon;YES
4-170-16;Elbe-Havel-Kanal von km 360 bis 364, 5 A, B, Bl, H, K, 71,92 (Brücke B1 Ortsausgang Genthin) und;Jerichower Land;Elbe-Havel-Kanal von km 360 bis 364, 5 (Brücke B1 Ortsausgang Genthin) und von km 365, 7 (Einmündung Neuer Graben) bis km 372, 8;52.4;12.21;v_gewaesser.fid-36945e2d_19febabadac_69ef;MultiPolygon;YES
4-171-03;Mühlenlanke-Herrenseegraben bei Parey;Jerichower Land;Mühlenlanke-Herrenseegraben bei Parey;52.37;11.96;v_gewaesser.fid-36945e2d_19febabadac_6c83;MultiPolygon;YES
4-171-05;Alte Elbe mit Tunnel und;Jerichower Land;Alte Elbe mit Tunnel und Königsdamm bei Parey;52.38;11.95;v_gewaesser.fid-36945e2d_19febabadac_6d31;MultiPolygon;YES
4-171-12;Baggerelbe bei Derben;Jerichower Land;Baggerelbe bei Derben;52.42;11.99;v_gewaesser.fid-36945e2d_19febabadac_6dea;MultiPolygon;YES
4-171-14;Stromelbe von km 372,4;Jerichower Land;Stromelbe von km 372, 4 bis km 378 bei Derben rechtsseitg;52.435;11.995;v_gewaesser.fid-36945e2d_19febabadac_69f1;MultiPolygon;YES
4-171-15;Pareyer Verbindungskanal;Jerichower Land;Pareyer Verbindungskanal von km 0, 0, bis km 3, 54;52.4033333;11.9733333;v_gewaesser.fid-36945e2d_19febabadac_69ce;MultiPolygon;YES
4-171-21;Erdegraben bei Parey;Jerichower Land;Erdegraben bei Parey;52.4;11.95;v_gewaesser.fid-36945e2d_19febabadac_69f5;MultiPolygon;YES
4-171-26;Elbe-Havel-Kanal von km 344 bis km 353;Jerichower Land;Elbe-Havel-Kanal von km 344 bis km 353;52.3666667;11.99;v_gewaesser.fid-36945e2d_19febabadac_69d4;MultiPolygon;YES
4-172-01;Elbe-Havel-Kanal von km 364,5;Jerichower Land;Elbe-Havel-Kanal von km 364, 5 (Brücke B1 Ortsausgang Genthin bis km 365, 7 (Einmündung Neuer Graben);52.4033333;12.1933333;v_gewaesser.fid-36945e2d_19febabadac_69f6;MultiPolygon;YES
4-172-03;Roßdorfer Altkanal von;Jerichower Land;Roßdorfer Altkanal von Brücke Dunkelforth (B1) bis zur Einmündung in den EHK;52.41;12.23;v_gewaesser.fid-36945e2d_19febabadac_69f7;MultiPolygon;YES
4-173-01;Bergzower Altkanal vom Abzweig;Jerichower Land;Bergzower Altkanal vom Abzweig H-Kanal km 355, 15 Südufer;52.41;12.05;v_gewaesser.fid-36945e2d_19febabadac_69f8;MultiPolygon;YES
4-173-02;Elbe-Havel-Kanal von km 353 - km 360;Jerichower Land;Elbe-Havel-Kanal von km 353 bis km 360;52.41;12.07;v_gewaesser.fid-36945e2d_19febabadac_6d01;MultiPolygon;YES
5-190-03;Bode vom Einlauf des Goldbaches;Harz;Bode vom Einlauf des Goldbaches bis Straßenbrücke Deesdorf;51.91;11.18;v_gewaesser.fid-36945e2d_19febabadac_69f9;MultiPolygon;YES
5-190-06;Großer Graben vom Zusammenfluss;Harz;Großer Graben vom Zusammenfluss Schiffgraben und Aue bis zur Straßenbrücke zwischen Aderstedt und Gunsleben;52.06;10.89;v_gewaesser.fid-36945e2d_19febabadac_69fa;MultiPolygon;YES
5-340-06;Hauptseegraben von Kreisgrenze;Harz;Hauptseegraben von Kreisgrenze Salzlandkreis bis Mündung in die Selke;51.83;11.28;v_gewaesser.fid-36945e2d_19febabadac_69fe;MultiPolygon;YES
5-340-09;Bode vom Einlauf des Quarmbaches;Harz;Bode vom Einlauf des Quarmbaches bis zur Selkemündung bei Rodersdorf;51.7966667;11.1633333;v_gewaesser.fid-36945e2d_19febabadac_69fd;MultiPolygon;YES
5-340-13;Selke von Kreisgrenze;Harz;Selke von Kreisgrenze Salzlandkreis bis Mündung in Bode;51.85;11.25;v_gewaesser.fid-36945e2d_19febabadac_69ff;MultiPolygon;YES
5-340-20;Mühlgraben Thale 0,25;Harz;;;;;;NO
6-100-07;Hauptseegraben von Einmündung;Salzlandkreis;Hauptseegraben von Einmündung des Grabens aus Wilsleben bis Tagebaurestloch Königsaue;51.7966667;11.4;v_gewaesser.fid-36945e2d_19febabadac_6e47;MultiPolygon;YES
6-110-12;Saalealtarm zwischen Plötzkau;Salzlandkreis;Saalealtarm zwischen Plötzkau und Großwirschleben;51.74;11.7;v_gewaesser.fid-36945e2d_19febabadac_6aea;MultiPolygon;YES
6-110-13;Saalealtarm Aderstedt;Salzlandkreis;Saalealtarm Aderstedt;51.78;11.7;v_gewaesser.fid-36945e2d_19febabadac_6ae7;MultiPolygon;YES
6-110-14;Saale von Kreisgrenze Saalekreis bis;Salzlandkreis;Saale im Altkreis Bernburg;51.725;11.7283333;v_gewaesser.fid-36945e2d_19febabadac_6af0;MultiPolygon;YES
6-110-17;Saalealtarm Gnölbzig;Salzlandkreis;Saalealtarm Gnölbzig;51.6733333;11.7233333;v_gewaesser.fid-36945e2d_19febabadac_6aed;MultiPolygon;YES
6-110-18;Fuhne vom Viadukt bei Kleinwirschleben A, B, Bl, H, K, Pl, Ro 4,00 bis Mündung in die Saale;Salzlandkreis;Fuhne vom Viadukt bei Kleinwirschleben bis Mündung in die Saale;51.7766667;11.7766667;v_gewaesser.fid-36945e2d_19febabadac_6a00;MultiPolygon;YES
6-111-04;Bode vom Beginn des Mühlgrabens;Salzlandkreis;Bode;51.83;11.73;v_gewaesser.fid-36945e2d_19febabadac_6d7a;MultiPolygon;YES
6-111-05;Saalealtarm Nienburg;Salzlandkreis;Saalealtarm Nienburg;51.84;11.79;v_gewaesser.fid-36945e2d_19febabadac_6afa;MultiPolygon;YES
6-111-13;Saale von Einmündung der Fuhne bis;Salzlandkreis;Saale von Fuhnemündung bis Ortslage Wispitz;51.865;11.765;v_gewaesser.fid-36945e2d_19febabadac_69f0;MultiPolygon;YES
6-112-03;Saalealtarm Lesewitz bei Plötzkau;Salzlandkreis;Saalealtarm Lesewitz bei Plötzkau;51.75;11.7;v_gewaesser.fid-36945e2d_19febabadac_6afb;MultiPolygon;YES
6-400-20;Saale im Altkreis Schönebeck;Salzlandkreis;Saale im Altkreis Schönebeck;51.9088889;11.8244444;v_gewaesser.fid-36945e2d_19febabadac_6a02;MultiPolygon;YES
6-400-22;Elbe von km 305 - km 320 beidseitig;Salzlandkreis;Elbe von km 305-320 beidseitig;52.0316667;11.735;v_gewaesser.fid-36945e2d_19febabadac_6a03;MultiPolygon;YES
6-400-24;Saalealtarm Tippelskirchen;Salzlandkreis;Saalealtarm Tippelskirchen von km 22,2 - 23,3;51.89;11.78;v_gewaesser.fid-36945e2d_19febabadac_6b0d;MultiPolygon;YES
6-400-30;Küchenpfuhl Elbenau;Salzlandkreis;Küchenpfuhl Elbenau;52.04;11.76;v_gewaesser.fid-36945e2d_19febabadac_6c9f;MultiPolygon;YES
6-400-33;Stilles Wasser Elbenau;Salzlandkreis;Stilles Wasser Elbenau;52.05;11.75;v_gewaesser.fid-36945e2d_19febabadac_6c9e;MultiPolygon;YES
6-400-35;Elbealtarm Grünewalde;Salzlandkreis;Elbealtarm Grünewalde;52.03;11.73;v_gewaesser.fid-36945e2d_19febabadac_6b14;MultiPolygon;YES
6-400-41;Salinekanal Schönebeck;Salzlandkreis;Salinekanal Schönebeck;52.02;11.75;v_gewaesser.fid-36945e2d_19febabadac_6a01;MultiPolygon;YES
6-400-45;Götzenthiegraben;Salzlandkreis;Götzenthiegraben;52.0;11.73;v_gewaesser.fid-36945e2d_19febabadac_6ce5;MultiPolygon;YES
6-401-08;Landgraben von Einmündung des;Salzlandkreis;Landgraben von Einmündung des Laufgrabens bis zur Mündung in die Taube;51.8966667;11.8933333;v_gewaesser.fid-36945e2d_19febabadac_6a04;MultiPolygon;YES
6-402-02;Barbyer Landgraben von;Salzlandkreis;Barbyer Landgraben von Bahnhofsstraße bis Mündung in die Elbe;51.99;11.87;v_gewaesser.fid-36945e2d_19febabadac_6a06;MultiPolygon;YES
6-402-07;Saale von Werkleitz bis Elbmündung;Salzlandkreis;;;;;;NO
6-410-14;Bode vom Wehr Egeln-Nord;Salzlandkreis;Bode vom Wehr Egeln-Nord (Unterwasser) bis zur Stappenbrücke Wolmirsleben;51.95;11.46;v_gewaesser.fid-36945e2d_19febabadac_6a07;MultiPolygon;YES
6-410-15;Bode vom Wehr Rothenförde;Salzlandkreis;Bode vom Wehr Rothenförde (Unterwasser) bis Mühlengraben Neugattersleben;51.9033333;11.5266667;v_gewaesser.fid-36945e2d_19febabadac_6e11;MultiPolygon;YES
6-410-19;Mühlgraben von Egeln-Nord;Salzlandkreis;Mühlgraben von Egeln-Nord bis zur Gemarkungsgrenze Egeln/Tarthun;51.94;11.44;v_gewaesser.fid-36945e2d_19febabadac_69b5;MultiPolygon;YES
7-120-01;Alte Mulde bei Rösa;Anhalt-Bitterfeld;Alte Mulde bei Rösa;51.61;12.53;v_gewaesser.fid-36945e2d_19febabadac_6e23;MultiPolygon;YES
7-120-04;Alte Mulde Roitzschjora;Anhalt-Bitterfeld;Alte Mulde Roitzschjora;51.59;12.49;v_gewaesser.fid-36945e2d_19febabadac_6d2b;MultiPolygon;YES
7-120-06;Unterer Ziegeleiteich Muldenstein;Anhalt-Bitterfeld;Unterer Ziegeleiteich Muldenstein;51.66;12.34;v_gewaesser.fid-36945e2d_19febabadac_6e2f;MultiPolygon;YES
7-120-13;Muldestausee;Anhalt-Bitterfeld;Muldestausee;51.6419608;12.4013725;v_gewaesser.fid-36945e2d_19febabadac_6ddc;MultiPolygon;YES
7-120-19;Lober-Leine-Kanal;Anhalt-Bitterfeld;Lober-Leine-Kanal;51.59;12.41;v_gewaesser.fid-36945e2d_19febabadac_6a08;MultiPolygon;YES
7-120-21;Mulde v. Landesgr. Sachsen bis Stausee,;Anhalt-Bitterfeld;Mulde v. Landesgr. Sachsen bis Stausee;51.6058333;12.4608333;v_gewaesser.fid-36945e2d_19febabadac_6de9;MultiPolygon;YES
7-120-22;Mulde von ca. 750m oberhalb Wehr;Anhalt-Bitterfeld;Mulde von ca. 750m oberhalb Wehr Jeßnitz bis Einmündung Mühlgraben;51.68;12.32;v_gewaesser.fid-36945e2d_19febabadac_6a09;MultiPolygon;YES
7-120-23;Mulde von ca. 500m oberhalb Brücke;Anhalt-Bitterfeld;Mulde von ca. 500m oberhalb Brücke bis Brücke Raghun;51.71;12.3;v_gewaesser.fid-36945e2d_19febabadac_6e0e;MultiPolygon;YES
7-120-32;Luthers Linde Muldenstein;Anhalt-Bitterfeld;Luthers Linde Muldenstein;51.67;12.34;v_gewaesser.fid-36945e2d_19febabadac_6cb7;MultiPolygon;YES
7-120-34;Alte Mulde in Friedersdorf;Anhalt-Bitterfeld;Alte Mulde in Friedersdorf;51.645;12.345;v_gewaesser.fid-36945e2d_19febabadac_6d7f;MultiPolygon;YES
7-400-01;Alte Elbe bei Dornburg;Anhalt-Bitterfeld;Alte Elbe bei Dornburg/Elbumflut von Alte Fähre bis Einmündung neue Ehle;52.05;11.8;v_gewaesser.fid-36945e2d_19febabadac_6d58;MultiPolygon;YES
8-183-02;Elbe von km 244, 5 - km 248, 3 linksseitig;Wittenberg;Elbe von km 244,5-248,3 linksseitig;51.8666667;12.3366667;v_gewaesser.fid-36945e2d_19febabadac_6a0c;MultiPolygon;YES
8-183-06;Alter Graben Wörlitz;Wittenberg;Alter Graben Wörlitz;51.84;12.45;v_gewaesser.fid-36945e2d_19febabadac_6d34;MultiPolygon;YES
8-183-07;Am Fließgraben-Diestelsee bei Wörlitz;Wittenberg;Am Fließgraben-Diestelsee bei Wörlitz;51.85;12.43;v_gewaesser.fid-36945e2d_19febabadac_6d35;MultiPolygon;YES
8-183-08;Fuhrtgraben bei Wörlitz;Wittenberg;Fuhrtgraben bei Wörlitz;51.84;12.41;v_gewaesser.fid-36945e2d_19febabadac_6d36;MultiPolygon;YES
8-183-13;Kapengraben von ehem. B107 bis zur;Wittenberg;Kapengraben von ehem. B107 bis zur Straßenbrücke Waldersee-Vockerode;51.8166667;12.4066667;v_gewaesser.fid-36945e2d_19febabadac_6a0d;MultiPolygon;YES
8-183-14;Fließgraben von Straßenbrücke;Wittenberg;Fließgraben;51.8566667;12.4133333;v_gewaesser.fid-36945e2d_19febabadac_6a0e;MultiPolygon;YES
8-183-16;Hauptgraben von Wörlitz bis Kakau;Wittenberg;Hauptgraben von Wörlitz bis Kakau;51.83;12.45;v_gewaesser.fid-36945e2d_19febabadac_6d38;MultiPolygon;YES
8-250-06;Schweinitzer Fließ von Landesgrenze bis A, B, Bl, H, Pl, Ro, S 9,50 Einlauf Morgengraben bei Zwuschen/Dixförda;Wittenberg;Schweinitzer Fließ von Landesgrenze bis Einlauf Morgengraben bei Zwuschen/Dixförda;51.8133333;13.0666667;v_gewaesser.fid-36945e2d_19febabadac_6a0f;MultiPolygon;YES
8-250-12;Neugraben von Landesgrenze bis;Wittenberg;Neugraben von Landesgrenze bis Mündung in die Schwarze Elster;51.74;13.03;v_gewaesser.fid-36945e2d_19febabadac_6da8;MultiPolygon;YES
8-250-13;Landlache vom Plossiger Graben bis;Wittenberg;Landlache vom Plossiger Graben bis Mündung in die Schwarze Elster;51.74;12.93;v_gewaesser.fid-36945e2d_19febabadac_6a15;MultiPolygon;YES
8-251-01;Kiestagebau Elbekies bei Prettin;Wittenberg;Kiestagebau Elbekies bei Prettin;51.675;12.885;v_gewaesser.fid-36945e2d_19febabadac_6d3c;MultiPolygon;YES
8-251-03;Elbe km 168, 2 - km 182, 0 rechtss.;Wittenberg;Elbe km 168,2-182,0;51.6666667;12.8966667;v_gewaesser.fid-36945e2d_19febabadac_69d5;MultiPolygon;YES
8-252-01;Alte Elbe in Iserbegka bei Elster;Wittenberg;Alte Elbe in Iserbegka bei Elster;51.84;12.79;v_gewaesser.fid-36945e2d_19febabadac_6b84;MultiPolygon;YES
8-460-02;Brauteich, Schloßgraben und;Wittenberg;Brauteich, Schloßgraben und Dorfteich in Kropstädt;51.96;12.74;v_gewaesser.fid-36945e2d_19febabadac_6d60;MultiPolygon;YES
8-460-22;1. Brücke, Graben zum großen Loch;Wittenberg;1. Brücke, Graben zum großen Loch;51.85;12.64;v_gewaesser.fid-36945e2d_19febabadac_6caa;MultiPolygon;YES
8-460-25;Streng (Alte Elbe Bleesern) bei Seegrehna;Wittenberg;Streng (Alte Elbe Bleesern) bei Seegrehna;51.85;12.55;v_gewaesser.fid-36945e2d_19febabadac_6cfb;MultiPolygon;YES
8-460-38;Fließgraben vom Wachsdorfer;Wittenberg;Fließgraben vom Wachsdorfer Wehr bis Kreisgrenze;51.82;12.58;v_gewaesser.fid-36945e2d_19febabadac_6a16;MultiPolygon;YES
8-460-41;Tiefe Lache mit Graben und Loch;Wittenberg;Tiefe Lache mit Graben und Loch bei Seegrehna;51.86;12.53;v_gewaesser.fid-36945e2d_19febabadac_6ba3;MultiPolygon;YES
8-460-42;Krummer See (Bodemar) bei Seegrehna;Wittenberg;Krummer See (Bodemar) bei Seegrehna;51.85;12.55;v_gewaesser.fid-36945e2d_19febabadac_6ba4;MultiPolygon;YES
8-460-53;Alte Elbe Merschwitz;Wittenberg;Alte Elbe Merschwitz;51.73;12.79;v_gewaesser.fid-36945e2d_19febabadac_6bae;MultiPolygon;YES
8-460-56;Booser Graben vom Booser Riß zur Elbe;Wittenberg;;;;;;NO
9-150-15;Mittelgraben v. Stollengraben bis;Mansfeld-Südharz;Mittelgraben v. Stollengraben bis Schöpfwerk Wansleben;51.4766667;11.7333333;v_gewaesser.fid-36945e2d_19febabadac_6a17;MultiPolygon;YES
9-150-17;Südlicher Ringkanal von;Mansfeld-Südharz;Südlicher Ringkanal von Einleitstelle Romonta zwischen Unterröblingen und Amsdorf bis zur Salza;51.48;11.74;v_gewaesser.fid-36945e2d_19febabadac_6ddf;MultiPolygon;YES
9-390-04;Toter Arm „Eichgraben“ bei Wallhausen;Mansfeld-Südharz;Toter Arm „Eichgraben“ bei Wallhausen;51.45;11.21;v_gewaesser.fid-36945e2d_19febabadac_6cf3;MultiPolygon;YES
9-390-17;Mühlgraben vom Wehr Hornissenberg;Mansfeld-Südharz;Mühlgraben vom Wehr Hornissenberg bis Einmündung in die Helme;51.46;11.07;v_gewaesser.fid-36945e2d_19febabadac_6a18;MultiPolygon;YES
10-210-09;Mühlgraben von Saalealtarm Hohen-;Saalekreis;Mühlgraben;51.43;11.92;v_gewaesser.fid-36945e2d_19febabadac_6de6;MultiPolygon;YES
10-290-13;Saale-Leipzig-Kanal;Saalekreis;Saale-Leipzig-Kanal Km 7,55-7,71/8,53-10,48/10,83-10,95/11,08-11,21;51.35;12.16;v_gewaesser.fid-36945e2d_19febabadac_69ac;MultiPolygon;YES
10-290-14;Saale im Altkreis Merseburg;Saalekreis;Saale im Altkreis Merseburg (Oberwasser Wehr Bad Dürrenberg bis Straßenbrücke B91);51.3616667;12.0125;v_gewaesser.fid-36945e2d_19febabadac_69a9;MultiPolygon;YES
10-290-16;Kanal Wüsteneutsch km 1, 32 - 1, 62;Saalekreis;Kanal Wüsteneutsch km 1,32 - 1,62;51.33;12.07;v_gewaesser.fid-36945e2d_19febabadac_69a6;MultiPolygon;YES
10-290-25;Umgehungskanal Merseburg;Saalekreis;Umgehungskanal Merseburg;51.36;12.01;v_gewaesser.fid-36945e2d_19febabadac_6e27;MultiPolygon;YES
10-290-26;Saalealtarm Leuna;Saalekreis;Saalealtarm Leuna;51.33;12.03;v_gewaesser.fid-36945e2d_19febabadac_6e03;MultiPolygon;YES
10-370-17;Saale vom Trompeterfelsen;Saalekreis;Saale vom Trompeterfelsen zwischen Halle und Brachwitz bis zur Kreisgrenze Salzlandkreis;51.567619;11.8309524;v_gewaesser.fid-36945e2d_19febabadac_69b3;MultiPolygon;YES
10-370-20;Saalealtarm Dobis – NSG beachten-;Saalekreis;Saalealtarm Dobis;51.62;11.75;v_gewaesser.fid-36945e2d_19febabadac_6bfb;MultiPolygon;YES
10-370-27;Saalealtarm Stollen Wettin;Saalekreis;Saalealtarm Stollen Wettin;51.6;11.77;v_gewaesser.fid-36945e2d_19febabadac_6bff;MultiPolygon;YES
10-370-45;Teich am Rodelberg;Saalekreis;Teich am Rodelberg;51.5;12.17;v_gewaesser.fid-36945e2d_19febabadac_6c0b;MultiPolygon;YES
11-300-06;Saale von Landesgrenze Thüringen;Burgenlandkreis;Saale von Landesgrenze Thüringen bis Eisenbahnbrücke bei Eulau;51.1583333;11.8116667;v_gewaesser.fid-36945e2d_19febabadac_69b0;MultiPolygon;YES
11-300-07;Kl. Saale v. Bad Kösen b. Almrich;Burgenlandkreis;Kl. Saale v. Bad Kösen b. Almrich;51.14;11.75;v_gewaesser.fid-36945e2d_19febabadac_6e30;MultiPolygon;YES
11-310-01;Unstrutaltarm bei Memleben/;Burgenlandkreis;Unstrutaltarm bei MemlebenWendelstein;51.28;11.46;v_gewaesser.fid-36945e2d_19febabadac_6c16;MultiPolygon;YES
11-310-03;Restarm der Unstrut unter der Katzel;Burgenlandkreis;Restarm der Unstrut unter der Katzel bei Reinsdorf;51.29;11.61;v_gewaesser.fid-36945e2d_19febabadac_6ced;MultiPolygon;YES
11-310-04;Unstrutflutkanal von Landesgrenze;Burgenlandkreis;Unstrutflutkanal von Landesgrenze bis Mündung in die Unstrut;51.27;11.46;v_gewaesser.fid-36945e2d_19febabadac_69b6;MultiPolygon;YES
11-310-05;Unstrut von Landesgrenze Thüringen;Burgenlandkreis;Unstrut von Landesgrenze bis zur Mündung in die Saale;51.2344444;11.6577778;v_gewaesser.fid-36945e2d_19febabadac_6e31;MultiPolygon;YES
11-440-02;Saale von Eisenbahnbrücke bei Eulau;Burgenlandkreis;Saale von Eisenbahnbrücke bei Eulau bis Kleinkorbetha beidseitig und von Kleinkorbetha bis Einlauf Schleusengraben Bad Dürrenberg rechtsseitig;51.2322222;11.9944444;v_gewaesser.fid-36945e2d_19febabadac_69f3;MultiPolygon;YES
11-440-05;Alter Saalearm Uichteritz;Burgenlandkreis;Alter Saalearm Uichteritz;51.2;11.92;v_gewaesser.fid-36945e2d_19febabadac_6c19;MultiPolygon;YES
11-443-01;Saale von Kleinkorbetha bis Einlauf;Burgenlandkreis;Alte Saale Tebnitz;51.27;12.04;v_gewaesser.fid-36945e2d_19febabadac_6c1a;MultiPolygon;YES
11-443-02;Alte Saale Tebnitz – NSG beachten!;Burgenlandkreis;Saale von Kleinkorbetha bis Einlauf Schleusengraben Bad Dürrenberg linksseitig;51.27;12.05;v_gewaesser.fid-36945e2d_19febabadac_6d82;MultiPolygon;YES
11-480-14;Elstermühlgraben Elsteraue;Burgenlandkreis;Elstermühlgraben Elsteraue;51.08;12.18;v_gewaesser.fid-36945e2d_19febabadac_69bb;MultiPolygon;YES
11-480-15;Elstermühlgraben Zeitz;Burgenlandkreis;Elstermühlgraben Zeitz;51.05;12.13;v_gewaesser.fid-36945e2d_19febabadac_6e4d;MultiPolygon;YES
11-480-17;Elstermühlgraben;Burgenlandkreis;Elstermühlgraben Rossner Wehr/Obermühle;51.04;12.11;v_gewaesser.fid-36945e2d_19febabadac_6d83;MultiPolygon;YES
11-482-02;Mühlgraben Wetterzeube;Burgenlandkreis;Mühlgraben Wetterzeube;51.0;12.02;v_gewaesser.fid-36945e2d_19febabadac_69b7;MultiPolygon;YES
11-482-03;Mühlgraben Göbitz-Ostrau;Burgenlandkreis;Mühlgraben Göbitz-Ostrau;51.09;12.19;v_gewaesser.fid-36945e2d_19febabadac_69b8;MultiPolygon;YES
11-482-05;Floßgraben von LG Thüringen bis;Burgenlandkreis;Floßgraben von LG Thüringen bis Abschlagbauwerk Uthmig;51.01;12.01;v_gewaesser.fid-36945e2d_19febabadac_6d70;MultiPolygon;YES
12-140-07;Mulde von ca. 150 m unterhalb Abzweig A, B, Bl, D, H, Pl, 20,00 Jonitzer Mulde bis Tiergartenbrücke und Q, Z von unterhalb Brücke B185 bis 250m oberhalb Einmündung Jonitzer Mulde und von Einmündung Lorkgraben bis Tannenhägerbrücke sowie Jonitzer Mulde von Abzweig aus der Mulde bis oberhalb Brücke Jonitzer Mühle;Dessau-Roßlau;Mulde;51.83;12.26;v_gewaesser.fid-36945e2d_19febabadac_6de4;MultiPolygon;YES
13-280-02;Mittellandkanal (Toter Arm);Magdeburg;Mittellandkanal (Toter Arm) von km 318,4 bis km 320,10;52.23;11.66;v_gewaesser.fid-36945e2d_19febabadac_6e4a;MultiPolygon;YES
13-280-03;Rothenseer Verbindungskanal;Magdeburg;Rothenseer Verbindungskanal von km 1,35 bis km 3,93;52.2133333;11.6833333;v_gewaesser.fid-36945e2d_19febabadac_6e38;MultiPolygon;YES
13-280-18;Alte Elbe Kreuzhorst;Magdeburg;Alte Elbe Kreuzhorst;52.0866667;11.6833333;v_gewaesser.fid-36945e2d_19febabadac_6d6d;MultiPolygon;YES
13-280-23;Elbe und Alte Elbe;Magdeburg;Elbe und Alte Elbe von km 320-334;52.1270175;11.6638596;v_gewaesser.fid-36945e2d_19febabadac_69b9;MultiPolygon;YES
13-280-24;Zollelbe vom Elb-km 325,60 – 327,40;Magdeburg;Zollelbe vom Elb-km 325,60 - 327,40;52.1233333;11.6466667;v_gewaesser.fid-36945e2d_19febabadac_6e39;MultiPolygon;YES
13-280-28;Schleusenkanal ehem. Doppelschleuse;Magdeburg;Schleusenkanal ehem. Doppelschleuse mit Schutzhafen von km 329,9 bis km 332,8;52.17;11.68;v_gewaesser.fid-36945e2d_19febabadac_6d4c;MultiPolygon;YES
13-400-05;Gelbes Loch bei Randau;Magdeburg;Gelbes Loch bei Randau;52.05;11.73;v_gewaesser.fid-36945e2d_19febabadac_6c9d;MultiPolygon;YES
13-400-06;Alte Elbe bei Randau/Calenberge;Magdeburg;Alte Elbe bei Randau/Calenberge;52.07;11.73;v_gewaesser.fid-36945e2d_19febabadac_6d44;MultiPolygon;YES
14-210-01;Saalealtarm Hohenweiden;Halle;Saalealtarm Hohenweiden;51.415;11.945;v_gewaesser.fid-36945e2d_19febabadac_6de5;MultiPolygon;YES
14-210-12;Untere Aue (Neuer Kanal);Halle;Untere Aue (Neuer Kanal);51.47;11.94;v_gewaesser.fid-36945e2d_19febabadac_6c4b;MultiPolygon;YES
14-210-16;Saale von Straßenbrücke B 91;Halle;Saale von Straßenbrücke B 91 bis zum Trompeterfelsen zwischen Halle und Brachwitz;51.4764103;11.9451282;v_gewaesser.fid-36945e2d_19febabadac_6d3b;MultiPolygon;YES
14-210-17;Umgehungskanal Halle (Alter Kanal);Halle;Umgehungskanal Halle (Alter Kanal);51.4533333;11.9266667;v_gewaesser.fid-36945e2d_19febabadac_6d74;MultiPolygon;YES
