lavNumber;catalogName;atlasName;featureId;latitude;longitude;geometryType;status;reason
1-160-04;Stadtgraben in Gardelegen;Stadtgraben in Gardelegen;v_gewaesser.fid-36945e2d_19febabadac_6d23;52.53;11.39;MultiPolygon;AUTO_WHOLE_FEATURE;"keine explizite Teilstrecken-Grenze im Katalog; offizielles Feature kann vollständig verwendet werden"
1-160-06;Wilhelmskanal von Straße;Wilhelmskanal von Straße Taterebrg-Miestehorst bis Mündung in die Ohre;v_gewaesser.fid-36945e2d_19febabadac_69a0;52.45;11.14;MultiPolygon;LOCKED;bereits vorhanden/bestätigt
1-160-14;Milde von Gardelegen-;Milde;v_gewaesser.fid-36945e2d_19febabadac_6d66;52.61;11.39;MultiPolygon;REVIEW_BOUNDARY;Abschnittsgrenze muss aus offizieller Beschreibung bestimmt werden
1-160-16;Untere Milde von Wegebrücke;Untere Milde von Wegebrücke Kahrstedt/Karritz bis Mündung in die Milde;v_gewaesser.fid-36945e2d_19febabadac_69a1;52.7;11.48;MultiPolygon;REVIEW_BOUNDARY;Abschnittsgrenze muss aus offizieller Beschreibung bestimmt werden
1-160-18;Untere Milde von Straßenbrücke;Untere Milde von Straßenbrücke Wustrewe/Zethlingen bis Winkelstedt;v_gewaesser.fid-36945e2d_19febabadac_69a2;52.6866667;11.3266667;MultiPolygon;REVIEW_BOUNDARY;Abschnittsgrenze muss aus offizieller Beschreibung bestimmt werden
1-160-20;Königsgraben vom Abschlag;Königsgraben vom Abschlag Schenkenhorst bis Mündung in die Milde;v_gewaesser.fid-36945e2d_19febabadac_69a3;52.64;11.41;MultiPolygon;REVIEW_BOUNDARY;Abschnittsgrenze muss aus offizieller Beschreibung bestimmt werden
1-160-22;Secantsgraben von Str.-Br. Kalbe/M. –;Secantsgraben von Str.-Br. Kalbe/M. – Neuendorf a. D. bis Mündung in die Milde;v_gewaesser.fid-36945e2d_19febabadac_69a4;52.66;11.45;MultiPolygon;LOCKED;bereits vorhanden/bestätigt
1-161-01;Teich am Anglerheim (Burggraben);Teich am Anglerheim (Burggraben) in Kalbe/Milde;v_gewaesser.fid-36945e2d_19febabadac_6d32;52.65;11.39;MultiPolygon;AUTO_WHOLE_FEATURE;"keine explizite Teilstrecken-Grenze im Katalog; offizielles Feature kann vollständig verwendet werden"
1-161-02;Milde von Kalbe (Straßenbrücke);Milde von Kalbe (Straßenbrücke) bis Eimündung des Secantsgraben;v_gewaesser.fid-36945e2d_19febabadac_6dda;52.6633334;11.4566667;MultiPolygon;REVIEW_BOUNDARY;Abschnittsgrenze muss aus offizieller Beschreibung bestimmt werden
1-161-03;Untere Milde von Winkelstedt;Untere Milde von Winkelstedt bis Brücke Kahrstedt-Karritz;v_gewaesser.fid-36945e2d_19febabadac_69a7;52.6733333;11.3533333;MultiPolygon;REVIEW_BOUNDARY;Abschnittsgrenze muss aus offizieller Beschreibung bestimmt werden
1-260-03;Wasserbecken am Schlammgraben;Wasserbecken am Schlammgraben bei Kusey;v_gewaesser.fid-36945e2d_19febabadac_6a1e;52.55;11.1;MultiPolygon;AUTO_WHOLE_FEATURE;"keine explizite Teilstrecken-Grenze im Katalog; offizielles Feature kann vollständig verwendet werden"
1-260-11;Jeetze von Dorfstraße im Amt;Jeetze von Dorfstraße im Amt Dambeck bis Landesgrenze;v_gewaesser.fid-36945e2d_19febabadac_6da3;52.8488889;11.1633333;MultiPolygon;LOCKED;bereits vorhanden/bestätigt
1-260-14;Ohre in Steimke;Ohre in Steimke;v_gewaesser.fid-36945e2d_19febabadac_6c89;52.58;10.98;MultiPolygon;LOCKED;bereits vorhanden/bestätigt
1-260-15;Ohre in Jahrstedt;Ohre in Jahrstedt;v_gewaesser.fid-36945e2d_19febabadac_6c8b;52.56;10.98;MultiPolygon;LOCKED;bereits vorhanden/bestätigt
1-260-20;Untere Milde Cheinitz;Untere Milde Cheinitz;v_gewaesser.fid-36945e2d_19febabadac_69a5;52.7;11.27;MultiPolygon;AUTO_WHOLE_FEATURE;"keine explizite Teilstrecken-Grenze im Katalog; offizielles Feature kann vollständig verwendet werden"
1-260-22;Moorgraben Cheinitz/Brüchau;Moorgraben Cheinitz/Brüchau;v_gewaesser.fid-36945e2d_19febabadac_6d6c;52.7;11.23;MultiPolygon;AUTO_WHOLE_FEATURE;"keine explizite Teilstrecken-Grenze im Katalog; offizielles Feature kann vollständig verwendet werden"
1-380-13;Jeetze bei Dambeck;Jeetze bei Dambeck;v_gewaesser.fid-36945e2d_19febabadac_6d53;52.79;11.16;MultiPolygon;LOCKED;bereits vorhanden/bestätigt
1-380-16;Kalter Graben bei Wallstawe;Kalter Graben bei Wallstawe bis Mündung in die Dumme;v_gewaesser.fid-36945e2d_19febabadac_6d55;52.8;11.0;MultiPolygon;AUTO_WHOLE_FEATURE;"keine explizite Teilstrecken-Grenze im Katalog; offizielles Feature kann vollständig verwendet werden"
1-381-01;Flöt- und Mühlgraben bei Mechau;Flöt- und Mühlgraben bei Mechau;v_gewaesser.fid-36945e2d_19febabadac_6c7a;52.86;11.36;MultiPolygon;AUTO_WHOLE_FEATURE;"keine explizite Teilstrecken-Grenze im Katalog; offizielles Feature kann vollständig verwendet werden"
2-160-02;Secantsgraben von Straßenbrücke;Secantsgraben von Straßenbrücke Lindstedt/Holzhausen bis Straßenbrücke Kalbe/Neuendorf am Damm;v_gewaesser.fid-36945e2d_19febabadac_69bd;52.61;11.48;MultiPolygon;LOCKED;bereits vorhanden/bestätigt
2-220-10;Eichenschlenke bei Havelberg;Eichenschlenke bei Havelberg;v_gewaesser.fid-36945e2d_19febabadac_6a2f;52.82;12.04;MultiPolygon;AUTO_WHOLE_FEATURE;"keine explizite Teilstrecken-Grenze im Katalog; offizielles Feature kann vollständig verwendet werden"
2-220-11;Kampierung bei Havelberg;Kampierung bei Havelberg;v_gewaesser.fid-36945e2d_19febabadac_6c7f;52.82;12.04;MultiPolygon;AUTO_WHOLE_FEATURE;"keine explizite Teilstrecken-Grenze im Katalog; offizielles Feature kann vollständig verwendet werden"
2-220-12;Große Wiesenschlenke bei Havelberg;Große Wiesenschlenke bei Havelberg;v_gewaesser.fid-36945e2d_19febabadac_6c80;52.82;12.04;MultiPolygon;AUTO_WHOLE_FEATURE;"keine explizite Teilstrecken-Grenze im Katalog; offizielles Feature kann vollständig verwendet werden"
2-220-13;Hornings Bracke bei Havelberg;Hornings Bracke bei Havelberg;v_gewaesser.fid-36945e2d_19febabadac_6cf8;52.82;12.04;MultiPolygon;AUTO_WHOLE_FEATURE;"keine explizite Teilstrecken-Grenze im Katalog; offizielles Feature kann vollständig verwendet werden"
2-220-14;Kühnsches Loch bei Havelberg;Kühnsches Loch bei Havelberg;v_gewaesser.fid-36945e2d_19febabadac_6c7e;52.82;12.04;MultiPolygon;AUTO_WHOLE_FEATURE;"keine explizite Teilstrecken-Grenze im Katalog; offizielles Feature kann vollständig verwendet werden"
2-220-15;Karpfenlöcher bei Havelberg;Karpfenlöcher bei Havelberg;v_gewaesser.fid-36945e2d_19febabadac_6cf9;52.81;12.04;MultiPolygon;AUTO_WHOLE_FEATURE;"keine explizite Teilstrecken-Grenze im Katalog; offizielles Feature kann vollständig verwendet werden"
2-220-18;Elbe km 428-431 rechtsseitig;Elbe km 428-431 rechtsseitig;v_gewaesser.fid-36945e2d_19febabadac_69be;52.8755555;11.9855556;MultiPolygon;REVIEW_BOUNDARY;Abschnittsgrenze muss aus offizieller Beschreibung bestimmt werden
2-220-20;Garzer See in Havelberg;Garzer See in Havelberg;v_gewaesser.fid-36945e2d_19febabadac_6c57;52.75;12.21;MultiPolygon;AUTO_WHOLE_FEATURE;"keine explizite Teilstrecken-Grenze im Katalog; offizielles Feature kann vollständig verwendet werden"
2-330-11;Alte Elbe und Gänsebrink;Alte Elbe und Gänsebrink Berge/Sandauer Holz;v_gewaesser.fid-36945e2d_19febabadac_6a37;52.81;11.99;MultiPolygon;AUTO_WHOLE_FEATURE;"keine explizite Teilstrecken-Grenze im Katalog; offizielles Feature kann vollständig verwendet werden"
2-330-12;Binnengewässer links der Elbe;Binnengewässer links der Elbe bei Pappelhagen;v_gewaesser.fid-36945e2d_19febabadac_6c7c;52.95;11.81;MultiPolygon;AUTO_WHOLE_FEATURE;"keine explizite Teilstrecken-Grenze im Katalog; offizielles Feature kann vollständig verwendet werden"
2-330-14;Elbe von km 428 - 454 linksseitig;Elbe von km 428 - 454;v_gewaesser.fid-36945e2d_19febabadac_69bf;52.908;11.882;MultiPolygon;REVIEW_BOUNDARY;Abschnittsgrenze muss aus offizieller Beschreibung bestimmt werden
2-330-29;Bodenentnahmestelle Losenrade 1;Bodenentnahmestelle Losenrade 1;v_gewaesser.fid-36945e2d_19febabadac_6c73;52.96;11.77;MultiPolygon;AUTO_WHOLE_FEATURE;"keine explizite Teilstrecken-Grenze im Katalog; offizielles Feature kann vollständig verwendet werden"
2-330-30;Bodenentnahmestelle Krüden;Bodenentnahmestelle Krüden;v_gewaesser.fid-36945e2d_19febabadac_6c74;52.95;11.69;MultiPolygon;AUTO_WHOLE_FEATURE;"keine explizite Teilstrecken-Grenze im Katalog; offizielles Feature kann vollständig verwendet werden"
2-332-01;Milde/Biese von Einmündung des;Milde/Biese von Einmündung des Secantsgrabens (bei Butterhorst) bis Einmündung des Augrabens (b. Gladigau);v_gewaesser.fid-36945e2d_19febabadac_6d1f;52.73;11.52;MultiPolygon;REVIEW_BOUNDARY;Abschnittsgrenze muss aus offizieller Beschreibung bestimmt werden
2-334-01;Bleichwehl bei Werben/Elbe;Bleichwehl bei Werben/Elbe;v_gewaesser.fid-36945e2d_19febabadac_6a3d;52.86;12.0;MultiPolygon;AUTO_WHOLE_FEATURE;"keine explizite Teilstrecken-Grenze im Katalog; offizielles Feature kann vollständig verwendet werden"
2-334-02;Marschners Loch bei Werben/Elbe;Marschners Loch bei Werben/Elbe;v_gewaesser.fid-36945e2d_19febabadac_6a3e;52.87;12.0;MultiPolygon;AUTO_WHOLE_FEATURE;"keine explizite Teilstrecken-Grenze im Katalog; offizielles Feature kann vollständig verwendet werden"
2-420-08;Elbe km 392 - 402 linksseitig;Elbe km 392 - 402;v_gewaesser.fid-36945e2d_19febabadac_69c7;52.6238889;12.0061111;MultiPolygon;REVIEW_BOUNDARY;Abschnittsgrenze muss aus offizieller Beschreibung bestimmt werden
2-421-01;Dollgraben;Dollgraben;v_gewaesser.fid-36945e2d_19febabadac_69c8;52.45;11.79;MultiPolygon;LOCKED;bereits vorhanden/bestätigt
2-421-11;Elbe km 372, 4 – km 378 linksseitig;Elbe km 372, 4 - km 378 linksseitig;v_gewaesser.fid-36945e2d_19febabadac_69ca;52.425;11.985;MultiPolygon;REVIEW_BOUNDARY;Abschnittsgrenze muss aus offizieller Beschreibung bestimmt werden
2-422-12;Elbe km 386-392 beidseitig, km 391-392;Elbe km 386-392 beidseitig;v_gewaesser.fid-36945e2d_19febabadac_69cb;52.5533333;11.9813333;MultiPolygon;REVIEW_BOUNDARY;Abschnittsgrenze muss aus offizieller Beschreibung bestimmt werden
3-200-08;Mühlenteich Bodendorf bei Süplingen;Mühlenteich Bodendorf bei Süplingen;v_gewaesser.fid-36945e2d_19febabadac_6a5b;52.29;11.29;MultiPolygon;AUTO_WHOLE_FEATURE;"keine explizite Teilstrecken-Grenze im Katalog; offizielles Feature kann vollständig verwendet werden"
3-200-13;Hofteich Bodendorf;Hofteich Bodendorf;v_gewaesser.fid-36945e2d_19febabadac_6a5c;52.29;11.29;MultiPolygon;AUTO_WHOLE_FEATURE;"keine explizite Teilstrecken-Grenze im Katalog; offizielles Feature kann vollständig verwendet werden"
3-200-33;Mittelllandkanal Bereich;Mittelllandkanal Bereich Haldensleben;v_gewaesser.fid-36945e2d_19febabadac_69d0;52.3213333;11.3606667;MultiPolygon;AUTO_WHOLE_FEATURE;"keine explizite Teilstrecken-Grenze im Katalog; offizielles Feature kann vollständig verwendet werden"
3-200-34;Ohre von Straßenbrücke Calvörde;Ohre von Straßenbrücke Calvörde bis Vahlsdorfer Brücke;v_gewaesser.fid-36945e2d_19febabadac_6dd2;52.3116667;11.4;MultiPolygon;LOCKED;bereits vorhanden/bestätigt
3-261-01;Mittellandkanal Bereich Oebisfelde;Mittellandkanal Bereich Oebisfelde;v_gewaesser.fid-36945e2d_19febabadac_69d9;52.4448718;11.1184615;MultiPolygon;AUTO_WHOLE_FEATURE;"keine explizite Teilstrecken-Grenze im Katalog; offizielles Feature kann vollständig verwendet werden"
3-261-05;Landgraben bei Oebisfelde;Landgraben bei Oebisfelde;v_gewaesser.fid-36945e2d_19febabadac_69db;52.41;11.0;MultiPolygon;LOCKED;bereits vorhanden/bestätigt
3-430-08;Bode von Einmündung des Mühl-;Bode von Einmündung des Mühlgrabens an der Bodebrücke Hadmersleben bis Wehr Egeln-Nord (Oberwasser);v_gewaesser.fid-36945e2d_19febabadac_69cd;51.99;11.38;MultiPolygon;LOCKED;bereits vorhanden/bestätigt
3-470-06;Mittellandkanal Bereich Wolmirstedt;Mittellandkanal Bereich Wolmirstedt;v_gewaesser.fid-36945e2d_19febabadac_69dc;52.23;11.57;MultiPolygon;AUTO_WHOLE_FEATURE;"keine explizite Teilstrecken-Grenze im Katalog; offizielles Feature kann vollständig verwendet werden"
3-470-17;Ohre von Vahldorfer Brücke bis;Ohre von Vahldorfer Brücke bis Ortsgrenze Wolmirstedt;v_gewaesser.fid-36945e2d_19febabadac_69dd;52.26;11.55;MultiPolygon;LOCKED;bereits vorhanden/bestätigt
3-470-26;Ohre von Wolmirstedt bis Elbmündung;Ohre von Wolmirstedt bis Elbmündung;v_gewaesser.fid-36945e2d_19febabadac_69de;52.2933333;11.7133333;MultiPolygon;LOCKED;bereits vorhanden/bestätigt
3-470-27;Mittellandkanal km 320, 10 – 321, 10;Mittellandkanal km 320,10 – km 321,10;v_gewaesser.fid-36945e2d_19febabadac_69df;52.23;11.68;MultiPolygon;LOCKED;bereits vorhanden/bestätigt
3-472-05;Ohre Stadgebiet Wolmirstedt;Ohre Stadgebiet Wolmirstedt;v_gewaesser.fid-36945e2d_19febabadac_6a98;52.25;11.62;MultiPolygon;LOCKED;bereits vorhanden/bestätigt
4-130-01;Alte Elbe Lostau;Alte Elbe Lostau;v_gewaesser.fid-36945e2d_19febabadac_6a99;52.2066667;11.7266667;MultiPolygon;AUTO_WHOLE_FEATURE;"keine explizite Teilstrecken-Grenze im Katalog; offizielles Feature kann vollständig verwendet werden"
4-130-15;Elbe-Havel-Kanal km 326, 67- km 344;Elbe-Havel-Kanal km326, 67-km344;v_gewaesser.fid-36945e2d_19febabadac_69e0;52.2833333;11.8446667;MultiPolygon;LOCKED;bereits vorhanden/bestätigt
4-130-18;Elbe km 334-350 beidseitig;Elbe km 334-350 beidseitig;v_gewaesser.fid-36945e2d_19febabadac_69e1;52.2690476;11.7380952;MultiPolygon;REVIEW_BOUNDARY;Abschnittsgrenze muss aus offizieller Beschreibung bestimmt werden
4-130-24;Niegripper Verbindungskanal;Niegripper Verbindungskanal von km 0, 95 - km 1, 60;v_gewaesser.fid-36945e2d_19febabadac_69e6;52.25;11.73;MultiPolygon;LOCKED;bereits vorhanden/bestätigt
4-130-31;Alte Elbe bei Niegripp;Alte Elbe bei Niegripp;v_gewaesser.fid-36945e2d_19febabadac_6d6a;52.29;11.77;MultiPolygon;AUTO_WHOLE_FEATURE;"keine explizite Teilstrecken-Grenze im Katalog; offizielles Feature kann vollständig verwendet werden"
4-130-32;Niegripper Altkanal (Teilfläche);Niegripper Altkanal;v_gewaesser.fid-36945e2d_19febabadac_6a14;52.2733333;11.7933333;MultiPolygon;LOCKED;bereits vorhanden/bestätigt
4-130-36;Mittellandkanal km 322,82 - km 324,46 A, Bl, K, Pl, Z 5,31 Nordufer;Mittellandkanal km 322,82-km 324,6 nur Nordufer;v_gewaesser.fid-36945e2d_19febabadac_6e46;52.2366667;11.7233333;MultiPolygon;LOCKED;bereits vorhanden/bestätigt
4-170-01;Lehmkuhlengraben bei Parchen;Lehmkuhlengraben bei Parchen;v_gewaesser.fid-36945e2d_19febabadac_69e7;52.36;12.06;MultiPolygon;AUTO_WHOLE_FEATURE;"keine explizite Teilstrecken-Grenze im Katalog; offizielles Feature kann vollständig verwendet werden"
4-170-04;Mühlengraben bei Mützel;Mühlengraben bei Mützel;v_gewaesser.fid-36945e2d_19febabadac_69e8;52.39;12.17;MultiPolygon;AUTO_WHOLE_FEATURE;"keine explizite Teilstrecken-Grenze im Katalog; offizielles Feature kann vollständig verwendet werden"
4-170-08;Altenplatower-Altkanal;Altenplatower-Altkanal km 360 - km 361, 5;v_gewaesser.fid-36945e2d_19febabadac_69e9;52.42;12.13;MultiPolygon;AUTO_WHOLE_FEATURE;"keine explizite Teilstrecken-Grenze im Katalog; offizielles Feature kann vollständig verwendet werden"
4-170-09;Roßdorfer Altkanal km 0, 0 bis;Roßdorfer Altkanal km 0, 0 bis Brücke Dunkelforth (B1) am Nordufer;v_gewaesser.fid-36945e2d_19febabadac_69ea;52.42;12.2;MultiPolygon;REVIEW_BOUNDARY;Abschnittsgrenze muss aus offizieller Beschreibung bestimmt werden
4-170-12;Torschiffahrtskanal vom Wehr Mützel bis A, B, Bl, H, Pl, Qu 3,00 zur Mündung in den Fiener Haupvorfluter;Torschiffahrtskanal vom Wehr Mützel bis zur Mündung in den Fiener Haupvorfluter;v_gewaesser.fid-36945e2d_19febabadac_69ec;52.37;12.18;MultiPolygon;REVIEW_BOUNDARY;Abschnittsgrenze muss aus offizieller Beschreibung bestimmt werden
4-170-14;Hauptstremme vom Roßdorfer Altkanal A, B, Bl, H, Pl, S 8,00 bis zur Einmündung des Galmer Grabens;Hauptstremme vom Roßdorfer Altkanal bis zur Einmündung des Galmer Grabens;v_gewaesser.fid-36945e2d_19febabadac_69ed;52.48;12.25;MultiPolygon;REVIEW_BOUNDARY;Abschnittsgrenze muss aus offizieller Beschreibung bestimmt werden
4-170-15;Schlagenthiner Stremme vom Roßdorfer A, B, Bl, H, Pl, S 7,00 Altkanal bis zur Hauptstremme;Schlagenthiner Stremme vom Roßdorfer Altkanal bis zur Hauptstremme;v_gewaesser.fid-36945e2d_19febabadac_69ee;52.45;12.25;MultiPolygon;REVIEW_BOUNDARY;Abschnittsgrenze muss aus offizieller Beschreibung bestimmt werden
4-170-16;Elbe-Havel-Kanal von km 360 bis 364, 5 A, B, Bl, H, K, 71,92 (Brücke B1 Ortsausgang Genthin) und;Elbe-Havel-Kanal von km 360 bis 364, 5 (Brücke B1 Ortsausgang Genthin) und von km 365, 7 (Einmündung Neuer Graben) bis km 372, 8;v_gewaesser.fid-36945e2d_19febabadac_69ef;52.4;12.21;MultiPolygon;LOCKED;bereits vorhanden/bestätigt
4-171-03;Mühlenlanke-Herrenseegraben bei Parey;Mühlenlanke-Herrenseegraben bei Parey;v_gewaesser.fid-36945e2d_19febabadac_6c83;52.37;11.96;MultiPolygon;AUTO_WHOLE_FEATURE;"keine explizite Teilstrecken-Grenze im Katalog; offizielles Feature kann vollständig verwendet werden"
4-171-05;Alte Elbe mit Tunnel und;Alte Elbe mit Tunnel und Königsdamm bei Parey;v_gewaesser.fid-36945e2d_19febabadac_6d31;52.38;11.95;MultiPolygon;AUTO_WHOLE_FEATURE;"keine explizite Teilstrecken-Grenze im Katalog; offizielles Feature kann vollständig verwendet werden"
4-171-12;Baggerelbe bei Derben;Baggerelbe bei Derben;v_gewaesser.fid-36945e2d_19febabadac_6dea;52.42;11.99;MultiPolygon;LOCKED;bereits vorhanden/bestätigt
4-171-14;Stromelbe von km 372,4;Stromelbe von km 372, 4 bis km 378 bei Derben rechtsseitg;v_gewaesser.fid-36945e2d_19febabadac_69f1;52.435;11.995;MultiPolygon;REVIEW_BOUNDARY;Abschnittsgrenze muss aus offizieller Beschreibung bestimmt werden
4-171-15;Pareyer Verbindungskanal;Pareyer Verbindungskanal von km 0, 0, bis km 3, 54;v_gewaesser.fid-36945e2d_19febabadac_69ce;52.4033333;11.9733333;MultiPolygon;LOCKED;bereits vorhanden/bestätigt
4-171-21;Erdegraben bei Parey;Erdegraben bei Parey;v_gewaesser.fid-36945e2d_19febabadac_69f5;52.4;11.95;MultiPolygon;AUTO_WHOLE_FEATURE;"keine explizite Teilstrecken-Grenze im Katalog; offizielles Feature kann vollständig verwendet werden"
4-171-26;Elbe-Havel-Kanal von km 344 bis km 353;Elbe-Havel-Kanal von km 344 bis km 353;v_gewaesser.fid-36945e2d_19febabadac_69d4;52.3666667;11.99;MultiPolygon;LOCKED;bereits vorhanden/bestätigt
4-172-01;Elbe-Havel-Kanal von km 364,5;Elbe-Havel-Kanal von km 364, 5 (Brücke B1 Ortsausgang Genthin bis km 365, 7 (Einmündung Neuer Graben);v_gewaesser.fid-36945e2d_19febabadac_69f6;52.4033333;12.1933333;MultiPolygon;LOCKED;bereits vorhanden/bestätigt
4-172-03;Roßdorfer Altkanal von;Roßdorfer Altkanal von Brücke Dunkelforth (B1) bis zur Einmündung in den EHK;v_gewaesser.fid-36945e2d_19febabadac_69f7;52.41;12.23;MultiPolygon;REVIEW_BOUNDARY;Abschnittsgrenze muss aus offizieller Beschreibung bestimmt werden
4-173-01;Bergzower Altkanal vom Abzweig;Bergzower Altkanal vom Abzweig H-Kanal km 355, 15 Südufer;v_gewaesser.fid-36945e2d_19febabadac_69f8;52.41;12.05;MultiPolygon;REVIEW_BOUNDARY;Abschnittsgrenze muss aus offizieller Beschreibung bestimmt werden
4-173-02;Elbe-Havel-Kanal von km 353 - km 360;Elbe-Havel-Kanal von km 353 bis km 360;v_gewaesser.fid-36945e2d_19febabadac_6d01;52.41;12.07;MultiPolygon;LOCKED;bereits vorhanden/bestätigt
5-190-03;Bode vom Einlauf des Goldbaches;Bode vom Einlauf des Goldbaches bis Straßenbrücke Deesdorf;v_gewaesser.fid-36945e2d_19febabadac_69f9;51.91;11.18;MultiPolygon;LOCKED;bereits vorhanden/bestätigt
5-190-06;Großer Graben vom Zusammenfluss;Großer Graben vom Zusammenfluss Schiffgraben und Aue bis zur Straßenbrücke zwischen Aderstedt und Gunsleben;v_gewaesser.fid-36945e2d_19febabadac_69fa;52.06;10.89;MultiPolygon;REVIEW_BOUNDARY;Abschnittsgrenze muss aus offizieller Beschreibung bestimmt werden
5-340-06;Hauptseegraben von Kreisgrenze;Hauptseegraben von Kreisgrenze Salzlandkreis bis Mündung in die Selke;v_gewaesser.fid-36945e2d_19febabadac_69fe;51.83;11.28;MultiPolygon;LOCKED;bereits vorhanden/bestätigt
5-340-09;Bode vom Einlauf des Quarmbaches;Bode vom Einlauf des Quarmbaches bis zur Selkemündung bei Rodersdorf;v_gewaesser.fid-36945e2d_19febabadac_69fd;51.7966667;11.1633333;MultiPolygon;LOCKED;bereits vorhanden/bestätigt
5-340-13;Selke von Kreisgrenze;Selke von Kreisgrenze Salzlandkreis bis Mündung in Bode;v_gewaesser.fid-36945e2d_19febabadac_69ff;51.85;11.25;MultiPolygon;LOCKED;bereits vorhanden/bestätigt
5-340-20;Mühlgraben Thale 0,25;;;;;;UNMATCHED;keine offizielle Angelatlas-Verknüpfung
6-100-07;Hauptseegraben von Einmündung;Hauptseegraben von Einmündung des Grabens aus Wilsleben bis Tagebaurestloch Königsaue;v_gewaesser.fid-36945e2d_19febabadac_6e47;51.7966667;11.4;MultiPolygon;REVIEW_BOUNDARY;Abschnittsgrenze muss aus offizieller Beschreibung bestimmt werden
6-110-12;Saalealtarm zwischen Plötzkau;Saalealtarm zwischen Plötzkau und Großwirschleben;v_gewaesser.fid-36945e2d_19febabadac_6aea;51.74;11.7;MultiPolygon;AUTO_WHOLE_FEATURE;"keine explizite Teilstrecken-Grenze im Katalog; offizielles Feature kann vollständig verwendet werden"
6-110-13;Saalealtarm Aderstedt;Saalealtarm Aderstedt;v_gewaesser.fid-36945e2d_19febabadac_6ae7;51.78;11.7;MultiPolygon;LOCKED;bereits vorhanden/bestätigt
6-110-14;Saale von Kreisgrenze Saalekreis bis;Saale im Altkreis Bernburg;v_gewaesser.fid-36945e2d_19febabadac_6af0;51.725;11.7283333;MultiPolygon;LOCKED;bereits vorhanden/bestätigt
6-110-17;Saalealtarm Gnölbzig;Saalealtarm Gnölbzig;v_gewaesser.fid-36945e2d_19febabadac_6aed;51.6733333;11.7233333;MultiPolygon;AUTO_WHOLE_FEATURE;"keine explizite Teilstrecken-Grenze im Katalog; offizielles Feature kann vollständig verwendet werden"
6-110-18;Fuhne vom Viadukt bei Kleinwirschleben A, B, Bl, H, K, Pl, Ro 4,00 bis Mündung in die Saale;Fuhne vom Viadukt bei Kleinwirschleben bis Mündung in die Saale;v_gewaesser.fid-36945e2d_19febabadac_6a00;51.7766667;11.7766667;MultiPolygon;LOCKED;bereits vorhanden/bestätigt
6-111-04;Bode vom Beginn des Mühlgrabens;Bode;v_gewaesser.fid-36945e2d_19febabadac_6d7a;51.83;11.73;MultiPolygon;LOCKED;bereits vorhanden/bestätigt
6-111-05;Saalealtarm Nienburg;Saalealtarm Nienburg;v_gewaesser.fid-36945e2d_19febabadac_6afa;51.84;11.79;MultiPolygon;AUTO_WHOLE_FEATURE;"keine explizite Teilstrecken-Grenze im Katalog; offizielles Feature kann vollständig verwendet werden"
6-111-13;Saale von Einmündung der Fuhne bis;Saale von Fuhnemündung bis Ortslage Wispitz;v_gewaesser.fid-36945e2d_19febabadac_69f0;51.865;11.765;MultiPolygon;LOCKED;bereits vorhanden/bestätigt
6-112-03;Saalealtarm Lesewitz bei Plötzkau;Saalealtarm Lesewitz bei Plötzkau;v_gewaesser.fid-36945e2d_19febabadac_6afb;51.75;11.7;MultiPolygon;AUTO_WHOLE_FEATURE;"keine explizite Teilstrecken-Grenze im Katalog; offizielles Feature kann vollständig verwendet werden"
6-400-20;Saale im Altkreis Schönebeck;Saale im Altkreis Schönebeck;v_gewaesser.fid-36945e2d_19febabadac_6a02;51.9088889;11.8244444;MultiPolygon;LOCKED;bereits vorhanden/bestätigt
6-400-22;Elbe von km 305 - km 320 beidseitig;Elbe von km 305-320 beidseitig;v_gewaesser.fid-36945e2d_19febabadac_6a03;52.0316667;11.735;MultiPolygon;REVIEW_BOUNDARY;Abschnittsgrenze muss aus offizieller Beschreibung bestimmt werden
6-400-24;Saalealtarm Tippelskirchen;Saalealtarm Tippelskirchen von km 22,2 - 23,3;v_gewaesser.fid-36945e2d_19febabadac_6b0d;51.89;11.78;MultiPolygon;AUTO_WHOLE_FEATURE;"keine explizite Teilstrecken-Grenze im Katalog; offizielles Feature kann vollständig verwendet werden"
6-400-30;Küchenpfuhl Elbenau;Küchenpfuhl Elbenau;v_gewaesser.fid-36945e2d_19febabadac_6c9f;52.04;11.76;MultiPolygon;AUTO_WHOLE_FEATURE;"keine explizite Teilstrecken-Grenze im Katalog; offizielles Feature kann vollständig verwendet werden"
6-400-33;Stilles Wasser Elbenau;Stilles Wasser Elbenau;v_gewaesser.fid-36945e2d_19febabadac_6c9e;52.05;11.75;MultiPolygon;AUTO_WHOLE_FEATURE;"keine explizite Teilstrecken-Grenze im Katalog; offizielles Feature kann vollständig verwendet werden"
6-400-35;Elbealtarm Grünewalde;Elbealtarm Grünewalde;v_gewaesser.fid-36945e2d_19febabadac_6b14;52.03;11.73;MultiPolygon;AUTO_WHOLE_FEATURE;"keine explizite Teilstrecken-Grenze im Katalog; offizielles Feature kann vollständig verwendet werden"
6-400-41;Salinekanal Schönebeck;Salinekanal Schönebeck;v_gewaesser.fid-36945e2d_19febabadac_6a01;52.02;11.75;MultiPolygon;AUTO_WHOLE_FEATURE;"keine explizite Teilstrecken-Grenze im Katalog; offizielles Feature kann vollständig verwendet werden"
6-400-45;Götzenthiegraben;Götzenthiegraben;v_gewaesser.fid-36945e2d_19febabadac_6ce5;52.0;11.73;MultiPolygon;AUTO_WHOLE_FEATURE;"keine explizite Teilstrecken-Grenze im Katalog; offizielles Feature kann vollständig verwendet werden"
6-401-08;Landgraben von Einmündung des;Landgraben von Einmündung des Laufgrabens bis zur Mündung in die Taube;v_gewaesser.fid-36945e2d_19febabadac_6a04;51.8966667;11.8933333;MultiPolygon;REVIEW_BOUNDARY;Abschnittsgrenze muss aus offizieller Beschreibung bestimmt werden
6-402-02;Barbyer Landgraben von;Barbyer Landgraben von Bahnhofsstraße bis Mündung in die Elbe;v_gewaesser.fid-36945e2d_19febabadac_6a06;51.99;11.87;MultiPolygon;REVIEW_BOUNDARY;Abschnittsgrenze muss aus offizieller Beschreibung bestimmt werden
6-402-07;Saale von Werkleitz bis Elbmündung;;;;;;LOCKED;bereits vorhanden/bestätigt
6-410-14;Bode vom Wehr Egeln-Nord;Bode vom Wehr Egeln-Nord (Unterwasser) bis zur Stappenbrücke Wolmirsleben;v_gewaesser.fid-36945e2d_19febabadac_6a07;51.95;11.46;MultiPolygon;LOCKED;bereits vorhanden/bestätigt
6-410-15;Bode vom Wehr Rothenförde;Bode vom Wehr Rothenförde (Unterwasser) bis Mühlengraben Neugattersleben;v_gewaesser.fid-36945e2d_19febabadac_6e11;51.9033333;11.5266667;MultiPolygon;LOCKED;bereits vorhanden/bestätigt
6-410-19;Mühlgraben von Egeln-Nord;Mühlgraben von Egeln-Nord bis zur Gemarkungsgrenze Egeln/Tarthun;v_gewaesser.fid-36945e2d_19febabadac_69b5;51.94;11.44;MultiPolygon;REVIEW_BOUNDARY;Abschnittsgrenze muss aus offizieller Beschreibung bestimmt werden
7-120-01;Alte Mulde bei Rösa;Alte Mulde bei Rösa;v_gewaesser.fid-36945e2d_19febabadac_6e23;51.61;12.53;MultiPolygon;AUTO_WHOLE_FEATURE;"keine explizite Teilstrecken-Grenze im Katalog; offizielles Feature kann vollständig verwendet werden"
7-120-04;Alte Mulde Roitzschjora;Alte Mulde Roitzschjora;v_gewaesser.fid-36945e2d_19febabadac_6d2b;51.59;12.49;MultiPolygon;AUTO_WHOLE_FEATURE;"keine explizite Teilstrecken-Grenze im Katalog; offizielles Feature kann vollständig verwendet werden"
7-120-06;Unterer Ziegeleiteich Muldenstein;Unterer Ziegeleiteich Muldenstein;v_gewaesser.fid-36945e2d_19febabadac_6e2f;51.66;12.34;MultiPolygon;AUTO_WHOLE_FEATURE;"keine explizite Teilstrecken-Grenze im Katalog; offizielles Feature kann vollständig verwendet werden"
7-120-13;Muldestausee;Muldestausee;v_gewaesser.fid-36945e2d_19febabadac_6ddc;51.6419608;12.4013725;MultiPolygon;AUTO_WHOLE_FEATURE;"keine explizite Teilstrecken-Grenze im Katalog; offizielles Feature kann vollständig verwendet werden"
7-120-19;Lober-Leine-Kanal;Lober-Leine-Kanal;v_gewaesser.fid-36945e2d_19febabadac_6a08;51.59;12.41;MultiPolygon;LOCKED;bereits vorhanden/bestätigt
7-120-21;Mulde v. Landesgr. Sachsen bis Stausee,;Mulde v. Landesgr. Sachsen bis Stausee;v_gewaesser.fid-36945e2d_19febabadac_6de9;51.6058333;12.4608333;MultiPolygon;LOCKED;bereits vorhanden/bestätigt
7-120-22;Mulde von ca. 750m oberhalb Wehr;Mulde von ca. 750m oberhalb Wehr Jeßnitz bis Einmündung Mühlgraben;v_gewaesser.fid-36945e2d_19febabadac_6a09;51.68;12.32;MultiPolygon;LOCKED;bereits vorhanden/bestätigt
7-120-23;Mulde von ca. 500m oberhalb Brücke;Mulde von ca. 500m oberhalb Brücke bis Brücke Raghun;v_gewaesser.fid-36945e2d_19febabadac_6e0e;51.71;12.3;MultiPolygon;LOCKED;bereits vorhanden/bestätigt
7-120-32;Luthers Linde Muldenstein;Luthers Linde Muldenstein;v_gewaesser.fid-36945e2d_19febabadac_6cb7;51.67;12.34;MultiPolygon;AUTO_WHOLE_FEATURE;"keine explizite Teilstrecken-Grenze im Katalog; offizielles Feature kann vollständig verwendet werden"
7-120-34;Alte Mulde in Friedersdorf;Alte Mulde in Friedersdorf;v_gewaesser.fid-36945e2d_19febabadac_6d7f;51.645;12.345;MultiPolygon;AUTO_WHOLE_FEATURE;"keine explizite Teilstrecken-Grenze im Katalog; offizielles Feature kann vollständig verwendet werden"
7-400-01;Alte Elbe bei Dornburg;Alte Elbe bei Dornburg/Elbumflut von Alte Fähre bis Einmündung neue Ehle;v_gewaesser.fid-36945e2d_19febabadac_6d58;52.05;11.8;MultiPolygon;AUTO_WHOLE_FEATURE;"keine explizite Teilstrecken-Grenze im Katalog; offizielles Feature kann vollständig verwendet werden"
8-183-02;Elbe von km 244, 5 - km 248, 3 linksseitig;Elbe von km 244,5-248,3 linksseitig;v_gewaesser.fid-36945e2d_19febabadac_6a0c;51.8666667;12.3366667;MultiPolygon;REVIEW_BOUNDARY;Abschnittsgrenze muss aus offizieller Beschreibung bestimmt werden
8-183-06;Alter Graben Wörlitz;Alter Graben Wörlitz;v_gewaesser.fid-36945e2d_19febabadac_6d34;51.84;12.45;MultiPolygon;AUTO_WHOLE_FEATURE;"keine explizite Teilstrecken-Grenze im Katalog; offizielles Feature kann vollständig verwendet werden"
8-183-07;Am Fließgraben-Diestelsee bei Wörlitz;Am Fließgraben-Diestelsee bei Wörlitz;v_gewaesser.fid-36945e2d_19febabadac_6d35;51.85;12.43;MultiPolygon;AUTO_WHOLE_FEATURE;"keine explizite Teilstrecken-Grenze im Katalog; offizielles Feature kann vollständig verwendet werden"
8-183-08;Fuhrtgraben bei Wörlitz;Fuhrtgraben bei Wörlitz;v_gewaesser.fid-36945e2d_19febabadac_6d36;51.84;12.41;MultiPolygon;AUTO_WHOLE_FEATURE;"keine explizite Teilstrecken-Grenze im Katalog; offizielles Feature kann vollständig verwendet werden"
8-183-13;Kapengraben von ehem. B107 bis zur;Kapengraben von ehem. B107 bis zur Straßenbrücke Waldersee-Vockerode;v_gewaesser.fid-36945e2d_19febabadac_6a0d;51.8166667;12.4066667;MultiPolygon;LOCKED;bereits vorhanden/bestätigt
8-183-14;Fließgraben von Straßenbrücke;Fließgraben;v_gewaesser.fid-36945e2d_19febabadac_6a0e;51.8566667;12.4133333;MultiPolygon;LOCKED;bereits vorhanden/bestätigt
8-183-16;Hauptgraben von Wörlitz bis Kakau;Hauptgraben von Wörlitz bis Kakau;v_gewaesser.fid-36945e2d_19febabadac_6d38;51.83;12.45;MultiPolygon;REVIEW_BOUNDARY;Abschnittsgrenze muss aus offizieller Beschreibung bestimmt werden
8-250-06;Schweinitzer Fließ von Landesgrenze bis A, B, Bl, H, Pl, Ro, S 9,50 Einlauf Morgengraben bei Zwuschen/Dixförda;Schweinitzer Fließ von Landesgrenze bis Einlauf Morgengraben bei Zwuschen/Dixförda;v_gewaesser.fid-36945e2d_19febabadac_6a0f;51.8133333;13.0666667;MultiPolygon;LOCKED;bereits vorhanden/bestätigt
8-250-12;Neugraben von Landesgrenze bis;Neugraben von Landesgrenze bis Mündung in die Schwarze Elster;v_gewaesser.fid-36945e2d_19febabadac_6da8;51.74;13.03;MultiPolygon;LOCKED;bereits vorhanden/bestätigt
8-250-13;Landlache vom Plossiger Graben bis;Landlache vom Plossiger Graben bis Mündung in die Schwarze Elster;v_gewaesser.fid-36945e2d_19febabadac_6a15;51.74;12.93;MultiPolygon;REVIEW_BOUNDARY;Abschnittsgrenze muss aus offizieller Beschreibung bestimmt werden
8-251-01;Kiestagebau Elbekies bei Prettin;Kiestagebau Elbekies bei Prettin;v_gewaesser.fid-36945e2d_19febabadac_6d3c;51.675;12.885;MultiPolygon;AUTO_WHOLE_FEATURE;"keine explizite Teilstrecken-Grenze im Katalog; offizielles Feature kann vollständig verwendet werden"
8-251-03;Elbe km 168, 2 - km 182, 0 rechtss.;Elbe km 168,2-182,0;v_gewaesser.fid-36945e2d_19febabadac_69d5;51.6666667;12.8966667;MultiPolygon;REVIEW_BOUNDARY;Abschnittsgrenze muss aus offizieller Beschreibung bestimmt werden
8-252-01;Alte Elbe in Iserbegka bei Elster;Alte Elbe in Iserbegka bei Elster;v_gewaesser.fid-36945e2d_19febabadac_6b84;51.84;12.79;MultiPolygon;AUTO_WHOLE_FEATURE;"keine explizite Teilstrecken-Grenze im Katalog; offizielles Feature kann vollständig verwendet werden"
8-460-02;Brauteich, Schloßgraben und;Brauteich, Schloßgraben und Dorfteich in Kropstädt;v_gewaesser.fid-36945e2d_19febabadac_6d60;51.96;12.74;MultiPolygon;AUTO_WHOLE_FEATURE;"keine explizite Teilstrecken-Grenze im Katalog; offizielles Feature kann vollständig verwendet werden"
8-460-22;1. Brücke, Graben zum großen Loch;1. Brücke, Graben zum großen Loch;v_gewaesser.fid-36945e2d_19febabadac_6caa;51.85;12.64;MultiPolygon;REVIEW_BOUNDARY;Abschnittsgrenze muss aus offizieller Beschreibung bestimmt werden
8-460-25;Streng (Alte Elbe Bleesern) bei Seegrehna;Streng (Alte Elbe Bleesern) bei Seegrehna;v_gewaesser.fid-36945e2d_19febabadac_6cfb;51.85;12.55;MultiPolygon;AUTO_WHOLE_FEATURE;"keine explizite Teilstrecken-Grenze im Katalog; offizielles Feature kann vollständig verwendet werden"
8-460-38;Fließgraben vom Wachsdorfer;Fließgraben vom Wachsdorfer Wehr bis Kreisgrenze;v_gewaesser.fid-36945e2d_19febabadac_6a16;51.82;12.58;MultiPolygon;REVIEW_BOUNDARY;Abschnittsgrenze muss aus offizieller Beschreibung bestimmt werden
8-460-41;Tiefe Lache mit Graben und Loch;Tiefe Lache mit Graben und Loch bei Seegrehna;v_gewaesser.fid-36945e2d_19febabadac_6ba3;51.86;12.53;MultiPolygon;AUTO_WHOLE_FEATURE;"keine explizite Teilstrecken-Grenze im Katalog; offizielles Feature kann vollständig verwendet werden"
8-460-42;Krummer See (Bodemar) bei Seegrehna;Krummer See (Bodemar) bei Seegrehna;v_gewaesser.fid-36945e2d_19febabadac_6ba4;51.85;12.55;MultiPolygon;AUTO_WHOLE_FEATURE;"keine explizite Teilstrecken-Grenze im Katalog; offizielles Feature kann vollständig verwendet werden"
8-460-53;Alte Elbe Merschwitz;Alte Elbe Merschwitz;v_gewaesser.fid-36945e2d_19febabadac_6bae;51.73;12.79;MultiPolygon;AUTO_WHOLE_FEATURE;"keine explizite Teilstrecken-Grenze im Katalog; offizielles Feature kann vollständig verwendet werden"
8-460-56;Booser Graben vom Booser Riß zur Elbe;;;;;;UNMATCHED;keine offizielle Angelatlas-Verknüpfung
9-150-15;Mittelgraben v. Stollengraben bis;Mittelgraben v. Stollengraben bis Schöpfwerk Wansleben;v_gewaesser.fid-36945e2d_19febabadac_6a17;51.4766667;11.7333333;MultiPolygon;REVIEW_BOUNDARY;Abschnittsgrenze muss aus offizieller Beschreibung bestimmt werden
9-150-17;Südlicher Ringkanal von;Südlicher Ringkanal von Einleitstelle Romonta zwischen Unterröblingen und Amsdorf bis zur Salza;v_gewaesser.fid-36945e2d_19febabadac_6ddf;51.48;11.74;MultiPolygon;REVIEW_BOUNDARY;Abschnittsgrenze muss aus offizieller Beschreibung bestimmt werden
9-390-04;Toter Arm „Eichgraben“ bei Wallhausen;Toter Arm „Eichgraben“ bei Wallhausen;v_gewaesser.fid-36945e2d_19febabadac_6cf3;51.45;11.21;MultiPolygon;AUTO_WHOLE_FEATURE;"keine explizite Teilstrecken-Grenze im Katalog; offizielles Feature kann vollständig verwendet werden"
9-390-17;Mühlgraben vom Wehr Hornissenberg;Mühlgraben vom Wehr Hornissenberg bis Einmündung in die Helme;v_gewaesser.fid-36945e2d_19febabadac_6a18;51.46;11.07;MultiPolygon;REVIEW_BOUNDARY;Abschnittsgrenze muss aus offizieller Beschreibung bestimmt werden
10-210-09;Mühlgraben von Saalealtarm Hohen-;Mühlgraben;v_gewaesser.fid-36945e2d_19febabadac_6de6;51.43;11.92;MultiPolygon;REVIEW_BOUNDARY;Abschnittsgrenze muss aus offizieller Beschreibung bestimmt werden
10-290-13;Saale-Leipzig-Kanal;Saale-Leipzig-Kanal Km 7,55-7,71/8,53-10,48/10,83-10,95/11,08-11,21;v_gewaesser.fid-36945e2d_19febabadac_69ac;51.35;12.16;MultiPolygon;AUTO_WHOLE_FEATURE;"keine explizite Teilstrecken-Grenze im Katalog; offizielles Feature kann vollständig verwendet werden"
10-290-14;Saale im Altkreis Merseburg;Saale im Altkreis Merseburg (Oberwasser Wehr Bad Dürrenberg bis Straßenbrücke B91);v_gewaesser.fid-36945e2d_19febabadac_69a9;51.3616667;12.0125;MultiPolygon;LOCKED;bereits vorhanden/bestätigt
10-290-16;Kanal Wüsteneutsch km 1, 32 - 1, 62;Kanal Wüsteneutsch km 1,32 - 1,62;v_gewaesser.fid-36945e2d_19febabadac_69a6;51.33;12.07;MultiPolygon;REVIEW_BOUNDARY;Abschnittsgrenze muss aus offizieller Beschreibung bestimmt werden
10-290-25;Umgehungskanal Merseburg;Umgehungskanal Merseburg;v_gewaesser.fid-36945e2d_19febabadac_6e27;51.36;12.01;MultiPolygon;AUTO_WHOLE_FEATURE;"keine explizite Teilstrecken-Grenze im Katalog; offizielles Feature kann vollständig verwendet werden"
10-290-26;Saalealtarm Leuna;Saalealtarm Leuna;v_gewaesser.fid-36945e2d_19febabadac_6e03;51.33;12.03;MultiPolygon;AUTO_WHOLE_FEATURE;"keine explizite Teilstrecken-Grenze im Katalog; offizielles Feature kann vollständig verwendet werden"
10-370-17;Saale vom Trompeterfelsen;Saale vom Trompeterfelsen zwischen Halle und Brachwitz bis zur Kreisgrenze Salzlandkreis;v_gewaesser.fid-36945e2d_19febabadac_69b3;51.567619;11.8309524;MultiPolygon;LOCKED;bereits vorhanden/bestätigt
10-370-20;Saalealtarm Dobis – NSG beachten-;Saalealtarm Dobis;v_gewaesser.fid-36945e2d_19febabadac_6bfb;51.62;11.75;MultiPolygon;AUTO_WHOLE_FEATURE;"keine explizite Teilstrecken-Grenze im Katalog; offizielles Feature kann vollständig verwendet werden"
10-370-27;Saalealtarm Stollen Wettin;Saalealtarm Stollen Wettin;v_gewaesser.fid-36945e2d_19febabadac_6bff;51.6;11.77;MultiPolygon;AUTO_WHOLE_FEATURE;"keine explizite Teilstrecken-Grenze im Katalog; offizielles Feature kann vollständig verwendet werden"
10-370-45;Teich am Rodelberg;Teich am Rodelberg;v_gewaesser.fid-36945e2d_19febabadac_6c0b;51.5;12.17;MultiPolygon;AUTO_WHOLE_FEATURE;"keine explizite Teilstrecken-Grenze im Katalog; offizielles Feature kann vollständig verwendet werden"
11-300-06;Saale von Landesgrenze Thüringen;Saale von Landesgrenze Thüringen bis Eisenbahnbrücke bei Eulau;v_gewaesser.fid-36945e2d_19febabadac_69b0;51.1583333;11.8116667;MultiPolygon;LOCKED;bereits vorhanden/bestätigt
11-300-07;Kl. Saale v. Bad Kösen b. Almrich;Kl. Saale v. Bad Kösen b. Almrich;v_gewaesser.fid-36945e2d_19febabadac_6e30;51.14;11.75;MultiPolygon;AUTO_WHOLE_FEATURE;"keine explizite Teilstrecken-Grenze im Katalog; offizielles Feature kann vollständig verwendet werden"
11-310-01;Unstrutaltarm bei Memleben/;Unstrutaltarm bei MemlebenWendelstein;v_gewaesser.fid-36945e2d_19febabadac_6c16;51.28;11.46;MultiPolygon;AUTO_WHOLE_FEATURE;"keine explizite Teilstrecken-Grenze im Katalog; offizielles Feature kann vollständig verwendet werden"
11-310-03;Restarm der Unstrut unter der Katzel;Restarm der Unstrut unter der Katzel bei Reinsdorf;v_gewaesser.fid-36945e2d_19febabadac_6ced;51.29;11.61;MultiPolygon;AUTO_WHOLE_FEATURE;"keine explizite Teilstrecken-Grenze im Katalog; offizielles Feature kann vollständig verwendet werden"
11-310-04;Unstrutflutkanal von Landesgrenze;Unstrutflutkanal von Landesgrenze bis Mündung in die Unstrut;v_gewaesser.fid-36945e2d_19febabadac_69b6;51.27;11.46;MultiPolygon;REVIEW_BOUNDARY;Abschnittsgrenze muss aus offizieller Beschreibung bestimmt werden
11-310-05;Unstrut von Landesgrenze Thüringen;Unstrut von Landesgrenze bis zur Mündung in die Saale;v_gewaesser.fid-36945e2d_19febabadac_6e31;51.2344444;11.6577778;MultiPolygon;LOCKED;bereits vorhanden/bestätigt
11-440-02;Saale von Eisenbahnbrücke bei Eulau;Saale von Eisenbahnbrücke bei Eulau bis Kleinkorbetha beidseitig und von Kleinkorbetha bis Einlauf Schleusengraben Bad Dürrenberg rechtsseitig;v_gewaesser.fid-36945e2d_19febabadac_69f3;51.2322222;11.9944444;MultiPolygon;LOCKED;bereits vorhanden/bestätigt
11-440-05;Alter Saalearm Uichteritz;Alter Saalearm Uichteritz;v_gewaesser.fid-36945e2d_19febabadac_6c19;51.2;11.92;MultiPolygon;AUTO_WHOLE_FEATURE;"keine explizite Teilstrecken-Grenze im Katalog; offizielles Feature kann vollständig verwendet werden"
11-443-01;Saale von Kleinkorbetha bis Einlauf;Alte Saale Tebnitz;v_gewaesser.fid-36945e2d_19febabadac_6c1a;51.27;12.04;MultiPolygon;LOCKED;bereits vorhanden/bestätigt
11-443-02;Alte Saale Tebnitz – NSG beachten!;Saale von Kleinkorbetha bis Einlauf Schleusengraben Bad Dürrenberg linksseitig;v_gewaesser.fid-36945e2d_19febabadac_6d82;51.27;12.05;MultiPolygon;AUTO_WHOLE_FEATURE;"keine explizite Teilstrecken-Grenze im Katalog; offizielles Feature kann vollständig verwendet werden"
11-480-14;Elstermühlgraben Elsteraue;Elstermühlgraben Elsteraue;v_gewaesser.fid-36945e2d_19febabadac_69bb;51.08;12.18;MultiPolygon;AUTO_WHOLE_FEATURE;"keine explizite Teilstrecken-Grenze im Katalog; offizielles Feature kann vollständig verwendet werden"
11-480-15;Elstermühlgraben Zeitz;Elstermühlgraben Zeitz;v_gewaesser.fid-36945e2d_19febabadac_6e4d;51.05;12.13;MultiPolygon;AUTO_WHOLE_FEATURE;"keine explizite Teilstrecken-Grenze im Katalog; offizielles Feature kann vollständig verwendet werden"
11-480-17;Elstermühlgraben;Elstermühlgraben Rossner Wehr/Obermühle;v_gewaesser.fid-36945e2d_19febabadac_6d83;51.04;12.11;MultiPolygon;AUTO_WHOLE_FEATURE;"keine explizite Teilstrecken-Grenze im Katalog; offizielles Feature kann vollständig verwendet werden"
11-482-02;Mühlgraben Wetterzeube;Mühlgraben Wetterzeube;v_gewaesser.fid-36945e2d_19febabadac_69b7;51.0;12.02;MultiPolygon;AUTO_WHOLE_FEATURE;"keine explizite Teilstrecken-Grenze im Katalog; offizielles Feature kann vollständig verwendet werden"
11-482-03;Mühlgraben Göbitz-Ostrau;Mühlgraben Göbitz-Ostrau;v_gewaesser.fid-36945e2d_19febabadac_69b8;51.09;12.19;MultiPolygon;AUTO_WHOLE_FEATURE;"keine explizite Teilstrecken-Grenze im Katalog; offizielles Feature kann vollständig verwendet werden"
11-482-05;Floßgraben von LG Thüringen bis;Floßgraben von LG Thüringen bis Abschlagbauwerk Uthmig;v_gewaesser.fid-36945e2d_19febabadac_6d70;51.01;12.01;MultiPolygon;REVIEW_BOUNDARY;Abschnittsgrenze muss aus offizieller Beschreibung bestimmt werden
12-140-07;Mulde von ca. 150 m unterhalb Abzweig A, B, Bl, D, H, Pl, 20,00 Jonitzer Mulde bis Tiergartenbrücke und Q, Z von unterhalb Brücke B185 bis 250m oberhalb Einmündung Jonitzer Mulde und von Einmündung Lorkgraben bis Tannenhägerbrücke sowie Jonitzer Mulde von Abzweig aus der Mulde bis oberhalb Brücke Jonitzer Mühle;Mulde;v_gewaesser.fid-36945e2d_19febabadac_6de4;51.83;12.26;MultiPolygon;LOCKED;bereits vorhanden/bestätigt
13-280-02;Mittellandkanal (Toter Arm);Mittellandkanal (Toter Arm) von km 318,4 bis km 320,10;v_gewaesser.fid-36945e2d_19febabadac_6e4a;52.23;11.66;MultiPolygon;LOCKED;bereits vorhanden/bestätigt
13-280-03;Rothenseer Verbindungskanal;Rothenseer Verbindungskanal von km 1,35 bis km 3,93;v_gewaesser.fid-36945e2d_19febabadac_6e38;52.2133333;11.6833333;MultiPolygon;LOCKED;bereits vorhanden/bestätigt
13-280-18;Alte Elbe Kreuzhorst;Alte Elbe Kreuzhorst;v_gewaesser.fid-36945e2d_19febabadac_6d6d;52.0866667;11.6833333;MultiPolygon;AUTO_WHOLE_FEATURE;"keine explizite Teilstrecken-Grenze im Katalog; offizielles Feature kann vollständig verwendet werden"
13-280-23;Elbe und Alte Elbe;Elbe und Alte Elbe von km 320-334;v_gewaesser.fid-36945e2d_19febabadac_69b9;52.1270175;11.6638596;MultiPolygon;AUTO_WHOLE_FEATURE;"keine explizite Teilstrecken-Grenze im Katalog; offizielles Feature kann vollständig verwendet werden"
13-280-24;Zollelbe vom Elb-km 325,60 – 327,40;Zollelbe vom Elb-km 325,60 - 327,40;v_gewaesser.fid-36945e2d_19febabadac_6e39;52.1233333;11.6466667;MultiPolygon;REVIEW_BOUNDARY;Abschnittsgrenze muss aus offizieller Beschreibung bestimmt werden
13-280-28;Schleusenkanal ehem. Doppelschleuse;Schleusenkanal ehem. Doppelschleuse mit Schutzhafen von km 329,9 bis km 332,8;v_gewaesser.fid-36945e2d_19febabadac_6d4c;52.17;11.68;MultiPolygon;AUTO_WHOLE_FEATURE;"keine explizite Teilstrecken-Grenze im Katalog; offizielles Feature kann vollständig verwendet werden"
13-400-05;Gelbes Loch bei Randau;Gelbes Loch bei Randau;v_gewaesser.fid-36945e2d_19febabadac_6c9d;52.05;11.73;MultiPolygon;AUTO_WHOLE_FEATURE;"keine explizite Teilstrecken-Grenze im Katalog; offizielles Feature kann vollständig verwendet werden"
13-400-06;Alte Elbe bei Randau/Calenberge;Alte Elbe bei Randau/Calenberge;v_gewaesser.fid-36945e2d_19febabadac_6d44;52.07;11.73;MultiPolygon;AUTO_WHOLE_FEATURE;"keine explizite Teilstrecken-Grenze im Katalog; offizielles Feature kann vollständig verwendet werden"
14-210-01;Saalealtarm Hohenweiden;Saalealtarm Hohenweiden;v_gewaesser.fid-36945e2d_19febabadac_6de5;51.415;11.945;MultiPolygon;AUTO_WHOLE_FEATURE;"keine explizite Teilstrecken-Grenze im Katalog; offizielles Feature kann vollständig verwendet werden"
14-210-12;Untere Aue (Neuer Kanal);Untere Aue (Neuer Kanal);v_gewaesser.fid-36945e2d_19febabadac_6c4b;51.47;11.94;MultiPolygon;AUTO_WHOLE_FEATURE;"keine explizite Teilstrecken-Grenze im Katalog; offizielles Feature kann vollständig verwendet werden"
14-210-16;Saale von Straßenbrücke B 91;Saale von Straßenbrücke B 91 bis zum Trompeterfelsen zwischen Halle und Brachwitz;v_gewaesser.fid-36945e2d_19febabadac_6d3b;51.4764103;11.9451282;MultiPolygon;LOCKED;bereits vorhanden/bestätigt
14-210-17;Umgehungskanal Halle (Alter Kanal);Umgehungskanal Halle (Alter Kanal);v_gewaesser.fid-36945e2d_19febabadac_6d74;51.4533333;11.9266667;MultiPolygon;AUTO_WHOLE_FEATURE;"keine explizite Teilstrecken-Grenze im Katalog; offizielles Feature kann vollständig verwendet werden"
