"id";"lavNumber";"name";"type";"status";"tier";"lat";"lon";"candidateName";"distanceKm";"gap";"nearCount";"veryNearCount";"reason"
"1-160-01-bruders-teich-bei-gardelegen";"1-160-01";"Brüders Teich bei Gardelegen";"Teich";"review";"unnamed-review";"52.5298075";"11.3967719";"";"0.42";"0.003";"23";"1";"Mehrere plausible Wasserobjekte oder kein ausreichender Vorsprung."
"1-160-02-wasserspeicher-luffingen";"1-160-02";"Wasserspeicher Lüffingen";"See";"review";"unnamed-review";"52.5690667";"11.4038551";"";"1.34";"0.124";"0";"0";"Mehrere plausible Wasserobjekte oder kein ausreichender Vorsprung."
"1-160-03-kieskuhle-die-lange-wohrde";"1-160-03";"Kieskuhle (Die lange Wohrde)";"Kiesgrube";"review";"unnamed-review";"52.5298075";"11.3967719";"";"0.42";"0.003";"23";"1";"Mehrere plausible Wasserobjekte oder kein ausreichender Vorsprung."
"1-160-04-stadtgraben-in-gardelegen";"1-160-04";"Stadtgraben in Gardelegen";"Fließgewässer";"review";"flow";"52.5186616";"11.3838142";"";"1.1";"";"";"";"Fließgewässer benötigt Abschnittsprüfung."
"1-160-05-lindenthaler-teich-bei-gardelegen";"1-160-05";"Lindenthaler Teich bei Gardelegen";"Teich";"review";"unnamed-review";"52.5298075";"11.3967719";"";"0.42";"0.003";"23";"1";"Mehrere plausible Wasserobjekte oder kein ausreichender Vorsprung."
"1-160-06-wilhelmskanal-von-strae";"1-160-06";"Wilhelmskanal von Straße";"Fließgewässer";"unmatched";"none";"";"";"";"";"";"";"";"Kein v3-Kandidat."
"1-160-07-rotzen-s-loch-bei-breiteiche";"1-160-07";"Rötzen´s Loch bei Breiteiche";"Teich";"unmatched";"none";"";"";"";"";"";"";"";"Kein v3-Kandidat."
"1-160-08-kiessee-gade-bei-solpke";"1-160-08";"Kiessee Gäde bei Solpke";"Kiesgrube";"review";"unnamed-review";"52.5072174";"11.3007939";"";"0.95";"0";"0";"0";"Mehrere plausible Wasserobjekte oder kein ausreichender Vorsprung."
"1-160-09-5-teiche-am-ipser-weg";"1-160-09";"5 Teiche am Ipser Weg";"Teich";"review";"unnamed-review";"52.5105546";"11.4031394";"";"0.36";"0.009";"7";"0";"Mehrere plausible Wasserobjekte oder kein ausreichender Vorsprung."
"1-160-12-mahlbusen-heidberg-bei-estedt";"1-160-12";"Mahlbusen-Heidberg bei Estedt";"See";"review";"unnamed-review";"52.5774526";"11.3662233";"";"0.35";"0.002";"3";"0";"Mehrere plausible Wasserobjekte oder kein ausreichender Vorsprung."
"1-160-13-forsterteich-bei-jerchel";"1-160-13";"Försterteich bei Jerchel";"Teich";"review";"unnamed-review";"52.4660874";"11.3160803";"";"0.45";"0.141";"1";"0";"Mehrere plausible Wasserobjekte oder kein ausreichender Vorsprung."
"1-160-14-milde-von-gardelegen";"1-160-14";"Milde von Gardelegen-";"Fließgewässer";"review";"flow";"52.5194852";"11.5303351";"";"0.57";"";"";"";"Fließgewässer benötigt Abschnittsprüfung."
"1-160-15-blechbudenteich-bei";"1-160-15";"Blechbudenteich bei";"Teich";"review";"unnamed-review";"52.69358";"11.4673365";"";"1.22";"0.037";"0";"0";"Mehrere plausible Wasserobjekte oder kein ausreichender Vorsprung."
"1-160-16-untere-milde-von-wegebrucke";"1-160-16";"Untere Milde von Wegebrücke";"Fließgewässer";"review";"flow";"52.7047934";"11.5078816";"";"2.52";"";"";"";"Fließgewässer benötigt Abschnittsprüfung."
"1-160-17-kellerbuschteiche-lindstedt";"1-160-17";"Kellerbuschteiche Lindstedt";"Teich";"review";"unnamed-review";"52.5905802";"11.5322808";"";"0.2";"0.004";"4";"2";"Mehrere plausible Wasserobjekte oder kein ausreichender Vorsprung."
"1-160-18-untere-milde-von-straenbrucke";"1-160-18";"Untere Milde von Straßenbrücke";"Fließgewässer";"unmatched";"none";"";"";"";"";"";"";"";"Kein v3-Kandidat."
"1-160-19-teich-faule-breite-bei-letzlingen";"1-160-19";"Teich „Faule Breite“ bei Letzlingen";"Teich";"review";"unnamed-review";"52.4460723";"11.4729848";"";"0.86";"0.007";"1";"0";"Mehrere plausible Wasserobjekte oder kein ausreichender Vorsprung."
"1-160-20-konigsgraben-vom-abschlag";"1-160-20";"Königsgraben vom Abschlag";"Fließgewässer";"review";"flow";"52.7047934";"11.5078816";"";"2.52";"";"";"";"Fließgewässer benötigt Abschnittsprüfung."
"1-160-21-kiesgrube-wernitz";"1-160-21";"Kiesgrube Wernitz";"Kiesgrube";"review";"unnamed-review";"52.4877963";"11.2364454";"";"0.39";"0.048";"1";"0";"Mehrere plausible Wasserobjekte oder kein ausreichender Vorsprung."
"1-160-22-secantsgraben-von-str-br-kalbe-m";"1-160-22";"Secantsgraben von Str.-Br. Kalbe/M. –";"Fließgewässer";"review";"flow";"52.7047934";"11.5078816";"";"2.52";"";"";"";"Fließgewässer benötigt Abschnittsprüfung."
"1-160-23-grube-minna-bei-kassieck";"1-160-23";"Grube Minna bei Kassieck";"Kiesgrube";"review";"unnamed-review";"52.5846956";"11.4873324";"";"0.17";"0.026";"2";"1";"Mehrere plausible Wasserobjekte oder kein ausreichender Vorsprung."
"1-161-01-teich-am-anglerheim-burggraben";"1-161-01";"Teich am Anglerheim (Burggraben)";"Fließgewässer";"review";"flow";"51.773576";"10.7971424";"";"0.04";"";"";"";"Fließgewässer benötigt Abschnittsprüfung."
"1-161-02-milde-von-kalbe-straenbrucke";"1-161-02";"Milde von Kalbe (Straßenbrücke)";"Fließgewässer";"unmatched";"none";"";"";"";"";"";"";"";"Kein v3-Kandidat."
"1-161-03-untere-milde-von-winkelstedt";"1-161-03";"Untere Milde von Winkelstedt";"Fließgewässer";"review";"flow";"52.677317";"11.3072696";"";"0.34";"";"";"";"Fließgewässer benötigt Abschnittsprüfung."
"1-260-01-dorfteich-miesterhorst";"1-260-01";"Dorfteich Miesterhorst";"Teich";"review";"unnamed-review";"52.460807";"11.1415221";"";"0.07";"0.073";"1";"1";"Mehrere plausible Wasserobjekte oder kein ausreichender Vorsprung."
"1-260-02-anglerteiche-apenburg";"1-260-02";"Anglerteiche Apenburg";"Teich";"review";"unnamed-review";"52.7100588";"11.2006718";"";"0.33";"0.006";"6";"2";"Mehrere plausible Wasserobjekte oder kein ausreichender Vorsprung."
"1-260-03-wasserbecken-am-schlammgraben";"1-260-03";"Wasserbecken am Schlammgraben";"Fließgewässer";"review";"flow";"52.5761761";"11.0779017";"";"1.44";"";"";"";"Fließgewässer benötigt Abschnittsprüfung."
"1-260-04-prozebusch-in-dannefeld";"1-260-04";"Prozeßbusch in Dannefeld";"See";"review";"unnamed-review";"52.5076908";"11.1432105";"";"0.23";"0.079";"1";"1";"Mehrere plausible Wasserobjekte oder kein ausreichender Vorsprung."
"1-260-05-sauergrund-bei-dannefeld";"1-260-05";"Sauergrund bei Dannefeld";"See";"review";"unnamed-review";"52.5076908";"11.1432105";"";"0.23";"0.079";"1";"1";"Mehrere plausible Wasserobjekte oder kein ausreichender Vorsprung."
"1-260-07-beregnungsteich-bei-lockstedt";"1-260-07";"Beregnungsteich bei Lockstedt";"Teich";"review";"unnamed-review";"52.6657464";"11.1942592";"";"0.63";"0.045";"1";"0";"Mehrere plausible Wasserobjekte oder kein ausreichender Vorsprung."
"1-260-08-langer-teich-immekath";"1-260-08";"Langer Teich Immekath";"Teich";"review";"unnamed-review";"52.6277652";"11.0816699";"";"0.11";"0.036";"9";"1";"Mehrere plausible Wasserobjekte oder kein ausreichender Vorsprung."
"1-260-09-neues-gewasser-in-klotze";"1-260-09";"Neues Gewässer in Klötze";"See";"review";"unnamed-review";"52.622978";"11.1655101";"";"0.52";"0.019";"2";"0";"Mehrere plausible Wasserobjekte oder kein ausreichender Vorsprung."
"1-260-10-teich-am-ehemaligen";"1-260-10";"Teich am ehemaligen";"Teich";"review";"unnamed-review";"52.6657464";"11.1942592";"";"0.63";"0.045";"1";"0";"Mehrere plausible Wasserobjekte oder kein ausreichender Vorsprung."
"1-260-11-jeetze-von-dorfstrae-im-amt";"1-260-11";"Jeetze von Dorfstraße im Amt";"Fließgewässer";"review";"flow";"52.7859661";"11.1686674";"";"0.45";"";"";"";"Fließgewässer benötigt Abschnittsprüfung."
"1-260-12-alte-badeanstalt-bei-jahrstedt";"1-260-12";"Alte Badeanstalt bei Jahrstedt";"See";"review";"unnamed-review";"52.5633612";"10.9708505";"";"0.44";"0.008";"3";"0";"Mehrere plausible Wasserobjekte oder kein ausreichender Vorsprung."
"1-260-13-dorfteich-steimke";"1-260-13";"Dorfteich Steimke";"Teich";"review";"unnamed-high";"52.58744";"10.963068";"";"0.24";"0.133";"1";"1";"Sehr plausibler unbenannter Kandidat, aber automatische Schwelle knapp nicht erreicht."
"1-260-14-ohre-in-steimke";"1-260-14";"Ohre in Steimke";"Fließgewässer";"review";"flow";"52.6021446";"10.9490976";"Ohre";"1.96";"";"";"";"Fließgewässer benötigt Abschnittsprüfung."
"1-260-15-ohre-in-jahrstedt";"1-260-15";"Ohre in Jahrstedt";"Fließgewässer";"review";"flow";"52.5557359";"10.9815634";"";"0.67";"";"";"";"Fließgewässer benötigt Abschnittsprüfung."
"1-260-16-ehemalige-klarteiche-in-kusey";"1-260-16";"ehemalige Klärteiche in Kusey";"Teich";"review";"unnamed-review";"52.5802866";"11.1015091";"";"0.41";"0.005";"4";"0";"Mehrere plausible Wasserobjekte oder kein ausreichender Vorsprung."
"1-260-17-radestucken-neuekrug";"1-260-17";"Radestücken Neuekrug";"See";"review";"unnamed-review";"52.7786135";"10.8198134";"";"1.3";"0.021";"1";"1";"Mehrere plausible Wasserobjekte oder kein ausreichender Vorsprung."
"1-260-18-dorfteich-dannefeld";"1-260-18";"Dorfteich Dannefeld";"Teich";"review";"unnamed-review";"52.5076908";"11.1432105";"";"0.23";"0.079";"1";"1";"Mehrere plausible Wasserobjekte oder kein ausreichender Vorsprung."
"1-260-19-groe-rothe-neuferchau";"1-260-19";"Große Röthe Neuferchau";"See";"review";"unnamed-review";"52.5785765";"11.0840948";"";"1.36";"0.01";"0";"0";"Mehrere plausible Wasserobjekte oder kein ausreichender Vorsprung."
"1-260-20-untere-milde-cheinitz";"1-260-20";"Untere Milde Cheinitz";"Fließgewässer";"review";"flow";"52.6991031";"11.2520614";"";"0.31";"";"";"";"Fließgewässer benötigt Abschnittsprüfung."
"1-260-21-brookbuschteich-immekath";"1-260-21";"Brookbuschteich Immekath";"Teich";"review";"unnamed-review";"52.6277652";"11.0816699";"";"0.11";"0.036";"9";"1";"Mehrere plausible Wasserobjekte oder kein ausreichender Vorsprung."
"1-260-22-moorgraben-cheinitz-bruchau";"1-260-22";"Moorgraben Cheinitz/Brüchau";"Fließgewässer";"unmatched";"none";"";"";"";"";"";"";"";"Kein v3-Kandidat."
"1-380-01-plattensee-bei-winterfeld";"1-380-01";"Plattensee bei Winterfeld";"See";"review";"unnamed-review";"52.7421551";"11.2416101";"";"0.39";"0.058";"1";"0";"Mehrere plausible Wasserobjekte oder kein ausreichender Vorsprung."
"1-380-02-pfefferteich-bei-salzwedel";"1-380-02";"Pfefferteich bei Salzwedel";"Teich";"review";"unnamed-review";"52.5298075";"11.3967719";"";"0.42";"0.003";"23";"1";"Mehrere plausible Wasserobjekte oder kein ausreichender Vorsprung."
"1-380-03-1-tonstich-in-den-beekwiesen";"1-380-03";"1. Tonstich in den Beekwiesen";"See";"review";"unnamed-review";"52.5298075";"11.3967719";"";"0.42";"0.003";"23";"1";"Mehrere plausible Wasserobjekte oder kein ausreichender Vorsprung."
"1-380-04-brietzer-teiche";"1-380-04";"Brietzer Teiche";"Teich";"unmatched";"none";"";"";"";"";"";"";"";"Kein v3-Kandidat."
"1-380-05-teich-in-langenapel";"1-380-05";"Teich in Langenapel";"Teich";"review";"unnamed-review";"52.8161811";"10.9622902";"";"0.34";"0.002";"4";"1";"Mehrere plausible Wasserobjekte oder kein ausreichender Vorsprung."
