"officialFeatureId";"id";"lavNumber";"name";"type";"result";"score";"distanceM";"nameScore";"groupSize";"winnerMargin";"tier";"reason"
"StandingWater_DESTGEOT00003zoQ";"1-160-01-bruders-teich-bei-gardelegen";"1-160-01";"Brüders Teich bei Gardelegen";"Teich";"review";"0.000";"699.5";"0.000";"3";"0.000";"v8-conflict-review";"Mehrfachbelegung mit 3 LAV-Einträgen; kein ausreichend klarer automatischer Gewinner für diesen Eintrag."
"StandingWater_DESTGEOT00003zoQ";"1-160-03-kieskuhle-die-lange-wohrde";"1-160-03";"Kieskuhle (Die lange Wohrde)";"Kiesgrube";"review";"0.000";"699.5";"0.000";"3";"0.000";"v8-conflict-review";"Mehrfachbelegung mit 3 LAV-Einträgen; kein ausreichend klarer automatischer Gewinner für diesen Eintrag."
"StandingWater_DESTGEOT00003zoQ";"1-160-05-lindenthaler-teich-bei-gardelegen";"1-160-05";"Lindenthaler Teich bei Gardelegen";"Teich";"review";"0.000";"699.5";"0.000";"3";"0.000";"v8-conflict-review";"Mehrfachbelegung mit 3 LAV-Einträgen; kein ausreichend klarer automatischer Gewinner für diesen Eintrag."
"StandingWater_DESTGEOT00003g7U";"1-260-08-langer-teich-immekath";"1-260-08";"Langer Teich Immekath";"Teich";"review";"0.000";"664.0";"0.000";"2";"0.000";"v8-conflict-review";"Mehrfachbelegung mit 2 LAV-Einträgen; kein ausreichend klarer automatischer Gewinner für diesen Eintrag."
"StandingWater_DESTGEOT00003g7U";"1-260-21-brookbuschteich-immekath";"1-260-21";"Brookbuschteich Immekath";"Teich";"review";"0.000";"664.0";"0.000";"2";"0.000";"v8-conflict-review";"Mehrfachbelegung mit 2 LAV-Einträgen; kein ausreichend klarer automatischer Gewinner für diesen Eintrag."
"StandingWater_DESTGEOT000067Cx";"2-330-24-der-haken-am-hausberg-bei";"2-330-24";"Der Haken am Hausberg bei";"See";"review";"0.249";"163.5";"0.000";"3";"0.000";"v8-conflict-review";"Mehrfachbelegung mit 3 LAV-Einträgen; kein ausreichend klarer automatischer Gewinner für diesen Eintrag."
"StandingWater_DESTGEOT000067Cx";"2-334-05-kiesgrube-schwimmbad-bei";"2-334-05";"Kiesgrube Schwimmbad bei";"Kiesgrube";"review";"0.249";"163.5";"0.000";"3";"0.000";"v8-conflict-review";"Mehrfachbelegung mit 3 LAV-Einträgen; kein ausreichend klarer automatischer Gewinner für diesen Eintrag."
"StandingWater_DESTGEOT000067Cx";"2-420-07-ziegeleiteich-charlottenhof-bei";"2-420-07";"Ziegeleiteich Charlottenhof bei";"Teich";"review";"0.249";"163.5";"0.000";"3";"0.000";"v8-conflict-review";"Mehrfachbelegung mit 3 LAV-Einträgen; kein ausreichend klarer automatischer Gewinner für diesen Eintrag."
"StandingWater_DESTGEOT000045Tt";"2-420-11-fieber-in-stendal";"2-420-11";"Fieber in Stendal";"See";"review";"0.177";"188.6";"0.000";"2";"0.000";"v8-conflict-review";"Mehrfachbelegung mit 2 LAV-Einträgen; kein ausreichend klarer automatischer Gewinner für diesen Eintrag."
"StandingWater_DESTGEOT000045Tt";"2-426-01-jaeneckes-teiche-bei-stendal";"2-426-01";"Jaeneckes Teiche bei Stendal";"Teich";"review";"0.177";"188.6";"0.000";"2";"0.000";"v8-conflict-review";"Mehrfachbelegung mit 2 LAV-Einträgen; kein ausreichend klarer automatischer Gewinner für diesen Eintrag."
"StandingWater_DESTGEOT0000eh5b";"2-422-02-altes-kiesloch-bei-tangermunde";"2-422-02";"Altes Kiesloch bei Tangermünde";"Kiesgrube";"review";"0.417";"105.1";"0.000";"4";"0.000";"v8-conflict-review";"Mehrfachbelegung mit 4 LAV-Einträgen; kein ausreichend klarer automatischer Gewinner für diesen Eintrag."
"StandingWater_DESTGEOT0000eh5b";"2-422-03-neues-kiesloch-bei-tangermunde";"2-422-03";"Neues Kiesloch bei Tangermünde";"Kiesgrube";"review";"0.417";"105.1";"0.000";"4";"0.000";"v8-conflict-review";"Mehrfachbelegung mit 4 LAV-Einträgen; kein ausreichend klarer automatischer Gewinner für diesen Eintrag."
"StandingWater_DESTGEOT0000eh5b";"2-422-04-hartsteinwerke-bei-tangermunde";"2-422-04";"Hartsteinwerke bei Tangermünde";"See";"review";"0.417";"105.1";"0.000";"4";"0.000";"v8-conflict-review";"Mehrfachbelegung mit 4 LAV-Einträgen; kein ausreichend klarer automatischer Gewinner für diesen Eintrag."
"StandingWater_DESTGEOT0000eh5b";"2-422-14-hafenbecken-tangermunde";"2-422-14";"Hafenbecken Tangermünde";"See";"review";"0.417";"105.1";"0.000";"4";"0.000";"v8-conflict-review";"Mehrfachbelegung mit 4 LAV-Einträgen; kein ausreichend klarer automatischer Gewinner für diesen Eintrag."
"StandingWater_DESTGEOT00004gNc";"2-423-02-bucher-kl-lanke";"2-423-02";"Bucher kl. Lanke";"See";"review";"0.181";"187.0";"0.000";"2";"0.000";"v8-conflict-review";"Mehrfachbelegung mit 2 LAV-Einträgen; kein ausreichend klarer automatischer Gewinner für diesen Eintrag."
"StandingWater_DESTGEOT00004gNc";"2-423-03-bucher-lanke";"2-423-03";"Bucher Lanke";"See";"review";"0.181";"187.0";"0.000";"2";"0.000";"v8-conflict-review";"Mehrfachbelegung mit 2 LAV-Einträgen; kein ausreichend klarer automatischer Gewinner für diesen Eintrag."
"StandingWater_DESTGEOT0000eb6i";"3-200-01-sieben-insel-teich-in-flechtingen";"3-200-01";"Sieben-Insel-Teich in Flechtingen";"Teich";"review";"0.617";"35.8";"0.000";"5";"0.000";"v8-conflict-review";"Mehrfachbelegung mit 5 LAV-Einträgen; kein ausreichend klarer automatischer Gewinner für diesen Eintrag."
"StandingWater_DESTGEOT0000eb6i";"3-200-02-holzmuhlenteich-in-flechtingen";"3-200-02";"Holzmühlenteich in Flechtingen";"Teich";"review";"0.617";"35.8";"0.000";"5";"0.000";"v8-conflict-review";"Mehrfachbelegung mit 5 LAV-Einträgen; kein ausreichend klarer automatischer Gewinner für diesen Eintrag."
"StandingWater_DESTGEOT0000eb6i";"3-200-03-muhlenteich-flechtingen";"3-200-03";"Mühlenteich Flechtingen";"Teich";"review";"0.617";"35.8";"0.000";"5";"0.000";"v8-conflict-review";"Mehrfachbelegung mit 5 LAV-Einträgen; kein ausreichend klarer automatischer Gewinner für diesen Eintrag."
"StandingWater_DESTGEOT0000eb6i";"3-200-06-muhlenteich-flechtingen";"3-200-06";"Mühlenteich Flechtingen";"Teich";"review";"0.617";"35.8";"0.000";"5";"0.000";"v8-conflict-review";"Mehrfachbelegung mit 5 LAV-Einträgen; kein ausreichend klarer automatischer Gewinner für diesen Eintrag."
"StandingWater_DESTGEOT0000eb6i";"3-200-04-schloteich-in-flechtingen";"3-200-04";"Schloßteich in Flechtingen";"Teich";"review";"0.551";"101.8";"0.444";"5";"0.000";"v8-conflict-review";"Mehrfachbelegung mit 5 LAV-Einträgen; kein ausreichend klarer automatischer Gewinner für diesen Eintrag."
"StandingWater_DESTGEOT00001LaJ";"3-200-09-nachtwiese-bei-bebertal";"3-200-09";"Nachtwiese bei Bebertal";"See";"review";"0.000";"426.6";"0.000";"4";"0.000";"v8-conflict-review";"Mehrfachbelegung mit 4 LAV-Einträgen; kein ausreichend klarer automatischer Gewinner für diesen Eintrag."
"StandingWater_DESTGEOT00001LaJ";"3-200-10-haidteich-bei-bebertal";"3-200-10";"Haidteich bei Bebertal";"Teich";"review";"0.000";"426.6";"0.000";"4";"0.000";"v8-conflict-review";"Mehrfachbelegung mit 4 LAV-Einträgen; kein ausreichend klarer automatischer Gewinner für diesen Eintrag."
"StandingWater_DESTGEOT00001LaJ";"3-200-16-neuer-teich-in-bebertal";"3-200-16";"Neuer Teich in Bebertal";"Teich";"review";"0.000";"426.6";"0.000";"4";"0.000";"v8-conflict-review";"Mehrfachbelegung mit 4 LAV-Einträgen; kein ausreichend klarer automatischer Gewinner für diesen Eintrag."
"StandingWater_DESTGEOT00001LaJ";"3-200-47-markgrafenteich-bei-bebertal";"3-200-47";"Markgrafenteich bei Bebertal";"Teich";"review";"0.000";"426.6";"0.000";"4";"0.000";"v8-conflict-review";"Mehrfachbelegung mit 4 LAV-Einträgen; kein ausreichend klarer automatischer Gewinner für diesen Eintrag."
"StandingWater_DESTGEOT000013d8";"5-340-01-erichsburger-teich-bei-friedrichsbrunn";"5-340-01";"Erichsburger Teich bei Friedrichsbrunn";"Teich";"review";"0.000";"305.1";"0.000";"2";"0.000";"v8-conflict-review";"Mehrfachbelegung mit 2 LAV-Einträgen; kein ausreichend klarer automatischer Gewinner für diesen Eintrag."
"StandingWater_DESTGEOT000013d8";"5-340-12-gondelteich-in-friedrichsbrunn";"5-340-12";"Gondelteich in Friedrichsbrunn";"Teich";"review";"0.000";"305.1";"0.000";"2";"0.000";"v8-conflict-review";"Mehrfachbelegung mit 2 LAV-Einträgen; kein ausreichend klarer automatischer Gewinner für diesen Eintrag."
"StandingWater_DESTGEOT00001ogw";"5-340-02-bergrat-muller-teich-bei-gernrode";"5-340-02";"Bergrat-Müller Teich bei Gernrode";"Teich";"review";"0.000";"593.1";"0.000";"2";"0.000";"v8-conflict-review";"Mehrfachbelegung mit 2 LAV-Einträgen; kein ausreichend klarer automatischer Gewinner für diesen Eintrag."
"StandingWater_DESTGEOT00001ogw";"5-340-03-neuer-teich-bei-gernrode";"5-340-03";"Neuer Teich bei Gernrode";"Teich";"review";"0.000";"593.1";"0.000";"2";"0.000";"v8-conflict-review";"Mehrfachbelegung mit 2 LAV-Einträgen; kein ausreichend klarer automatischer Gewinner für diesen Eintrag."
"StandingWater_DESTGEOT00001ogu";"5-340-11-kleiner-siebersteinsteich-bei-ballenstedt-b-h-k-pl-s-z-1-80";"5-340-11";"Kleiner Siebersteinsteich bei Ballenstedt B, H, K, Pl, S, Z 1,80";"Teich";"review";"0.000";"448.2";"0.000";"3";"0.000";"v8-conflict-review";"Mehrfachbelegung mit 3 LAV-Einträgen; kein ausreichend klarer automatischer Gewinner für diesen Eintrag."
"StandingWater_DESTGEOT00001ogu";"5-340-15-glockenteich-ballenstedt";"5-340-15";"Glockenteich Ballenstedt";"Teich";"review";"0.000";"448.2";"0.000";"3";"0.000";"v8-conflict-review";"Mehrfachbelegung mit 3 LAV-Einträgen; kein ausreichend klarer automatischer Gewinner für diesen Eintrag."
"StandingWater_DESTGEOT00001ogu";"5-340-22-schloteich-ballenstedt";"5-340-22";"Schloßteich Ballenstedt";"Teich";"review";"0.000";"448.2";"0.000";"3";"0.000";"v8-conflict-review";"Mehrfachbelegung mit 3 LAV-Einträgen; kein ausreichend klarer automatischer Gewinner für diesen Eintrag."
"Watercourse_DESTGEOT00002LqT_lin";"5-340-20-muhlgraben-thale-0-25";"5-340-20";"Mühlgraben Thale 0,25";"Fließgewässer";"review";"0.099";"215.6";"0.000";"2";"0.000";"v8-conflict-review";"Mehrfachbelegung mit 2 LAV-Einträgen; kein ausreichend klarer automatischer Gewinner für diesen Eintrag."
"Watercourse_DESTGEOT00002LqT_lin";"8-460-42-krummer-see-bodemar-bei-seegrehna-a-bl-h-k-pl-s-1-24";"8-460-42";"Krummer See (Bodemar) bei Seegrehna A, Bl, H, K, Pl, S 1,24";"Fließgewässer";"review";"0.099";"215.6";"0.000";"2";"0.000";"v8-conflict-review";"Mehrfachbelegung mit 2 LAV-Einträgen; kein ausreichend klarer automatischer Gewinner für diesen Eintrag."
"StandingWater_DESTGEOT00000Q54";"5-450-02-groer-schachtteich-bei-wienrode";"5-450-02";"Großer Schachtteich bei Wienrode";"Teich";"review";"0.603";"76.1";"0.364";"3";"0.039";"v8-conflict-review";"Mehrfachbelegung mit 3 LAV-Einträgen; kein ausreichend klarer automatischer Gewinner für diesen Eintrag."
"StandingWater_DESTGEOT00000Q54";"5-450-05-kleiner-schachtteich-bei-wienrode-a-b-h-k-pl-s-z-0-47";"5-450-05";"Kleiner Schachtteich bei Wienrode A, B, H, K, Pl, S, Z 0,47";"Teich";"review";"0.564";"76.1";"0.226";"3";"0.039";"v8-conflict-review";"Mehrfachbelegung mit 3 LAV-Einträgen; kein ausreichend klarer automatischer Gewinner für diesen Eintrag."
"StandingWater_DESTGEOT00000Q54";"5-450-06-wiesenteich-bei-wienrode";"5-450-06";"Wiesenteich bei Wienrode";"Teich";"review";"0.501";"76.1";"0.000";"3";"0.039";"v8-conflict-review";"Mehrfachbelegung mit 3 LAV-Einträgen; kein ausreichend klarer automatischer Gewinner für diesen Eintrag."
"StandingWater_DESTGEOT00001UVB";"6-100-11-gondelteich-aschersleben";"6-100-11";"Gondelteich Aschersleben";"Teich";"review";"0.128";"573.8";"0.458";"3";"0.128";"v8-conflict-review";"Mehrfachbelegung mit 3 LAV-Einträgen; kein ausreichend klarer automatischer Gewinner für diesen Eintrag."
"StandingWater_DESTGEOT00001UVB";"6-100-06-tonkuhle-nahry-aschersleben";"6-100-06";"Tonkuhle Nahry Aschersleben";"See";"review";"0.000";"573.8";"0.000";"3";"0.128";"v8-conflict-review";"Mehrfachbelegung mit 3 LAV-Einträgen; kein ausreichend klarer automatischer Gewinner für diesen Eintrag."
"StandingWater_DESTGEOT00001UVB";"6-100-12-kiesgrube-an-der-froser-strae";"6-100-12";"Kiesgrube an der Froser Straße";"Kiesgrube";"review";"0.000";"573.8";"0.000";"3";"0.128";"v8-conflict-review";"Mehrfachbelegung mit 3 LAV-Einträgen; kein ausreichend klarer automatischer Gewinner für diesen Eintrag."
"StandingWater_DESTGEOT00002wbT";"6-110-01-flanschenteich-bebitz";"6-110-01";"Flanschenteich Bebitz";"Teich";"review";"0.078";"222.9";"0.000";"2";"0.000";"v8-conflict-review";"Mehrfachbelegung mit 2 LAV-Einträgen; kein ausreichend klarer automatischer Gewinner für diesen Eintrag."
"StandingWater_DESTGEOT00002wbT";"6-110-20-schwefelteich-bebitz";"6-110-20";"Schwefelteich Bebitz";"Teich";"review";"0.078";"222.9";"0.000";"2";"0.000";"v8-conflict-review";"Mehrfachbelegung mit 2 LAV-Einträgen; kein ausreichend klarer automatischer Gewinner für diesen Eintrag."
"StandingWater_DESTGEOT0000d6Pm";"6-110-03-neues-tonloch-beesenlaublingen";"6-110-03";"Neues Tonloch Beesenlaublingen";"See";"review";"0.000";"593.9";"0.000";"3";"0.000";"v8-conflict-review";"Mehrfachbelegung mit 3 LAV-Einträgen; kein ausreichend klarer automatischer Gewinner für diesen Eintrag."
"StandingWater_DESTGEOT0000d6Pm";"6-110-04-altes-tonloch-beesenlaublingen";"6-110-04";"Altes Tonloch Beesenlaublingen";"See";"review";"0.000";"593.9";"0.000";"3";"0.000";"v8-conflict-review";"Mehrfachbelegung mit 3 LAV-Einträgen; kein ausreichend klarer automatischer Gewinner für diesen Eintrag."
"StandingWater_DESTGEOT0000d6Pm";"6-110-22-kiesgrube-beesenlaublingen";"6-110-22";"Kiesgrube Beesenlaublingen";"Kiesgrube";"review";"0.000";"593.9";"0.000";"3";"0.000";"v8-conflict-review";"Mehrfachbelegung mit 3 LAV-Einträgen; kein ausreichend klarer automatischer Gewinner für diesen Eintrag."
"StandingWater_DESTGEOTR100ghpl";"6-110-06-sportplatzteich-gerlebogk";"6-110-06";"Sportplatzteich Gerlebogk";"Teich";"review";"0.000";"280.4";"0.000";"2";"0.000";"v8-conflict-review";"Mehrfachbelegung mit 2 LAV-Einträgen; kein ausreichend klarer automatischer Gewinner für diesen Eintrag."
"StandingWater_DESTGEOTR100ghpl";"6-110-07-villa-teich-gerlebogk";"6-110-07";"Villa-Teich Gerlebogk";"Teich";"review";"0.000";"280.4";"0.000";"2";"0.000";"v8-conflict-review";"Mehrfachbelegung mit 2 LAV-Einträgen; kein ausreichend klarer automatischer Gewinner für diesen Eintrag."
"StandingWater_DESTGEOT00002wc7";"6-110-11-mariensee-preulitz";"6-110-11";"Mariensee Preußlitz";"See";"review";"0.609";"38.7";"0.000";"5";"0.000";"v8-conflict-review";"Mehrfachbelegung mit 5 LAV-Einträgen; kein ausreichend klarer automatischer Gewinner für diesen Eintrag."
"StandingWater_DESTGEOT00002wc7";"6-113-02-groer-teich-hinter-der-fahrt-in-preulitz-a-h-k-ro-s-0-30";"6-113-02";"Großer Teich hinter der Fahrt in Preußlitz A, H, K, Ro, S 0,30";"Teich";"review";"0.609";"38.7";"0.000";"5";"0.000";"v8-conflict-review";"Mehrfachbelegung mit 5 LAV-Einträgen; kein ausreichend klarer automatischer Gewinner für diesen Eintrag."
"StandingWater_DESTGEOT00002wc7";"6-113-03-tonloch-preulitz";"6-113-03";"Tonloch Preußlitz";"See";"review";"0.609";"38.7";"0.000";"5";"0.000";"v8-conflict-review";"Mehrfachbelegung mit 5 LAV-Einträgen; kein ausreichend klarer automatischer Gewinner für diesen Eintrag."
"StandingWater_DESTGEOT00002wc7";"6-110-10-tonloch-hanse-leau";"6-110-10";"Tonloch Hanse, Leau";"See";"review";"0.110";"211.7";"0.000";"5";"0.000";"v8-conflict-review";"Mehrfachbelegung mit 5 LAV-Einträgen; kein ausreichend klarer automatischer Gewinner für diesen Eintrag."
"StandingWater_DESTGEOT00002wc7";"6-110-21-tonloch-huhn-leau";"6-110-21";"Tonloch Huhn Leau";"See";"review";"0.110";"211.7";"0.000";"5";"0.000";"v8-conflict-review";"Mehrfachbelegung mit 5 LAV-Einträgen; kein ausreichend klarer automatischer Gewinner für diesen Eintrag."
"Watercourse_DESTGEOT00002aq8_lin";"6-110-12-saalealtarm-zwischen-plotzkau";"6-110-12";"Saalealtarm zwischen Plötzkau";"Fließgewässer";"review";"0.630";"31.1";"0.000";"2";"0.000";"v8-conflict-review";"Mehrfachbelegung mit 2 LAV-Einträgen; kein ausreichend klarer automatischer Gewinner für diesen Eintrag."
"Watercourse_DESTGEOT00002aq8_lin";"6-112-03-saalealtarm-lesewitz-bei-plotzkau";"6-112-03";"Saalealtarm Lesewitz bei Plötzkau";"Fließgewässer";"review";"0.630";"31.1";"0.000";"2";"0.000";"v8-conflict-review";"Mehrfachbelegung mit 2 LAV-Einträgen; kein ausreichend klarer automatischer Gewinner für diesen Eintrag."
"Watercourse_DESTGEOT00005hGj_lin";"6-110-14-saale-von-kreisgrenze-saalekreis-bis";"6-110-14";"Saale von Kreisgrenze Saalekreis bis";"Fließgewässer";"review";"0.692";"9.8";"0.000";"6";"0.000";"v8-conflict-review";"Mehrfachbelegung mit 6 LAV-Einträgen; kein ausreichend klarer automatischer Gewinner für diesen Eintrag."
"Watercourse_DESTGEOT00005hGj_lin";"6-111-13-saale-von-einmundung-der-fuhne-bis";"6-111-13";"Saale von Einmündung der Fuhne bis";"Fließgewässer";"review";"0.692";"9.8";"0.000";"6";"0.000";"v8-conflict-review";"Mehrfachbelegung mit 6 LAV-Einträgen; kein ausreichend klarer automatischer Gewinner für diesen Eintrag."
"Watercourse_DESTGEOT00005hGj_lin";"8-250-12-neugraben-von-landesgrenze-bis";"8-250-12";"Neugraben von Landesgrenze bis";"Fließgewässer";"review";"0.692";"9.8";"0.000";"6";"0.000";"v8-conflict-review";"Mehrfachbelegung mit 6 LAV-Einträgen; kein ausreichend klarer automatischer Gewinner für diesen Eintrag."
"Watercourse_DESTGEOT00005hGj_lin";"8-250-13-landlache-vom-plossiger-graben-bis";"8-250-13";"Landlache vom Plossiger Graben bis";"Fließgewässer";"review";"0.692";"9.8";"0.000";"6";"0.000";"v8-conflict-review";"Mehrfachbelegung mit 6 LAV-Einträgen; kein ausreichend klarer automatischer Gewinner für diesen Eintrag."
"Watercourse_DESTGEOT00005hGj_lin";"9-150-15-mittelgraben-v-stollengraben-bis";"9-150-15";"Mittelgraben v. Stollengraben bis";"Fließgewässer";"review";"0.692";"9.8";"0.000";"6";"0.000";"v8-conflict-review";"Mehrfachbelegung mit 6 LAV-Einträgen; kein ausreichend klarer automatischer Gewinner für diesen Eintrag."
"Watercourse_DESTGEOT00005hGj_lin";"11-482-05-flograben-von-lg-thuringen-bis";"11-482-05";"Floßgraben von LG Thüringen bis";"Fließgewässer";"review";"0.692";"9.8";"0.000";"6";"0.000";"v8-conflict-review";"Mehrfachbelegung mit 6 LAV-Einträgen; kein ausreichend klarer automatischer Gewinner für diesen Eintrag."
"StandingWater_DESTGEOT00002e7i";"6-400-01-schacht-9-bei-eggersdorf";"6-400-01";"Schacht 9 bei Eggersdorf";"See";"review";"0.548";"59.8";"0.000";"2";"0.000";"v8-conflict-review";"Mehrfachbelegung mit 2 LAV-Einträgen; kein ausreichend klarer automatischer Gewinner für diesen Eintrag."
"StandingWater_DESTGEOT00002e7i";"6-400-43-schachtteich-eggersdorf";"6-400-43";"Schachtteich Eggersdorf";"Teich";"review";"0.548";"59.8";"0.000";"2";"0.000";"v8-conflict-review";"Mehrfachbelegung mit 2 LAV-Einträgen; kein ausreichend klarer automatischer Gewinner für diesen Eintrag."
"StandingWater_DESTGEOT00002e7d";"6-400-05-parkteich-bei-brumby";"6-400-05";"Parkteich bei Brumby";"Teich";"review";"0.706";"48.7";"0.450";"2";"0.706";"v8-conflict-review";"Mehrfachbelegung mit 2 LAV-Einträgen; kein ausreichend klarer automatischer Gewinner für diesen Eintrag."
"StandingWater_DESTGEOT00002e7d";"6-400-39-tilsschacht-brumby";"6-400-39";"Tilsschacht Brumby";"See";"review";"0.000";"584.5";"0.000";"2";"0.706";"v8-conflict-review";"Mehrfachbelegung mit 2 LAV-Einträgen; kein ausreichend klarer automatischer Gewinner für diesen Eintrag."
"StandingWater_DESTGEOTR100fHY8";"6-400-13-beamtenteich-bei-tornitz";"6-400-13";"Beamtenteich bei Tornitz";"Teich";"review";"0.000";"476.9";"0.000";"4";"0.000";"v8-conflict-review";"Mehrfachbelegung mit 4 LAV-Einträgen; kein ausreichend klarer automatischer Gewinner für diesen Eintrag."
"StandingWater_DESTGEOTR100fHY8";"6-400-14-gruner-teich-bei-tornitz";"6-400-14";"Grüner Teich bei Tornitz";"Teich";"review";"0.000";"476.9";"0.000";"4";"0.000";"v8-conflict-review";"Mehrfachbelegung mit 4 LAV-Einträgen; kein ausreichend klarer automatischer Gewinner für diesen Eintrag."
"StandingWater_DESTGEOTR100fHY8";"6-400-15-pappelteich-bei-tornitz";"6-400-15";"Pappelteich bei Tornitz";"Teich";"review";"0.000";"476.9";"0.000";"4";"0.000";"v8-conflict-review";"Mehrfachbelegung mit 4 LAV-Einträgen; kein ausreichend klarer automatischer Gewinner für diesen Eintrag."
"StandingWater_DESTGEOTR100fHY8";"6-400-34-kiessee-tornitz";"6-400-34";"Kiessee Tornitz";"Kiesgrube";"review";"0.000";"476.9";"0.000";"4";"0.000";"v8-conflict-review";"Mehrfachbelegung mit 4 LAV-Einträgen; kein ausreichend klarer automatischer Gewinner für diesen Eintrag."
"Watercourse_DESTGEOTR10087XO_lin";"6-400-24-saalealtarm-tippelskirchen";"6-400-24";"Saalealtarm Tippelskirchen";"Fließgewässer";"review";"0.712";"2.8";"0.000";"2";"0.000";"v8-conflict-review";"Mehrfachbelegung mit 2 LAV-Einträgen; kein ausreichend klarer automatischer Gewinner für diesen Eintrag."
"Watercourse_DESTGEOTR10087XO_lin";"11-310-05-unstrut-von-landesgrenze-thuringen";"11-310-05";"Unstrut von Landesgrenze Thüringen";"Fließgewässer";"review";"0.712";"2.8";"0.000";"2";"0.000";"v8-conflict-review";"Mehrfachbelegung mit 2 LAV-Einträgen; kein ausreichend klarer automatischer Gewinner für diesen Eintrag."
"Watercourse_DESTGEOT00002CL1_lin";"6-400-30-kuchenpfuhl-elbenau";"6-400-30";"Küchenpfuhl Elbenau";"Fließgewässer";"review";"0.474";"85.4";"0.000";"2";"0.000";"v8-conflict-review";"Mehrfachbelegung mit 2 LAV-Einträgen; kein ausreichend klarer automatischer Gewinner für diesen Eintrag."
"Watercourse_DESTGEOT00002CL1_lin";"6-400-33-stilles-wasser-elbenau";"6-400-33";"Stilles Wasser Elbenau";"Fließgewässer";"review";"0.474";"85.4";"0.000";"2";"0.000";"v8-conflict-review";"Mehrfachbelegung mit 2 LAV-Einträgen; kein ausreichend klarer automatischer Gewinner für diesen Eintrag."
"StandingWater_DESTGEOT00002e7u";"6-400-36-angerteich-in-glothe";"6-400-36";"Angerteich in Glöthe";"Teich";"review";"0.671";"17.1";"0.000";"2";"0.000";"v8-conflict-review";"Mehrfachbelegung mit 2 LAV-Einträgen; kein ausreichend klarer automatischer Gewinner für diesen Eintrag."
"StandingWater_DESTGEOT00002e7u";"6-400-47-tonlocher-glothe";"6-400-47";"Tonlöcher Glöthe";"See";"review";"0.671";"17.1";"0.000";"2";"0.000";"v8-conflict-review";"Mehrfachbelegung mit 2 LAV-Einträgen; kein ausreichend klarer automatischer Gewinner für diesen Eintrag."
"StandingWater_DESTGEOT00002Yvu";"6-400-44-kirchbreite-bei-barby";"6-400-44";"Kirchbreite bei Barby";"See";"review";"0.000";"444.4";"0.000";"3";"0.000";"v8-conflict-review";"Mehrfachbelegung mit 3 LAV-Einträgen; kein ausreichend klarer automatischer Gewinner für diesen Eintrag."
"StandingWater_DESTGEOT00002Yvu";"6-402-01-dolphus-bei-barby";"6-402-01";"Dolphus bei Barby";"See";"review";"0.000";"444.4";"0.000";"3";"0.000";"v8-conflict-review";"Mehrfachbelegung mit 3 LAV-Einträgen; kein ausreichend klarer automatischer Gewinner für diesen Eintrag."
"StandingWater_DESTGEOT00002Yvu";"6-402-03-hafen-barby";"6-402-03";"Hafen Barby";"See";"review";"0.000";"444.4";"0.000";"3";"0.000";"v8-conflict-review";"Mehrfachbelegung mit 3 LAV-Einträgen; kein ausreichend klarer automatischer Gewinner für diesen Eintrag."
"StandingWater_DESTGEOT00002YuZ";"6-401-02-bruch-2-bei-breitenhagen";"6-401-02";"Bruch 2 bei Breitenhagen";"See";"review";"0.708";"4.3";"0.000";"2";"0.000";"v8-conflict-review";"Mehrfachbelegung mit 2 LAV-Einträgen; kein ausreichend klarer automatischer Gewinner für diesen Eintrag."
"StandingWater_DESTGEOT00002YuZ";"6-401-03-bruch-3-bei-breitenhagen";"6-401-03";"Bruch 3 bei Breitenhagen";"See";"review";"0.708";"4.3";"0.000";"2";"0.000";"v8-conflict-review";"Mehrfachbelegung mit 2 LAV-Einträgen; kein ausreichend klarer automatischer Gewinner für diesen Eintrag."
"StandingWater_DESTGEOT00001HaV";"6-410-08-badeteteich-bei-westeregeln";"6-410-08";"Badeteteich bei Westeregeln";"Teich";"review";"0.616";"36.2";"0.000";"3";"0.000";"v8-conflict-review";"Mehrfachbelegung mit 3 LAV-Einträgen; kein ausreichend klarer automatischer Gewinner für diesen Eintrag."
"StandingWater_DESTGEOT00001HaV";"6-410-09-3-kulke-bei-westeregeln";"6-410-09";"3 Kulke bei Westeregeln";"See";"review";"0.616";"36.2";"0.000";"3";"0.000";"v8-conflict-review";"Mehrfachbelegung mit 3 LAV-Einträgen; kein ausreichend klarer automatischer Gewinner für diesen Eintrag."
"StandingWater_DESTGEOT00001HaV";"6-410-10-tagebau-bei-westeregeln";"6-410-10";"Tagebau bei Westeregeln";"Kiesgrube";"review";"0.616";"36.2";"0.000";"3";"0.000";"v8-conflict-review";"Mehrfachbelegung mit 3 LAV-Einträgen; kein ausreichend klarer automatischer Gewinner für diesen Eintrag."
"StandingWater_DESTGEOT00001Zgf";"6-410-17-seemann-bei-loderburg";"6-410-17";"Seemann bei Löderburg";"See";"review";"0.674";"15.9";"0.000";"3";"0.000";"v8-conflict-review";"Mehrfachbelegung mit 3 LAV-Einträgen; kein ausreichend klarer automatischer Gewinner für diesen Eintrag."
"StandingWater_DESTGEOT00001Zgf";"6-410-20-undank-in-loderburg";"6-410-20";"Undank in Löderburg";"See";"review";"0.674";"15.9";"0.000";"3";"0.000";"v8-conflict-review";"Mehrfachbelegung mit 3 LAV-Einträgen; kein ausreichend klarer automatischer Gewinner für diesen Eintrag."
"StandingWater_DESTGEOT00001Zgf";"6-411-03-kreuzteich-loderburg";"6-411-03";"Kreuzteich Löderburg";"Teich";"review";"0.674";"15.9";"0.000";"3";"0.000";"v8-conflict-review";"Mehrfachbelegung mit 3 LAV-Einträgen; kein ausreichend klarer automatischer Gewinner für diesen Eintrag."
"StandingWater_DESTGEOT0000d0UH";"7-120-15-grube-theodor-bei-roitzsch";"7-120-15";"Grube Theodor bei Roitzsch";"Kiesgrube";"review";"0.000";"546.6";"0.000";"2";"0.000";"v8-conflict-review";"Mehrfachbelegung mit 2 LAV-Einträgen; kein ausreichend klarer automatischer Gewinner für diesen Eintrag."
"StandingWater_DESTGEOT0000d0UH";"7-120-55-kragenteich-roitzsch";"7-120-55";"Kragenteich Roitzsch";"Teich";"review";"0.000";"546.6";"0.000";"2";"0.000";"v8-conflict-review";"Mehrfachbelegung mit 2 LAV-Einträgen; kein ausreichend klarer automatischer Gewinner für diesen Eintrag."
"StandingWater_DESTGEOT0000fCkn";"7-120-16-burgermeisterteich-jenitz";"7-120-16";"Bürgermeisterteich Jeßnitz";"Teich";"review";"0.000";"672.6";"0.000";"2";"0.000";"v8-conflict-review";"Mehrfachbelegung mit 2 LAV-Einträgen; kein ausreichend klarer automatischer Gewinner für diesen Eintrag."
"StandingWater_DESTGEOT0000fCkn";"7-120-17-lober-bei-jenitz";"7-120-17";"Lober bei Jeßnitz";"See";"review";"0.000";"672.6";"0.000";"2";"0.000";"v8-conflict-review";"Mehrfachbelegung mit 2 LAV-Einträgen; kein ausreichend klarer automatischer Gewinner für diesen Eintrag."
"StandingWater_DESTGEOT00004Ima";"7-120-53-teich-am-park-schrenz";"7-120-53";"Teich am Park Schrenz";"Teich";"review";"0.000";"805.7";"0.000";"3";"0.000";"v8-conflict-review";"Mehrfachbelegung mit 3 LAV-Einträgen; kein ausreichend klarer automatischer Gewinner für diesen Eintrag."
"StandingWater_DESTGEOT00004Ima";"7-120-54-teich-am-etp-schrenz";"7-120-54";"Teich am ETP Schrenz";"Teich";"review";"0.000";"805.7";"0.000";"3";"0.000";"v8-conflict-review";"Mehrfachbelegung mit 3 LAV-Einträgen; kein ausreichend klarer automatischer Gewinner für diesen Eintrag."
"StandingWater_DESTGEOT00004Ima";"7-273-11-fuhne-von-einmundung-der-riede";"7-273-11";"Fuhne von Einmündung der Riede";"See";"review";"0.000";"805.7";"0.000";"3";"0.000";"v8-conflict-review";"Mehrfachbelegung mit 3 LAV-Einträgen; kein ausreichend klarer automatischer Gewinner für diesen Eintrag."
"StandingWater_DESTGEOT00004NNX";"7-272-02-nachthainichte-bei-aken";"7-272-02";"Nachthainichte bei Aken";"See";"review";"0.664";"19.5";"0.000";"3";"0.000";"v8-conflict-review";"Mehrfachbelegung mit 3 LAV-Einträgen; kein ausreichend klarer automatischer Gewinner für diesen Eintrag."
"StandingWater_DESTGEOT00004NNX";"7-272-03-groe-kabel-langes-loch-bei-aken";"7-272-03";"Große Kabel (Langes Loch) bei Aken";"See";"review";"0.664";"19.5";"0.000";"3";"0.000";"v8-conflict-review";"Mehrfachbelegung mit 3 LAV-Einträgen; kein ausreichend klarer automatischer Gewinner für diesen Eintrag."
"StandingWater_DESTGEOT00004NNX";"7-272-04-kleine-kabel-bei-aken";"7-272-04";"Kleine Kabel bei Aken";"See";"review";"0.664";"19.5";"0.000";"3";"0.000";"v8-conflict-review";"Mehrfachbelegung mit 3 LAV-Einträgen; kein ausreichend klarer automatischer Gewinner für diesen Eintrag."
"StandingWater_DESTGEOTR100bPIM";"7-273-05-karoline-bei-piethen-boote-ohne-motor";"7-273-05";"Karoline bei Piethen - Boote ohne Motor";"See";"review";"0.092";"218.0";"0.000";"3";"0.000";"v8-conflict-review";"Mehrfachbelegung mit 3 LAV-Einträgen; kein ausreichend klarer automatischer Gewinner für diesen Eintrag."
"StandingWater_DESTGEOTR100bPIM";"7-273-06-sohl-bei-piethen";"7-273-06";"Sohl bei Piethen";"See";"review";"0.092";"218.0";"0.000";"3";"0.000";"v8-conflict-review";"Mehrfachbelegung mit 3 LAV-Einträgen; kein ausreichend klarer automatischer Gewinner für diesen Eintrag."
"StandingWater_DESTGEOTR100bPIM";"7-273-10-schachtteich-bei-piethen";"7-273-10";"Schachtteich bei Piethen";"Teich";"review";"0.092";"218.0";"0.000";"3";"0.000";"v8-conflict-review";"Mehrfachbelegung mit 3 LAV-Einträgen; kein ausreichend klarer automatischer Gewinner für diesen Eintrag."
"StandingWater_DESTGEOT00002SlQ";"7-273-17-dorfteich-reinsdorf";"7-273-17";"Dorfteich Reinsdorf";"Teich";"review";"0.000";"283.6";"0.000";"2";"0.000";"v8-conflict-review";"Mehrfachbelegung mit 2 LAV-Einträgen; kein ausreichend klarer automatischer Gewinner für diesen Eintrag."
"StandingWater_DESTGEOT00002SlQ";"7-273-24-gutsteich-gorzig";"7-273-24";"Gutsteich Görzig";"Teich";"review";"0.000";"283.6";"0.000";"2";"0.000";"v8-conflict-review";"Mehrfachbelegung mit 2 LAV-Einträgen; kein ausreichend klarer automatischer Gewinner für diesen Eintrag."
"StandingWater_DESTGEOT00002Wo6";"7-275-08-drei-locher-in-micheln";"7-275-08";"Drei Löcher in Micheln";"See";"review";"0.595";"43.4";"0.000";"2";"0.000";"v8-conflict-review";"Mehrfachbelegung mit 2 LAV-Einträgen; kein ausreichend klarer automatischer Gewinner für diesen Eintrag."
"StandingWater_DESTGEOT00002Wo6";"7-275-10-sonntalteich-bei-micheln";"7-275-10";"Sonntalteich bei Micheln";"Teich";"review";"0.595";"43.4";"0.000";"2";"0.000";"v8-conflict-review";"Mehrfachbelegung mit 2 LAV-Einträgen; kein ausreichend klarer automatischer Gewinner für diesen Eintrag."
"StandingWater_DESTGEOTR100guLT";"8-180-04-strohwalder-teich-grafenhainichen";"8-180-04";"Strohwalder Teich Gräfenhainichen";"Teich";"review";"0.000";"501.6";"0.000";"3";"0.000";"v8-conflict-review";"Mehrfachbelegung mit 3 LAV-Einträgen; kein ausreichend klarer automatischer Gewinner für diesen Eintrag."
"StandingWater_DESTGEOTR100guLT";"8-180-05-affenteich-grafenhainichen";"8-180-05";"Affenteich Gräfenhainichen";"Teich";"review";"0.000";"501.6";"0.000";"3";"0.000";"v8-conflict-review";"Mehrfachbelegung mit 3 LAV-Einträgen; kein ausreichend klarer automatischer Gewinner für diesen Eintrag."
"StandingWater_DESTGEOTR100guLT";"8-180-06-buchholzteich-grafenhainichen";"8-180-06";"Buchholzteich Gräfenhainichen";"Teich";"review";"0.000";"501.6";"0.000";"3";"0.000";"v8-conflict-review";"Mehrfachbelegung mit 3 LAV-Einträgen; kein ausreichend klarer automatischer Gewinner für diesen Eintrag."
"StandingWater_DESTGEOT00005Aua";"8-181-07-unterer-dorfteich-sollichau";"8-181-07";"Unterer Dorfteich Söllichau";"Teich";"review";"0.000";"322.0";"0.000";"3";"0.000";"v8-conflict-review";"Mehrfachbelegung mit 3 LAV-Einträgen; kein ausreichend klarer automatischer Gewinner für diesen Eintrag."
"StandingWater_DESTGEOT00005Aua";"8-181-09-ganseteich-in-sollichau";"8-181-09";"Gänseteich in Söllichau";"Teich";"review";"0.000";"322.0";"0.000";"3";"0.000";"v8-conflict-review";"Mehrfachbelegung mit 3 LAV-Einträgen; kein ausreichend klarer automatischer Gewinner für diesen Eintrag."
"StandingWater_DESTGEOT00005Aua";"8-181-12-schleifbach-bei-sollichau";"8-181-12";"Schleifbach bei Söllichau";"See";"review";"0.000";"322.0";"0.000";"3";"0.000";"v8-conflict-review";"Mehrfachbelegung mit 3 LAV-Einträgen; kein ausreichend klarer automatischer Gewinner für diesen Eintrag."
"Watercourse_DESTGEOT0000cmof_lin";"8-183-06-alter-graben-worlitz";"8-183-06";"Alter Graben Wörlitz";"Fließgewässer";"review";"0.719";"0.2";"0.000";"3";"0.000";"v8-conflict-review";"Mehrfachbelegung mit 3 LAV-Einträgen; kein ausreichend klarer automatischer Gewinner für diesen Eintrag."
"Watercourse_DESTGEOT0000cmof_lin";"8-183-07-am-fliegraben-diestelsee-bei-worlitz";"8-183-07";"Am Fließgraben-Diestelsee bei Wörlitz";"Fließgewässer";"review";"0.719";"0.2";"0.000";"3";"0.000";"v8-conflict-review";"Mehrfachbelegung mit 3 LAV-Einträgen; kein ausreichend klarer automatischer Gewinner für diesen Eintrag."
"Watercourse_DESTGEOT0000cmof_lin";"8-183-08-fuhrtgraben-bei-worlitz";"8-183-08";"Fuhrtgraben bei Wörlitz";"Fließgewässer";"review";"0.719";"0.2";"0.000";"3";"0.000";"v8-conflict-review";"Mehrfachbelegung mit 3 LAV-Einträgen; kein ausreichend klarer automatischer Gewinner für diesen Eintrag."
"StandingWater_DESTGEOTR100gxex";"8-183-10-groe-brage-bei-worlitz";"8-183-10";"Große Bräge bei Wörlitz";"See";"review";"0.000";"471.4";"0.000";"2";"0.000";"v8-conflict-review";"Mehrfachbelegung mit 2 LAV-Einträgen; kein ausreichend klarer automatischer Gewinner für diesen Eintrag."
"StandingWater_DESTGEOTR100gxex";"8-183-17-4-wallstiche-an-den-mittelholzern";"8-183-17";"4 Wallstiche an den Mittelhölzern";"See";"review";"0.000";"471.4";"0.000";"2";"0.000";"v8-conflict-review";"Mehrfachbelegung mit 2 LAV-Einträgen; kein ausreichend klarer automatischer Gewinner für diesen Eintrag."
"StandingWater_DESTGEOT0000exyd";"8-250-05-saulug-bei-jessen";"8-250-05";"Saulug bei Jessen";"See";"review";"0.605";"40.1";"0.000";"2";"0.000";"v8-conflict-review";"Mehrfachbelegung mit 2 LAV-Einträgen; kein ausreichend klarer automatischer Gewinner für diesen Eintrag."
"StandingWater_DESTGEOT0000exyd";"8-250-07-neuer-arm-in-jessen";"8-250-07";"Neuer Arm in Jessen";"See";"review";"0.605";"40.1";"0.000";"2";"0.000";"v8-conflict-review";"Mehrfachbelegung mit 2 LAV-Einträgen; kein ausreichend klarer automatischer Gewinner für diesen Eintrag."
"StandingWater_DESTGEOT00005Nbp";"8-460-10-fleischerwerder-bei-dabrun";"8-460-10";"Fleischerwerder bei Dabrun";"See";"review";"0.701";"6.7";"0.000";"4";"0.000";"v8-conflict-review";"Mehrfachbelegung mit 4 LAV-Einträgen; kein ausreichend klarer automatischer Gewinner für diesen Eintrag."
"StandingWater_DESTGEOT00005Nbp";"8-460-28-kleiner-ri-bei-dabrun-schleienloch";"8-460-28";"Kleiner Riß bei Dabrun (Schleienloch)";"See";"review";"0.701";"6.7";"0.000";"4";"0.000";"v8-conflict-review";"Mehrfachbelegung mit 4 LAV-Einträgen; kein ausreichend klarer automatischer Gewinner für diesen Eintrag."
"StandingWater_DESTGEOT00005Nbp";"8-460-37-sandekolk-bei-dabrun";"8-460-37";"Sandekolk bei Dabrun";"See";"review";"0.701";"6.7";"0.000";"4";"0.000";"v8-conflict-review";"Mehrfachbelegung mit 4 LAV-Einträgen; kein ausreichend klarer automatischer Gewinner für diesen Eintrag."
"StandingWater_DESTGEOT00005Nbp";"8-460-58-wilde-kolke-i-bei-dabrun-melzwig";"8-460-58";"Wilde Kölke I bei Dabrun/Melzwig";"See";"review";"0.701";"6.7";"0.000";"4";"0.000";"v8-conflict-review";"Mehrfachbelegung mit 4 LAV-Einträgen; kein ausreichend klarer automatischer Gewinner für diesen Eintrag."
"StandingWater_DESTGEOTR100eNRl";"8-460-14-teich-bleddin";"8-460-14";"Teich Bleddin";"Teich";"review";"0.702";"6.4";"0.000";"4";"0.000";"v8-conflict-review";"Mehrfachbelegung mit 4 LAV-Einträgen; kein ausreichend klarer automatischer Gewinner für diesen Eintrag."
"StandingWater_DESTGEOTR100eNRl";"8-460-15-schluft-bei-bleddin";"8-460-15";"Schluft bei Bleddin";"See";"review";"0.702";"6.4";"0.000";"4";"0.000";"v8-conflict-review";"Mehrfachbelegung mit 4 LAV-Einträgen; kein ausreichend klarer automatischer Gewinner für diesen Eintrag."
"StandingWater_DESTGEOTR100eNRl";"8-460-17-sandkolk-bleddin";"8-460-17";"Sandkolk Bleddin";"See";"review";"0.702";"6.4";"0.000";"4";"0.000";"v8-conflict-review";"Mehrfachbelegung mit 4 LAV-Einträgen; kein ausreichend klarer automatischer Gewinner für diesen Eintrag."
"StandingWater_DESTGEOTR100eNRl";"8-460-59-tiefes-loch-bleddin";"8-460-59";"Tiefes Loch Bleddin";"See";"review";"0.702";"6.4";"0.000";"4";"0.000";"v8-conflict-review";"Mehrfachbelegung mit 4 LAV-Einträgen; kein ausreichend klarer automatischer Gewinner für diesen Eintrag."
"StandingWater_DESTGEOT000025EF";"9-150-05-ottilienteich-bei-roblingen";"9-150-05";"Ottilienteich bei Röblingen";"Teich";"review";"0.000";"795.8";"0.000";"2";"0.000";"v8-conflict-review";"Mehrfachbelegung mit 2 LAV-Einträgen; kein ausreichend klarer automatischer Gewinner für diesen Eintrag."
"StandingWater_DESTGEOT000025EF";"9-150-18-tonloch-lauraberg-roblingen";"9-150-18";"Tonloch Lauraberg Röblingen";"See";"review";"0.000";"795.8";"0.000";"2";"0.000";"v8-conflict-review";"Mehrfachbelegung mit 2 LAV-Einträgen; kein ausreichend klarer automatischer Gewinner für diesen Eintrag."
"StandingWater_DESTGEOT00001U3B";"9-230-08-schaferteich-sylda";"9-230-08";"Schäferteich Sylda";"Teich";"review";"0.507";"73.9";"0.000";"3";"0.000";"v8-conflict-review";"Mehrfachbelegung mit 3 LAV-Einträgen; kein ausreichend klarer automatischer Gewinner für diesen Eintrag."
"StandingWater_DESTGEOT00001U3B";"9-230-09-dorfteich-sylda";"9-230-09";"Dorfteich Sylda";"Teich";"review";"0.507";"73.9";"0.000";"3";"0.000";"v8-conflict-review";"Mehrfachbelegung mit 3 LAV-Einträgen; kein ausreichend klarer automatischer Gewinner für diesen Eintrag."
"StandingWater_DESTGEOT00001U3B";"9-230-13-huttenteich-sylda";"9-230-13";"Hüttenteich Sylda";"Teich";"review";"0.507";"73.9";"0.000";"3";"0.000";"v8-conflict-review";"Mehrfachbelegung mit 3 LAV-Einträgen; kein ausreichend klarer automatischer Gewinner für diesen Eintrag."
"StandingWater_DESTGEOT00004Gvn";"10-210-03-friedrichsbad-in-zwintschona";"10-210-03";"Friedrichsbad in Zwintschöna";"See";"review";"0.528";"66.5";"0.000";"3";"0.000";"v8-conflict-review";"Mehrfachbelegung mit 3 LAV-Einträgen; kein ausreichend klarer automatischer Gewinner für diesen Eintrag."
"StandingWater_DESTGEOT00004Gvn";"10-210-04-dorfteich-in-zwintschona";"10-210-04";"Dorfteich in Zwintschöna";"Teich";"review";"0.528";"66.5";"0.000";"3";"0.000";"v8-conflict-review";"Mehrfachbelegung mit 3 LAV-Einträgen; kein ausreichend klarer automatischer Gewinner für diesen Eintrag."
"StandingWater_DESTGEOT00004Gvn";"10-210-05-muhlteich-in-zwintschona";"10-210-05";"Mühlteich in Zwintschöna";"Teich";"review";"0.528";"66.5";"0.000";"3";"0.000";"v8-conflict-review";"Mehrfachbelegung mit 3 LAV-Einträgen; kein ausreichend klarer automatischer Gewinner für diesen Eintrag."
"StandingWater_DESTGEOT00004vk8";"10-290-10-kleines-kohlenloch-bei-tollwitz";"10-290-10";"Kleines Kohlenloch bei Tollwitz";"See";"review";"0.692";"9.8";"0.000";"3";"0.000";"v8-conflict-review";"Mehrfachbelegung mit 3 LAV-Einträgen; kein ausreichend klarer automatischer Gewinner für diesen Eintrag."
"StandingWater_DESTGEOT00004vk8";"10-290-11-pfutze-bei-tollwitz";"10-290-11";"Pfütze bei Tollwitz";"See";"review";"0.692";"9.8";"0.000";"3";"0.000";"v8-conflict-review";"Mehrfachbelegung mit 3 LAV-Einträgen; kein ausreichend klarer automatischer Gewinner für diesen Eintrag."
"StandingWater_DESTGEOT00004vk8";"10-290-50-staubecken-tollwitz";"10-290-50";"Staubecken Tollwitz";"See";"review";"0.692";"9.8";"0.000";"3";"0.000";"v8-conflict-review";"Mehrfachbelegung mit 3 LAV-Einträgen; kein ausreichend klarer automatischer Gewinner für diesen Eintrag."
"Watercourse_DESTGEOT00004yBh_pol";"10-290-14-saale-im-altkreis-merseburg";"10-290-14";"Saale im Altkreis Merseburg";"Fließgewässer";"review";"0.719";"0.3";"0.000";"2";"0.000";"v8-conflict-review";"Mehrfachbelegung mit 2 LAV-Einträgen; kein ausreichend klarer automatischer Gewinner für diesen Eintrag."
"Watercourse_DESTGEOT00004yBh_pol";"10-290-25-umgehungskanal-merseburg";"10-290-25";"Umgehungskanal Merseburg";"Fließgewässer";"review";"0.719";"0.3";"0.000";"2";"0.000";"v8-conflict-review";"Mehrfachbelegung mit 2 LAV-Einträgen; kein ausreichend klarer automatischer Gewinner für diesen Eintrag."
"StandingWater_DESTGEOT00004y4S";"10-290-18-hirtenteich-in-zweimen";"10-290-18";"Hirtenteich in Zweimen";"Teich";"review";"0.235";"168.4";"0.000";"3";"0.000";"v8-conflict-review";"Mehrfachbelegung mit 3 LAV-Einträgen; kein ausreichend klarer automatischer Gewinner für diesen Eintrag."
"StandingWater_DESTGEOT00004y4S";"10-290-34-spitzteich-zweimen";"10-290-34";"Spitzteich Zweimen";"Teich";"review";"0.235";"168.4";"0.000";"3";"0.000";"v8-conflict-review";"Mehrfachbelegung mit 3 LAV-Einträgen; kein ausreichend klarer automatischer Gewinner für diesen Eintrag."
"StandingWater_DESTGEOT00004y4S";"10-290-46-teich-in-gohren";"10-290-46";"Teich in Göhren";"Teich";"review";"0.235";"168.4";"0.000";"3";"0.000";"v8-conflict-review";"Mehrfachbelegung mit 3 LAV-Einträgen; kein ausreichend klarer automatischer Gewinner für diesen Eintrag."
"StandingWater_DESTGEOT00004y4I";"10-290-53-kiessee-1-wallendorf";"10-290-53";"Kiessee 1 Wallendorf";"Kiesgrube";"review";"0.599";"41.9";"0.000";"2";"0.000";"v8-conflict-review";"Mehrfachbelegung mit 2 LAV-Einträgen; kein ausreichend klarer automatischer Gewinner für diesen Eintrag."
"StandingWater_DESTGEOT00004y4I";"10-290-55-kiessee-2-wallendorf";"10-290-55";"Kiessee 2 Wallendorf";"Kiesgrube";"review";"0.599";"41.9";"0.000";"2";"0.000";"v8-conflict-review";"Mehrfachbelegung mit 2 LAV-Einträgen; kein ausreichend klarer automatischer Gewinner für diesen Eintrag."
"StandingWater_DESTGEOT000007mh";"10-353-02-langer-teich-in-landgrafroda";"10-353-02";"Langer Teich in Landgrafroda";"Teich";"review";"0.683";"12.9";"0.000";"2";"0.000";"v8-conflict-review";"Mehrfachbelegung mit 2 LAV-Einträgen; kein ausreichend klarer automatischer Gewinner für diesen Eintrag."
"StandingWater_DESTGEOT000007mh";"10-353-05-backerteich-landgrafroda";"10-353-05";"Bäckerteich Landgrafroda";"Teich";"review";"0.683";"12.9";"0.000";"2";"0.000";"v8-conflict-review";"Mehrfachbelegung mit 2 LAV-Einträgen; kein ausreichend klarer automatischer Gewinner für diesen Eintrag."
"StandingWater_DESTGEOTR1008dzl";"10-370-04-schmiedern-am-gutzer-berg";"10-370-04";"Schmiedern am Gützer Berg";"See";"review";"0.000";"385.5";"0.000";"2";"0.000";"v8-conflict-review";"Mehrfachbelegung mit 2 LAV-Einträgen; kein ausreichend klarer automatischer Gewinner für diesen Eintrag."
"StandingWater_DESTGEOTR1008dzl";"10-370-06-steinbruche-am-spitzberg-bei-landsberg-b-bl-k-pl-ro-0-85";"10-370-06";"Steinbrüche am Spitzberg bei Landsberg B, Bl, K, Pl, Ro 0,85";"See";"review";"0.000";"385.5";"0.000";"2";"0.000";"v8-conflict-review";"Mehrfachbelegung mit 2 LAV-Einträgen; kein ausreichend klarer automatischer Gewinner für diesen Eintrag."
"StandingWater_DESTGEOT00002QqZ";"10-370-18-gewasser-an-der-seilbahn-i";"10-370-18";"Gewässer an der Seilbahn I";"See";"review";"0.604";"40.4";"0.000";"3";"0.000";"v8-conflict-review";"Mehrfachbelegung mit 3 LAV-Einträgen; kein ausreichend klarer automatischer Gewinner für diesen Eintrag."
"StandingWater_DESTGEOT00002QqZ";"10-370-25-tonloch-morl";"10-370-25";"Tonloch Morl";"See";"review";"0.604";"40.4";"0.000";"3";"0.000";"v8-conflict-review";"Mehrfachbelegung mit 3 LAV-Einträgen; kein ausreichend klarer automatischer Gewinner für diesen Eintrag."
"StandingWater_DESTGEOT00002QqZ";"10-370-33-seilbahn-iii-u-ii-bei-morl";"10-370-33";"Seilbahn III u. II bei Morl";"See";"review";"0.604";"40.4";"0.000";"3";"0.000";"v8-conflict-review";"Mehrfachbelegung mit 3 LAV-Einträgen; kein ausreichend klarer automatischer Gewinner für diesen Eintrag."
"StandingWater_DESTGEOT00004r3e";"11-241-02-mondsee-pirkau-bei-hohenmolsen";"11-241-02";"Mondsee Pirkau bei Hohenmölsen";"See";"review";"0.000";"401.1";"0.000";"2";"0.000";"v8-conflict-review";"Mehrfachbelegung mit 2 LAV-Einträgen; kein ausreichend klarer automatischer Gewinner für diesen Eintrag."
"StandingWater_DESTGEOT00004r3e";"11-241-04-eisensee-bei-hohenmolsen";"11-241-04";"Eisensee bei Hohenmölsen";"See";"review";"0.000";"401.1";"0.000";"2";"0.000";"v8-conflict-review";"Mehrfachbelegung mit 2 LAV-Einträgen; kein ausreichend klarer automatischer Gewinner für diesen Eintrag."
"StandingWater_DESTGEOT00002KP4";"11-482-01-hainbergsee-sachsen-anhalt-bereich-a-b-h-k-s-z-6-30";"11-482-01";"Hainbergsee (Sachsen-Anhalt-Bereich) A, B, H, K, S, Z 6,30";"See";"review";"0.000";"449.1";"0.000";"2";"0.000";"v8-conflict-review";"Mehrfachbelegung mit 2 LAV-Einträgen; kein ausreichend klarer automatischer Gewinner für diesen Eintrag."
"StandingWater_DESTGEOT00002KP4";"13-280-07-neustadter-see-ii-schonstrecke-beachten-a-b-bl-h-k-pl-s-28-00";"13-280-07";"Neustädter See II, Schonstrecke beachten A, B, Bl, H, K, Pl, S 28,00";"See";"review";"0.000";"449.1";"0.000";"2";"0.000";"v8-conflict-review";"Mehrfachbelegung mit 2 LAV-Einträgen; kein ausreichend klarer automatischer Gewinner für diesen Eintrag."
"StandingWater_DESTGEOT0000cnvd";"12-140-08-peisker-an-der-strae-zum-ot-rolau";"12-140-08";"Peisker an der Straße zum OT Roßlau";"See";"review";"0.000";"825.7";"0.000";"3";"0.000";"v8-conflict-review";"Mehrfachbelegung mit 3 LAV-Einträgen; kein ausreichend klarer automatischer Gewinner für diesen Eintrag."
"StandingWater_DESTGEOT0000cnvd";"12-140-09-fahrsee-an-der-strae-zum-ot-rolau";"12-140-09";"Fährsee an der Straße zum OT Roßlau";"See";"review";"0.000";"825.7";"0.000";"3";"0.000";"v8-conflict-review";"Mehrfachbelegung mit 3 LAV-Einträgen; kein ausreichend klarer automatischer Gewinner für diesen Eintrag."
"StandingWater_DESTGEOT0000cnvd";"12-360-02-karpfenteich-biethe-im-ot-rolau";"12-360-02";"Karpfenteich Biethe im OT Roßlau";"Teich";"review";"0.000";"825.7";"0.000";"3";"0.000";"v8-conflict-review";"Mehrfachbelegung mit 3 LAV-Einträgen; kein ausreichend klarer automatischer Gewinner für diesen Eintrag."
"StandingWater_DESTGEOT00002hHV";"13-280-13-else-kolke-bei-zipkeleben";"13-280-13";"Else-Kolke bei Zipkeleben";"See";"review";"0.571";"51.8";"0.000";"2";"0.000";"v8-conflict-review";"Mehrfachbelegung mit 2 LAV-Einträgen; kein ausreichend klarer automatischer Gewinner für diesen Eintrag."
"StandingWater_DESTGEOT00002hHV";"13-280-32-siel-zipkeleben";"13-280-32";"Siel Zipkeleben";"See";"review";"0.571";"51.8";"0.000";"2";"0.000";"v8-conflict-review";"Mehrfachbelegung mit 2 LAV-Einträgen; kein ausreichend klarer automatischer Gewinner für diesen Eintrag."
"Watercourse_DESTGEOTR1007HVE_pol";"13-280-18-alte-elbe-kreuzhorst";"13-280-18";"Alte Elbe Kreuzhorst";"Fließgewässer";"review";"0.685";"12.3";"0.000";"2";"0.000";"v8-conflict-review";"Mehrfachbelegung mit 2 LAV-Einträgen; kein ausreichend klarer automatischer Gewinner für diesen Eintrag."
"Watercourse_DESTGEOTR1007HVE_pol";"13-400-05-gelbes-loch-bei-randau";"13-400-05";"Gelbes Loch bei Randau";"Fließgewässer";"review";"0.685";"12.3";"0.000";"2";"0.000";"v8-conflict-review";"Mehrfachbelegung mit 2 LAV-Einträgen; kein ausreichend klarer automatischer Gewinner für diesen Eintrag."
