"id";"lavNumber";"name";"type";"result";"tier";"officialFeatureId";"officialDistanceM";"officialName";"officialCandidateCount";"nameScore";"distanceGapM";"featureUseCount";"reason"
"1-160-01-bruders-teich-bei-gardelegen";"1-160-01";"Brüders Teich bei Gardelegen";"Teich";"review";"v71-no-official-feature";"";"699.5";"";"2";"0.000";"7.1";"0";"Kein eindeutig referenzierbares amtliches Feature; bleibt im Review."
"1-160-03-kieskuhle-die-lange-wohrde";"1-160-03";"Kieskuhle (Die lange Wohrde)";"Kiesgrube";"review";"v71-no-official-feature";"";"699.5";"";"2";"0.000";"7.1";"0";"Kein eindeutig referenzierbares amtliches Feature; bleibt im Review."
"1-160-04-stadtgraben-in-gardelegen";"1-160-04";"Stadtgraben in Gardelegen";"Fließgewässer";"review";"v71-no-official-feature";"";"27.2";"";"9";"0.000";"34.5";"0";"Kein eindeutig referenzierbares amtliches Feature; bleibt im Review."
"1-160-05-lindenthaler-teich-bei-gardelegen";"1-160-05";"Lindenthaler Teich bei Gardelegen";"Teich";"review";"v71-no-official-feature";"";"699.5";"";"2";"0.000";"7.1";"0";"Kein eindeutig referenzierbares amtliches Feature; bleibt im Review."
"1-160-12-mahlbusen-heidberg-bei-estedt";"1-160-12";"Mahlbusen-Heidberg bei Estedt";"See";"review";"v71-no-official-feature";"";"";"";"0";"0.000";"";"0";"Kein eindeutig referenzierbares amtliches Feature; bleibt im Review."
"1-160-15-blechbudenteich-bei";"1-160-15";"Blechbudenteich bei";"Teich";"review";"v71-no-official-feature";"";"";"";"0";"0.000";"";"0";"Kein eindeutig referenzierbares amtliches Feature; bleibt im Review."
"1-160-17-kellerbuschteiche-lindstedt";"1-160-17";"Kellerbuschteiche Lindstedt";"Teich";"review";"v71-no-official-feature";"";"425";"";"1";"0.000";"9999";"0";"Kein eindeutig referenzierbares amtliches Feature; bleibt im Review."
"1-160-19-teich-faule-breite-bei-letzlingen";"1-160-19";"Teich „Faule Breite“ bei Letzlingen";"Teich";"review";"v71-no-official-feature";"";"86";"";"1";"0.000";"9999";"0";"Kein eindeutig referenzierbares amtliches Feature; bleibt im Review."
"1-160-21-kiesgrube-wernitz";"1-160-21";"Kiesgrube Wernitz";"Kiesgrube";"review";"v71-no-official-feature";"";"473";"";"2";"0.000";"75.5";"0";"Kein eindeutig referenzierbares amtliches Feature; bleibt im Review."
"1-160-23-grube-minna-bei-kassieck";"1-160-23";"Grube Minna bei Kassieck";"Kiesgrube";"review";"v71-no-official-feature";"";"";"";"0";"0.000";"";"0";"Kein eindeutig referenzierbares amtliches Feature; bleibt im Review."
"1-161-03-untere-milde-von-winkelstedt";"1-161-03";"Untere Milde von Winkelstedt";"Fließgewässer";"review";"v71-no-official-feature";"";"229.9";"";"6";"0.000";"18.1";"0";"Kein eindeutig referenzierbares amtliches Feature; bleibt im Review."
"1-260-01-dorfteich-miesterhorst";"1-260-01";"Dorfteich Miesterhorst";"Teich";"review";"v71-no-official-feature";"";"";"";"0";"0.000";"";"0";"Kein eindeutig referenzierbares amtliches Feature; bleibt im Review."
"1-260-02-anglerteiche-apenburg";"1-260-02";"Anglerteiche Apenburg";"Teich";"review";"v71-no-official-feature";"";"137";"";"4";"0.000";"16.6";"0";"Kein eindeutig referenzierbares amtliches Feature; bleibt im Review."
"1-260-08-langer-teich-immekath";"1-260-08";"Langer Teich Immekath";"Teich";"review";"v71-no-official-feature";"";"664";"";"1";"0.000";"9999";"0";"Kein eindeutig referenzierbares amtliches Feature; bleibt im Review."
"1-260-09-neues-gewasser-in-klotze";"1-260-09";"Neues Gewässer in Klötze";"See";"review";"v71-no-official-feature";"";"";"";"0";"0.000";"";"0";"Kein eindeutig referenzierbares amtliches Feature; bleibt im Review."
"1-260-11-jeetze-von-dorfstrae-im-amt";"1-260-11";"Jeetze von Dorfstraße im Amt";"Fließgewässer";"review";"v71-no-official-feature";"";"0.7";"";"14";"0.000";"6.4";"0";"Kein eindeutig referenzierbares amtliches Feature; bleibt im Review."
"1-260-12-alte-badeanstalt-bei-jahrstedt";"1-260-12";"Alte Badeanstalt bei Jahrstedt";"See";"review";"v71-no-official-feature";"";"930.3";"";"2";"0.000";"77.8";"0";"Kein eindeutig referenzierbares amtliches Feature; bleibt im Review."
"1-260-13-dorfteich-steimke";"1-260-13";"Dorfteich Steimke";"Teich";"review";"v71-no-official-feature";"";"";"";"0";"0.000";"";"0";"Kein eindeutig referenzierbares amtliches Feature; bleibt im Review."
"1-260-14-ohre-in-steimke";"1-260-14";"Ohre in Steimke";"Fließgewässer";"review";"v71-no-official-feature";"";"743.5";"";"7";"0.000";"94.2";"0";"Kein eindeutig referenzierbares amtliches Feature; bleibt im Review."
"1-260-16-ehemalige-klarteiche-in-kusey";"1-260-16";"ehemalige Klärteiche in Kusey";"Teich";"review";"v71-no-official-feature";"";"";"";"0";"0.000";"";"0";"Kein eindeutig referenzierbares amtliches Feature; bleibt im Review."
"1-260-17-radestucken-neuekrug";"1-260-17";"Radestücken Neuekrug";"See";"review";"v71-no-official-feature";"";"393";"";"1";"0.000";"9999";"0";"Kein eindeutig referenzierbares amtliches Feature; bleibt im Review."
"1-260-19-groe-rothe-neuferchau";"1-260-19";"Große Röthe Neuferchau";"See";"review";"v71-no-official-feature";"";"513.3";"";"1";"0.000";"9999";"0";"Kein eindeutig referenzierbares amtliches Feature; bleibt im Review."
"1-260-20-untere-milde-cheinitz";"1-260-20";"Untere Milde Cheinitz";"Fließgewässer";"review";"v71-no-official-feature";"";"22.1";"";"5";"0.000";"23.9";"0";"Kein eindeutig referenzierbares amtliches Feature; bleibt im Review."
"1-260-21-brookbuschteich-immekath";"1-260-21";"Brookbuschteich Immekath";"Teich";"review";"v71-no-official-feature";"";"664";"";"1";"0.000";"9999";"0";"Kein eindeutig referenzierbares amtliches Feature; bleibt im Review."
"1-380-01-plattensee-bei-winterfeld";"1-380-01";"Plattensee bei Winterfeld";"See";"review";"v71-no-official-feature";"";"";"";"0";"0.000";"";"0";"Kein eindeutig referenzierbares amtliches Feature; bleibt im Review."
"1-380-03-1-tonstich-in-den-beekwiesen";"1-380-03";"1. Tonstich in den Beekwiesen";"See";"review";"v71-no-official-feature";"";"513";"Pfefferteich";"2";"0.000";"456.6";"0";"Kein eindeutig referenzierbares amtliches Feature; bleibt im Review."
"1-380-05-teich-in-langenapel";"1-380-05";"Teich in Langenapel";"Teich";"review";"v71-no-official-feature";"";"5";"";"3";"0.000";"16.8";"0";"Kein eindeutig referenzierbares amtliches Feature; bleibt im Review."
"2-330-24-der-haken-am-hausberg-bei";"2-330-24";"Der Haken am Hausberg bei";"See";"review";"v71-no-official-feature";"";"163.5";"";"1";"0.000";"9999";"0";"Kein eindeutig referenzierbares amtliches Feature; bleibt im Review."
"2-330-25-schonberger-baggerloch";"2-330-25";"Schönberger Baggerloch";"See";"review";"v71-no-official-feature";"";"21.7";"";"2";"0.000";"52.4";"0";"Kein eindeutig referenzierbares amtliches Feature; bleibt im Review."
"2-330-29-bodenentnahmestelle-losenrade-1";"2-330-29";"Bodenentnahmestelle Losenrade 1";"Fließgewässer";"review";"v71-no-official-feature";"";"1.5";"";"4";"0.000";"4.2";"0";"Kein eindeutig referenzierbares amtliches Feature; bleibt im Review."
"2-330-31-baggersee-feldneuendorf";"2-330-31";"Baggersee Feldneuendorf";"See";"review";"v71-no-official-feature";"";"541.9";"";"4";"0.000";"46.4";"0";"Kein eindeutig referenzierbares amtliches Feature; bleibt im Review."
"2-334-03-wasserkuhle-langes-loch";"2-334-03";"Wasserkuhle Langes Loch";"See";"review";"v71-no-official-feature";"";"38.7";"";"3";"0.000";"117.4";"0";"Kein eindeutig referenzierbares amtliches Feature; bleibt im Review."
"2-334-05-kiesgrube-schwimmbad-bei";"2-334-05";"Kiesgrube Schwimmbad bei";"Kiesgrube";"review";"v71-no-official-feature";"";"163.5";"";"1";"0.000";"9999";"0";"Kein eindeutig referenzierbares amtliches Feature; bleibt im Review."
"2-334-06-volkes-locher-in-rabel";"2-334-06";"Völkes Löcher in Räbel";"See";"review";"v71-no-official-feature";"";"17.1";"";"3";"0.000";"67.7";"0";"Kein eindeutig referenzierbares amtliches Feature; bleibt im Review."
"2-420-01-kohnsee-kladen";"2-420-01";"Köhnsee Kläden";"See";"review";"v71-no-official-feature";"";"465.3";"";"3";"0.000";"23.7";"0";"Kein eindeutig referenzierbares amtliches Feature; bleibt im Review."
"2-420-02-schludenlanke-elbnebengewasser";"2-420-02";"Schlüdenlanke (Elbnebengewässer)";"See";"review";"v71-no-official-feature";"";"586.9";"";"3";"0.000";"129.3";"0";"Kein eindeutig referenzierbares amtliches Feature; bleibt im Review."
"2-420-05-kiesgrube-schernikau";"2-420-05";"Kiesgrube Schernikau";"Kiesgrube";"review";"v71-no-official-feature";"";"";"";"0";"0.000";"";"0";"Kein eindeutig referenzierbares amtliches Feature; bleibt im Review."
"2-420-07-ziegeleiteich-charlottenhof-bei";"2-420-07";"Ziegeleiteich Charlottenhof bei";"Teich";"review";"v71-no-official-feature";"";"163.5";"";"1";"0.000";"9999";"0";"Kein eindeutig referenzierbares amtliches Feature; bleibt im Review."
"2-420-09-uchte-von-strae-tornau";"2-420-09";"Uchte von Straße Tornau-";"See";"review";"v71-no-official-feature";"";"";"";"0";"0.000";"";"0";"Kein eindeutig referenzierbares amtliches Feature; bleibt im Review."
"2-420-11-fieber-in-stendal";"2-420-11";"Fieber in Stendal";"See";"review";"v71-no-official-feature";"";"188.6";"Stadtsee";"1";"0.000";"9999";"0";"Kein eindeutig referenzierbares amtliches Feature; bleibt im Review."
"2-421-03-gr-und-kl-parkteich-in-tangerhutte";"2-421-03";"Gr. und Kl. Parkteich in Tangerhütte";"Teich";"review";"v71-no-official-feature";"";"82.9";"";"2";"0.000";"30.4";"0";"Kein eindeutig referenzierbares amtliches Feature; bleibt im Review."
"2-421-07-lehmkuhle-in-cobbel";"2-421-07";"Lehmkuhle in Cobbel";"See";"review";"v71-no-official-feature";"";"699.3";"";"1";"0.000";"9999";"0";"Kein eindeutig referenzierbares amtliches Feature; bleibt im Review."
"2-421-09-winkelwiesenteich-uchtdorf";"2-421-09";"Winkelwiesenteich Uchtdorf";"Teich";"review";"v71-no-official-feature";"";"";"";"0";"0.000";"";"0";"Kein eindeutig referenzierbares amtliches Feature; bleibt im Review."
"2-422-02-altes-kiesloch-bei-tangermunde";"2-422-02";"Altes Kiesloch bei Tangermünde";"Kiesgrube";"review";"v71-no-official-feature";"";"105.1";"";"1";"0.000";"9999";"0";"Kein eindeutig referenzierbares amtliches Feature; bleibt im Review."
"2-422-03-neues-kiesloch-bei-tangermunde";"2-422-03";"Neues Kiesloch bei Tangermünde";"Kiesgrube";"review";"v71-no-official-feature";"";"105.1";"";"1";"0.000";"9999";"0";"Kein eindeutig referenzierbares amtliches Feature; bleibt im Review."
"2-422-04-hartsteinwerke-bei-tangermunde";"2-422-04";"Hartsteinwerke bei Tangermünde";"See";"review";"v71-no-official-feature";"";"105.1";"";"1";"0.000";"9999";"0";"Kein eindeutig referenzierbares amtliches Feature; bleibt im Review."
"2-422-13-bolsdorfer-tanger";"2-422-13";"Bölsdorfer Tanger";"See";"review";"v71-no-official-feature";"";"382";"";"1";"0.000";"9999";"0";"Kein eindeutig referenzierbares amtliches Feature; bleibt im Review."
"2-422-14-hafenbecken-tangermunde";"2-422-14";"Hafenbecken Tangermünde";"See";"review";"v71-no-official-feature";"";"105.1";"";"1";"0.000";"9999";"0";"Kein eindeutig referenzierbares amtliches Feature; bleibt im Review."
"2-423-02-bucher-kl-lanke";"2-423-02";"Bucher kl. Lanke";"See";"review";"v71-no-official-feature";"";"187";"";"1";"0.000";"9999";"0";"Kein eindeutig referenzierbares amtliches Feature; bleibt im Review."
"2-423-03-bucher-lanke";"2-423-03";"Bucher Lanke";"See";"review";"v71-no-official-feature";"";"187";"";"1";"0.000";"9999";"0";"Kein eindeutig referenzierbares amtliches Feature; bleibt im Review."
"2-426-01-jaeneckes-teiche-bei-stendal";"2-426-01";"Jaeneckes Teiche bei Stendal";"Teich";"review";"v71-no-official-feature";"";"188.6";"Stadtsee";"1";"0.000";"9999";"0";"Kein eindeutig referenzierbares amtliches Feature; bleibt im Review."
"3-200-01-sieben-insel-teich-in-flechtingen";"3-200-01";"Sieben-Insel-Teich in Flechtingen";"Teich";"review";"v71-no-official-feature";"";"35.8";"Schloßteich";"3";"0.000";"205.5";"0";"Kein eindeutig referenzierbares amtliches Feature; bleibt im Review."
"3-200-02-holzmuhlenteich-in-flechtingen";"3-200-02";"Holzmühlenteich in Flechtingen";"Teich";"review";"v71-no-official-feature";"";"35.8";"Schloßteich";"3";"0.000";"205.5";"0";"Kein eindeutig referenzierbares amtliches Feature; bleibt im Review."
"3-200-03-muhlenteich-flechtingen";"3-200-03";"Mühlenteich Flechtingen";"Teich";"review";"v71-no-official-feature";"";"35.8";"Schloßteich";"3";"0.000";"205.5";"0";"Kein eindeutig referenzierbares amtliches Feature; bleibt im Review."
"3-200-04-schloteich-in-flechtingen";"3-200-04";"Schloßteich in Flechtingen";"Teich";"review";"v71-no-official-feature";"";"101.8";"Schloßteich";"4";"0.444";"67.2";"0";"Kein eindeutig referenzierbares amtliches Feature; bleibt im Review."
"3-200-06-muhlenteich-flechtingen";"3-200-06";"Mühlenteich Flechtingen";"Teich";"review";"v71-no-official-feature";"";"35.8";"Schloßteich";"3";"0.000";"205.5";"0";"Kein eindeutig referenzierbares amtliches Feature; bleibt im Review."
"3-200-09-nachtwiese-bei-bebertal";"3-200-09";"Nachtwiese bei Bebertal";"See";"review";"v71-no-official-feature";"";"426.6";"";"2";"0.000";"46.8";"0";"Kein eindeutig referenzierbares amtliches Feature; bleibt im Review."
"3-200-10-haidteich-bei-bebertal";"3-200-10";"Haidteich bei Bebertal";"Teich";"review";"v71-no-official-feature";"";"426.6";"";"2";"0.000";"46.8";"0";"Kein eindeutig referenzierbares amtliches Feature; bleibt im Review."
"3-200-11-steinbruche-nordhusen";"3-200-11";"Steinbrüche Nordhusen";"See";"review";"v71-no-official-feature";"";"301.9";"";"1";"0.000";"9999";"0";"Kein eindeutig referenzierbares amtliches Feature; bleibt im Review."
"3-200-13-hofteich-bodendorf";"3-200-13";"Hofteich Bodendorf";"Fließgewässer";"review";"v71-no-official-feature";"";"11.1";"";"4";"0.000";"1.4";"0";"Kein eindeutig referenzierbares amtliches Feature; bleibt im Review."
"3-200-16-neuer-teich-in-bebertal";"3-200-16";"Neuer Teich in Bebertal";"Teich";"review";"v71-no-official-feature";"";"426.6";"";"2";"0.000";"46.8";"0";"Kein eindeutig referenzierbares amtliches Feature; bleibt im Review."
"3-200-30-wiemeckenbruch-bei-belsdorf";"3-200-30";"Wiemeckenbruch bei Belsdorf";"See";"review";"v71-no-official-feature";"";"874.6";"";"1";"0.000";"9999";"0";"Kein eindeutig referenzierbares amtliches Feature; bleibt im Review."
"3-200-37-schafbade-bei-erxleben";"3-200-37";"Schafbade bei Erxleben";"See";"review";"v71-no-official-feature";"";"186.1";"";"1";"0.000";"9999";"0";"Kein eindeutig referenzierbares amtliches Feature; bleibt im Review."
"3-200-40-silbersee-bei-calvorde";"3-200-40";"Silbersee bei Calvörde";"See";"review";"v71-no-official-feature";"";"697.5";"";"1";"0.000";"9999";"0";"Kein eindeutig referenzierbares amtliches Feature; bleibt im Review."
"3-200-45-beber-von-einmundung-der-rie";"3-200-45";"Beber von Einmündung der Rie";"See";"review";"v71-no-official-feature";"";"";"";"0";"0.000";"";"0";"Kein eindeutig referenzierbares amtliches Feature; bleibt im Review."
"3-200-46-wanneweh-von-einmundung-des";"3-200-46";"Wanneweh von Einmündung des";"See";"review";"v71-no-official-feature";"";"42.2";"";"1";"0.000";"9999";"0";"Kein eindeutig referenzierbares amtliches Feature; bleibt im Review."
"3-200-47-markgrafenteich-bei-bebertal";"3-200-47";"Markgrafenteich bei Bebertal";"Teich";"review";"v71-no-official-feature";"";"426.6";"";"2";"0.000";"46.8";"0";"Kein eindeutig referenzierbares amtliches Feature; bleibt im Review."
"3-200-48-papenteich-bei-emden";"3-200-48";"Papenteich bei Emden";"Teich";"review";"v71-no-official-feature";"";"";"";"0";"0.000";"";"0";"Kein eindeutig referenzierbares amtliches Feature; bleibt im Review."
"3-200-52-regenruckhaltebecken-in-hermsdorf";"3-200-52";"Regenrückhaltebecken in Hermsdorf";"See";"review";"v71-no-official-feature";"";"556.9";"";"1";"0.000";"9999";"0";"Kein eindeutig referenzierbares amtliches Feature; bleibt im Review."
"4-130-34-flickschuhteich-burg";"4-130-34";"Flickschuhteich Burg";"Teich";"review";"v71-no-official-feature";"";"295.1";"";"1";"0.000";"9999";"0";"Kein eindeutig referenzierbares amtliches Feature; bleibt im Review."
"4-170-06-kiesgrube-brettiner-chaussee-ein";"4-170-06";"Kiesgrube Brettiner Chaussee Ein-";"Kiesgrube";"review";"v71-no-official-feature";"";"593.9";"";"1";"0.000";"9999";"0";"Kein eindeutig referenzierbares amtliches Feature; bleibt im Review."
"4-170-13-fiener-hauptvorfluter-vom-wehr";"4-170-13";"Fiener Hauptvorfluter vom Wehr";"See";"review";"v71-no-official-feature";"";"191.2";"";"1";"0.000";"9999";"0";"Kein eindeutig referenzierbares amtliches Feature; bleibt im Review."
"4-170-15-schlagenthiner-stremme-vom-rodorfer-a-b-bl-h-pl-s-7-00-altkanal-bis-zur-hauptstremme";"4-170-15";"Schlagenthiner Stremme vom Roßdorfer A, B, Bl, H, Pl, S 7,00 Altkanal bis zur Hauptstremme";"Fließgewässer";"review";"v71-no-official-feature";"";"6";"";"7";"0.000";"21.8";"0";"Kein eindeutig referenzierbares amtliches Feature; bleibt im Review."
"4-170-16-elbe-havel-kanal-von-km-360-bis-364-5-a-b-bl-h-k-71-92-brucke-b1-ortsausgang-genthin-und";"4-170-16";"Elbe-Havel-Kanal von km 360 bis 364, 5 A, B, Bl, H, K, 71,92 (Brücke B1 Ortsausgang Genthin) und";"Fließgewässer";"review";"v71-no-official-feature";"";"0.1";"";"10";"0.000";"53.3";"0";"Kein eindeutig referenzierbares amtliches Feature; bleibt im Review."
"4-170-17-2-teiche-im-parchener-park";"4-170-17";"2 Teiche im Parchener Park";"Teich";"review";"v71-no-official-feature";"";"229.1";"";"1";"0.000";"9999";"0";"Kein eindeutig referenzierbares amtliches Feature; bleibt im Review."
"4-171-04-kiesgrube-an-der-mts-in-parey";"4-171-04";"Kiesgrube an der MTS in Parey";"Kiesgrube";"review";"v71-no-official-feature";"";"";"";"0";"0.000";"";"0";"Kein eindeutig referenzierbares amtliches Feature; bleibt im Review."
"4-171-14-stromelbe-von-km-372-4";"4-171-14";"Stromelbe von km 372,4";"Fließgewässer";"review";"v71-no-official-feature";"";"103";"";"5";"0.000";"136.4";"0";"Kein eindeutig referenzierbares amtliches Feature; bleibt im Review."
"4-171-16-zerbener-altarm-am";"4-171-16";"Zerbener Altarm am";"See";"review";"v71-no-official-feature";"";"202.7";"";"1";"0.000";"9999";"0";"Kein eindeutig referenzierbares amtliches Feature; bleibt im Review."
"4-171-18-waldmuhlenlanke-bei-parey";"4-171-18";"Waldmühlenlanke bei Parey";"See";"review";"v71-no-official-feature";"";"";"";"0";"0.000";"";"0";"Kein eindeutig referenzierbares amtliches Feature; bleibt im Review."
"4-171-19-pappelloch-bei-parey";"4-171-19";"Pappelloch bei Parey";"See";"review";"v71-no-official-feature";"";"";"";"0";"0.000";"";"0";"Kein eindeutig referenzierbares amtliches Feature; bleibt im Review."
"4-171-20-wolfsloch-1-und-2-bei-parey";"4-171-20";"Wolfsloch 1 und 2 bei Parey";"See";"review";"v71-no-official-feature";"";"";"";"0";"0.000";"";"0";"Kein eindeutig referenzierbares amtliches Feature; bleibt im Review."
"4-171-21-erdegraben-bei-parey";"4-171-21";"Erdegraben bei Parey";"Fließgewässer";"review";"v71-no-official-feature";"";"418.1";"";"1";"0.000";"9999";"0";"Kein eindeutig referenzierbares amtliches Feature; bleibt im Review."
"4-171-22-hemslake-bei-parey";"4-171-22";"Hemslake bei Parey";"See";"review";"v71-no-official-feature";"";"";"";"0";"0.000";"";"0";"Kein eindeutig referenzierbares amtliches Feature; bleibt im Review."
"4-171-25-groes-wasserloch-parey-kuhn-s-loch";"4-171-25";"Großes Wasserloch Parey (Kühn´s Loch)";"See";"review";"v71-no-official-feature";"";"146.7";"Kühnes Loch";"3";"0.167";"48.3";"0";"Kein eindeutig referenzierbares amtliches Feature; bleibt im Review."
"4-171-27-herrensee-parey";"4-171-27";"Herrensee Parey";"See";"review";"v71-no-official-feature";"";"";"";"0";"0.000";"";"0";"Kein eindeutig referenzierbares amtliches Feature; bleibt im Review."
"4-172-01-elbe-havel-kanal-von-km-364-5";"4-172-01";"Elbe-Havel-Kanal von km 364,5";"Fließgewässer";"review";"v71-no-official-feature";"";"";"";"0";"0.000";"";"0";"Kein eindeutig referenzierbares amtliches Feature; bleibt im Review."
"4-173-02-elbe-havel-kanal-von-km-353-km-360";"4-173-02";"Elbe-Havel-Kanal von km 353 - km 360";"Fließgewässer";"review";"v71-no-official-feature";"";"98.5";"";"3";"0.000";"7.8";"0";"Kein eindeutig referenzierbares amtliches Feature; bleibt im Review."
"4-490-03-schloteich-und-2-nebenteiche-in";"4-490-03";"Schloßteich und 2 Nebenteiche in";"Teich";"review";"v71-no-official-feature";"";"699.8";"";"2";"0.000";"27.8";"0";"Kein eindeutig referenzierbares amtliches Feature; bleibt im Review."
"4-491-02-griebensee-bei-prodel";"4-491-02";"Griebensee bei Prödel";"See";"review";"v71-no-official-feature";"";"571.8";"";"1";"0.000";"9999";"0";"Kein eindeutig referenzierbares amtliches Feature; bleibt im Review."
"4-492-03-kleiner-teich-bei-dalchau";"4-492-03";"Kleiner Teich bei Dalchau";"Teich";"review";"v71-no-official-feature";"";"483";"";"2";"0.000";"58";"0";"Kein eindeutig referenzierbares amtliches Feature; bleibt im Review."
"4-492-04-teich-in-gobel";"4-492-04";"Teich in Göbel";"Teich";"review";"v71-no-official-feature";"";"46";"";"2";"0.000";"18.5";"0";"Kein eindeutig referenzierbares amtliches Feature; bleibt im Review."
"5-101-01-kiesgrube-zwischen-aschersleben";"5-101-01";"Kiesgrube zwischen Aschersleben";"Kiesgrube";"review";"v71-no-official-feature";"";"";"";"0";"0.000";"";"0";"Kein eindeutig referenzierbares amtliches Feature; bleibt im Review."
"5-190-01-krummer-teich-bei-dingelstedt";"5-190-01";"Krummer Teich bei Dingelstedt";"Teich";"review";"v71-no-official-feature";"";"417.9";"Schusterteich";"2";"0.000";"22.2";"0";"Kein eindeutig referenzierbares amtliches Feature; bleibt im Review."
"5-190-08-halberstadter-see-ii";"5-190-08";"Halberstädter See II";"See";"review";"v71-no-official-feature";"";"244.8";"";"1";"0.000";"9999";"0";"Kein eindeutig referenzierbares amtliches Feature; bleibt im Review."
"5-191-01-fischteich-osterwieck";"5-191-01";"Fischteich Osterwieck";"Teich";"review";"v71-no-official-feature";"";"40.4";"";"1";"0.000";"9999";"0";"Kein eindeutig referenzierbares amtliches Feature; bleibt im Review."
"5-191-03-turmteich-eilenstedt";"5-191-03";"Turmteich Eilenstedt";"Teich";"review";"v71-no-official-feature";"";"37.7";"";"1";"0.000";"9999";"0";"Kein eindeutig referenzierbares amtliches Feature; bleibt im Review."
"5-340-01-erichsburger-teich-bei-friedrichsbrunn";"5-340-01";"Erichsburger Teich bei Friedrichsbrunn";"Teich";"review";"v71-no-official-feature";"";"305.1";"";"1";"0.000";"9999";"0";"Kein eindeutig referenzierbares amtliches Feature; bleibt im Review."
"5-340-02-bergrat-muller-teich-bei-gernrode";"5-340-02";"Bergrat-Müller Teich bei Gernrode";"Teich";"review";"v71-no-official-feature";"";"593.1";"Hagenteich";"3";"0.000";"135.8";"0";"Kein eindeutig referenzierbares amtliches Feature; bleibt im Review."
"5-340-03-neuer-teich-bei-gernrode";"5-340-03";"Neuer Teich bei Gernrode";"Teich";"review";"v71-no-official-feature";"";"593.1";"Hagenteich";"3";"0.000";"135.8";"0";"Kein eindeutig referenzierbares amtliches Feature; bleibt im Review."
"5-340-06-hauptseegraben-von-kreisgrenze";"5-340-06";"Hauptseegraben von Kreisgrenze";"Fließgewässer";"review";"v71-no-official-feature";"";"120";"";"3";"0.000";"169.7";"0";"Kein eindeutig referenzierbares amtliches Feature; bleibt im Review."
"5-340-11-kleiner-siebersteinsteich-bei-ballenstedt-b-h-k-pl-s-z-1-80";"5-340-11";"Kleiner Siebersteinsteich bei Ballenstedt B, H, K, Pl, S, Z 1,80";"Teich";"review";"v71-no-official-feature";"";"448.2";"Neuer Teich";"3";"0.000";"356.2";"0";"Kein eindeutig referenzierbares amtliches Feature; bleibt im Review."
"5-340-12-gondelteich-in-friedrichsbrunn";"5-340-12";"Gondelteich in Friedrichsbrunn";"Teich";"review";"v71-no-official-feature";"";"305.1";"";"1";"0.000";"9999";"0";"Kein eindeutig referenzierbares amtliches Feature; bleibt im Review."
"5-340-13-selke-von-kreisgrenze";"5-340-13";"Selke von Kreisgrenze";"Fließgewässer";"review";"v71-no-official-feature";"";"0.3";"";"3";"0.000";"3.7";"0";"Kein eindeutig referenzierbares amtliches Feature; bleibt im Review."
"5-340-14-gondelteich-thale";"5-340-14";"Gondelteich Thale";"Teich";"review";"v71-no-official-feature";"";"";"";"0";"0.000";"";"0";"Kein eindeutig referenzierbares amtliches Feature; bleibt im Review."
"5-340-15-glockenteich-ballenstedt";"5-340-15";"Glockenteich Ballenstedt";"Teich";"review";"v71-no-official-feature";"";"448.2";"Neuer Teich";"3";"0.000";"356.2";"0";"Kein eindeutig referenzierbares amtliches Feature; bleibt im Review."
"5-340-16-flottenteich-weddersleben";"5-340-16";"Flottenteich Weddersleben";"Teich";"review";"v71-no-official-feature";"";"674.6";"";"1";"0.000";"9999";"0";"Kein eindeutig referenzierbares amtliches Feature; bleibt im Review."
"5-340-18-kiessandtagebau-ditfurt-ii";"5-340-18";"Kiessandtagebau Ditfurt II";"Kiesgrube";"review";"v71-no-official-feature";"";"1111.9";"";"1";"0.000";"9999";"0";"Kein eindeutig referenzierbares amtliches Feature; bleibt im Review."
"5-340-19-petersstichel-thale";"5-340-19";"Petersstichel Thale";"See";"review";"v71-no-official-feature";"";"";"";"0";"0.000";"";"0";"Kein eindeutig referenzierbares amtliches Feature; bleibt im Review."
"5-340-20-muhlgraben-thale-0-25";"5-340-20";"Mühlgraben Thale 0,25";"Fließgewässer";"review";"v71-no-official-feature";"";"215.6";"";"4";"0.000";"11";"0";"Kein eindeutig referenzierbares amtliches Feature; bleibt im Review."
"5-340-22-schloteich-ballenstedt";"5-340-22";"Schloßteich Ballenstedt";"Teich";"review";"v71-no-official-feature";"";"448.2";"Neuer Teich";"3";"0.000";"356.2";"0";"Kein eindeutig referenzierbares amtliches Feature; bleibt im Review."
"5-450-02-groer-schachtteich-bei-wienrode";"5-450-02";"Großer Schachtteich bei Wienrode";"Teich";"review";"v71-no-official-feature";"";"76.1";"Schachtteich";"3";"0.364";"42.3";"0";"Kein eindeutig referenzierbares amtliches Feature; bleibt im Review."
"5-450-03-brockenstedter-muhle";"5-450-03";"Brockenstedter Mühle";"See";"review";"v71-no-official-feature";"";"323.7";"";"1";"0.000";"9999";"0";"Kein eindeutig referenzierbares amtliches Feature; bleibt im Review."
"5-450-05-kleiner-schachtteich-bei-wienrode-a-b-h-k-pl-s-z-0-47";"5-450-05";"Kleiner Schachtteich bei Wienrode A, B, H, K, Pl, S, Z 0,47";"Teich";"review";"v71-no-official-feature";"";"76.1";"Schachtteich";"3";"0.226";"42.3";"0";"Kein eindeutig referenzierbares amtliches Feature; bleibt im Review."
"5-450-06-wiesenteich-bei-wienrode";"5-450-06";"Wiesenteich bei Wienrode";"Teich";"review";"v71-no-official-feature";"";"76.1";"Schachtteich";"3";"0.000";"42.3";"0";"Kein eindeutig referenzierbares amtliches Feature; bleibt im Review."
"6-100-06-tonkuhle-nahry-aschersleben";"6-100-06";"Tonkuhle Nahry Aschersleben";"See";"review";"v71-no-official-feature";"";"573.8";"Gondelteich";"1";"0.000";"9999";"0";"Kein eindeutig referenzierbares amtliches Feature; bleibt im Review."
"6-100-08-heckenteich-in-gatersleben";"6-100-08";"Heckenteich in Gatersleben";"Teich";"review";"v71-no-official-feature";"";"33";"";"2";"0.000";"58.7";"0";"Kein eindeutig referenzierbares amtliches Feature; bleibt im Review."
"6-100-11-gondelteich-aschersleben";"6-100-11";"Gondelteich Aschersleben";"Teich";"review";"v71-no-official-feature";"";"573.8";"Gondelteich";"1";"0.458";"9999";"0";"Kein eindeutig referenzierbares amtliches Feature; bleibt im Review."
"6-100-12-kiesgrube-an-der-froser-strae";"6-100-12";"Kiesgrube an der Froser Straße";"Kiesgrube";"review";"v71-no-official-feature";"";"573.8";"Gondelteich";"1";"0.000";"9999";"0";"Kein eindeutig referenzierbares amtliches Feature; bleibt im Review."
"6-110-01-flanschenteich-bebitz";"6-110-01";"Flanschenteich Bebitz";"Teich";"review";"v71-no-official-feature";"";"222.9";"";"1";"0.000";"9999";"0";"Kein eindeutig referenzierbares amtliches Feature; bleibt im Review."
"6-110-03-neues-tonloch-beesenlaublingen";"6-110-03";"Neues Tonloch Beesenlaublingen";"See";"review";"v71-no-official-feature";"";"593.9";"";"4";"0.000";"67.1";"0";"Kein eindeutig referenzierbares amtliches Feature; bleibt im Review."
"6-110-04-altes-tonloch-beesenlaublingen";"6-110-04";"Altes Tonloch Beesenlaublingen";"See";"review";"v71-no-official-feature";"";"593.9";"";"4";"0.000";"67.1";"0";"Kein eindeutig referenzierbares amtliches Feature; bleibt im Review."
"6-110-06-sportplatzteich-gerlebogk";"6-110-06";"Sportplatzteich Gerlebogk";"Teich";"review";"v71-no-official-feature";"";"280.4";"Gerlebogker See";"1";"0.000";"9999";"0";"Kein eindeutig referenzierbares amtliches Feature; bleibt im Review."
"6-110-07-villa-teich-gerlebogk";"6-110-07";"Villa-Teich Gerlebogk";"Teich";"review";"v71-no-official-feature";"";"280.4";"Gerlebogker See";"1";"0.000";"9999";"0";"Kein eindeutig referenzierbares amtliches Feature; bleibt im Review."
"6-110-08-lettenloch-bei-konnern";"6-110-08";"Lettenloch bei Könnern";"See";"review";"v71-no-official-feature";"";"40.2";"";"1";"0.000";"9999";"0";"Kein eindeutig referenzierbares amtliches Feature; bleibt im Review."
"6-110-10-tonloch-hanse-leau";"6-110-10";"Tonloch Hanse, Leau";"See";"review";"v71-no-official-feature";"";"211.7";"";"2";"0.000";"9.2";"0";"Kein eindeutig referenzierbares amtliches Feature; bleibt im Review."
"6-110-11-mariensee-preulitz";"6-110-11";"Mariensee Preußlitz";"See";"review";"v71-no-official-feature";"";"38.7";"";"2";"0.000";"182.9";"0";"Kein eindeutig referenzierbares amtliches Feature; bleibt im Review."
"6-110-12-saalealtarm-zwischen-plotzkau";"6-110-12";"Saalealtarm zwischen Plötzkau";"Fließgewässer";"review";"v71-no-official-feature";"";"31.1";"";"3";"0.000";"39.7";"0";"Kein eindeutig referenzierbares amtliches Feature; bleibt im Review."
"6-110-14-saale-von-kreisgrenze-saalekreis-bis";"6-110-14";"Saale von Kreisgrenze Saalekreis bis";"Fließgewässer";"review";"v71-no-official-feature";"";"9.8";"";"5";"0.000";"27.8";"0";"Kein eindeutig referenzierbares amtliches Feature; bleibt im Review."
"6-110-19-taiga-in-grona";"6-110-19";"Taiga in Gröna";"See";"review";"v71-no-official-feature";"";"50.6";"Taiga";"4";"0.357";"68.6";"0";"Kein eindeutig referenzierbares amtliches Feature; bleibt im Review."
"6-110-20-schwefelteich-bebitz";"6-110-20";"Schwefelteich Bebitz";"Teich";"review";"v71-no-official-feature";"";"222.9";"";"1";"0.000";"9999";"0";"Kein eindeutig referenzierbares amtliches Feature; bleibt im Review."
"6-110-21-tonloch-huhn-leau";"6-110-21";"Tonloch Huhn Leau";"See";"review";"v71-no-official-feature";"";"211.7";"";"2";"0.000";"9.2";"0";"Kein eindeutig referenzierbares amtliches Feature; bleibt im Review."
"6-110-22-kiesgrube-beesenlaublingen";"6-110-22";"Kiesgrube Beesenlaublingen";"Kiesgrube";"review";"v71-no-official-feature";"";"593.9";"";"4";"0.000";"67.1";"0";"Kein eindeutig referenzierbares amtliches Feature; bleibt im Review."
"6-110-24-alter-ziegeleiteich-baalberge";"6-110-24";"Alter Ziegeleiteich Baalberge";"Teich";"review";"v71-no-official-feature";"";"259.6";"";"1";"0.000";"9999";"0";"Kein eindeutig referenzierbares amtliches Feature; bleibt im Review."
"6-111-04-bode-vom-beginn-des-muhlgrabens";"6-111-04";"Bode vom Beginn des Mühlgrabens";"Fließgewässer";"review";"v71-no-official-feature";"";"9.5";"";"5";"0.000";"0.2";"0";"Kein eindeutig referenzierbares amtliches Feature; bleibt im Review."
"6-111-11-schachtsee-neugattersleben";"6-111-11";"Schachtsee Neugattersleben";"See";"review";"v71-no-official-feature";"";"1";"";"3";"0.000";"56.3";"0";"Kein eindeutig referenzierbares amtliches Feature; bleibt im Review."
"6-111-13-saale-von-einmundung-der-fuhne-bis";"6-111-13";"Saale von Einmündung der Fuhne bis";"Fließgewässer";"review";"v71-no-official-feature";"";"9.8";"";"5";"0.000";"27.8";"0";"Kein eindeutig referenzierbares amtliches Feature; bleibt im Review."
"6-112-03-saalealtarm-lesewitz-bei-plotzkau";"6-112-03";"Saalealtarm Lesewitz bei Plötzkau";"Fließgewässer";"review";"v71-no-official-feature";"";"31.1";"";"3";"0.000";"39.7";"0";"Kein eindeutig referenzierbares amtliches Feature; bleibt im Review."
"6-113-02-groer-teich-hinter-der-fahrt-in-preulitz-a-h-k-ro-s-0-30";"6-113-02";"Großer Teich hinter der Fahrt in Preußlitz A, H, K, Ro, S 0,30";"Teich";"review";"v71-no-official-feature";"";"38.7";"";"2";"0.000";"182.9";"0";"Kein eindeutig referenzierbares amtliches Feature; bleibt im Review."
"6-113-03-tonloch-preulitz";"6-113-03";"Tonloch Preußlitz";"See";"review";"v71-no-official-feature";"";"38.7";"";"2";"0.000";"182.9";"0";"Kein eindeutig referenzierbares amtliches Feature; bleibt im Review."
"6-400-01-schacht-9-bei-eggersdorf";"6-400-01";"Schacht 9 bei Eggersdorf";"See";"review";"v71-no-official-feature";"";"59.8";"";"4";"0.000";"15.5";"0";"Kein eindeutig referenzierbares amtliches Feature; bleibt im Review."
"6-400-02-seehof-bei-wespen-barby";"6-400-02";"Seehof bei Wespen-Barby";"See";"review";"v71-no-official-feature";"";"92.4";"";"1";"0.000";"9999";"0";"Kein eindeutig referenzierbares amtliches Feature; bleibt im Review."
"6-400-05-parkteich-bei-brumby";"6-400-05";"Parkteich bei Brumby";"Teich";"review";"v71-no-official-feature";"";"48.7";"Parkteich";"3";"0.450";"94";"0";"Kein eindeutig referenzierbares amtliches Feature; bleibt im Review."
"6-400-06-kohls-see-bei-biere";"6-400-06";"Kohls See bei Biere";"See";"review";"v71-no-official-feature";"";"";"";"0";"0.000";"";"0";"Kein eindeutig referenzierbares amtliches Feature; bleibt im Review."
"6-400-09-griebehner-teiche-bei-calbe";"6-400-09";"Griebehner Teiche bei Calbe";"Teich";"review";"v71-no-official-feature";"";"58.1";"";"1";"0.000";"9999";"0";"Kein eindeutig referenzierbares amtliches Feature; bleibt im Review."
"6-400-13-beamtenteich-bei-tornitz";"6-400-13";"Beamtenteich bei Tornitz";"Teich";"review";"v71-no-official-feature";"";"476.9";"";"4";"0.000";"83.1";"0";"Kein eindeutig referenzierbares amtliches Feature; bleibt im Review."
"6-400-14-gruner-teich-bei-tornitz";"6-400-14";"Grüner Teich bei Tornitz";"Teich";"review";"v71-no-official-feature";"";"476.9";"";"4";"0.000";"83.1";"0";"Kein eindeutig referenzierbares amtliches Feature; bleibt im Review."
"6-400-15-pappelteich-bei-tornitz";"6-400-15";"Pappelteich bei Tornitz";"Teich";"review";"v71-no-official-feature";"";"476.9";"";"4";"0.000";"83.1";"0";"Kein eindeutig referenzierbares amtliches Feature; bleibt im Review."
"6-400-23-kiessandtagebau-pommelter-strae";"6-400-23";"Kiessandtagebau Pömmelter Straße";"Kiesgrube";"review";"v71-no-official-feature";"";"45.7";"";"3";"0.000";"154.4";"0";"Kein eindeutig referenzierbares amtliches Feature; bleibt im Review."
"6-400-24-saalealtarm-tippelskirchen";"6-400-24";"Saalealtarm Tippelskirchen";"Fließgewässer";"review";"v71-no-official-feature";"";"2.8";"";"5";"0.000";"25.4";"0";"Kein eindeutig referenzierbares amtliches Feature; bleibt im Review."
"6-400-30-kuchenpfuhl-elbenau";"6-400-30";"Küchenpfuhl Elbenau";"Fließgewässer";"review";"v71-no-official-feature";"";"85.4";"";"2";"0.000";"225";"0";"Kein eindeutig referenzierbares amtliches Feature; bleibt im Review."
"6-400-33-stilles-wasser-elbenau";"6-400-33";"Stilles Wasser Elbenau";"Fließgewässer";"review";"v71-no-official-feature";"";"85.4";"";"2";"0.000";"225";"0";"Kein eindeutig referenzierbares amtliches Feature; bleibt im Review."
"6-400-34-kiessee-tornitz";"6-400-34";"Kiessee Tornitz";"Kiesgrube";"review";"v71-no-official-feature";"";"476.9";"";"4";"0.000";"83.1";"0";"Kein eindeutig referenzierbares amtliches Feature; bleibt im Review."
"6-400-36-angerteich-in-glothe";"6-400-36";"Angerteich in Glöthe";"Teich";"review";"v71-no-official-feature";"";"17.1";"";"5";"0.000";"20.4";"0";"Kein eindeutig referenzierbares amtliches Feature; bleibt im Review."
"6-400-39-tilsschacht-brumby";"6-400-39";"Tilsschacht Brumby";"See";"review";"v71-no-official-feature";"";"584.5";"Parkteich";"2";"0.000";"148.8";"0";"Kein eindeutig referenzierbares amtliches Feature; bleibt im Review."
"6-400-43-schachtteich-eggersdorf";"6-400-43";"Schachtteich Eggersdorf";"Teich";"review";"v71-no-official-feature";"";"59.8";"";"4";"0.000";"15.5";"0";"Kein eindeutig referenzierbares amtliches Feature; bleibt im Review."
"6-400-44-kirchbreite-bei-barby";"6-400-44";"Kirchbreite bei Barby";"See";"review";"v71-no-official-feature";"";"444.4";"";"2";"0.000";"137.3";"0";"Kein eindeutig referenzierbares amtliches Feature; bleibt im Review."
"6-400-47-tonlocher-glothe";"6-400-47";"Tonlöcher Glöthe";"See";"review";"v71-no-official-feature";"";"17.1";"";"5";"0.000";"20.4";"0";"Kein eindeutig referenzierbares amtliches Feature; bleibt im Review."
"6-401-02-bruch-2-bei-breitenhagen";"6-401-02";"Bruch 2 bei Breitenhagen";"See";"review";"v71-no-official-feature";"";"4.3";"";"2";"0.000";"50.6";"0";"Kein eindeutig referenzierbares amtliches Feature; bleibt im Review."
"6-401-03-bruch-3-bei-breitenhagen";"6-401-03";"Bruch 3 bei Breitenhagen";"See";"review";"v71-no-official-feature";"";"4.3";"";"2";"0.000";"50.6";"0";"Kein eindeutig referenzierbares amtliches Feature; bleibt im Review."
"6-401-04-badebruch-bei-breitenhagen";"6-401-04";"Badebruch bei Breitenhagen";"See";"review";"v71-no-official-feature";"";"7.2";"";"2";"0.000";"47.8";"0";"Kein eindeutig referenzierbares amtliches Feature; bleibt im Review."
"6-401-07-kleiner-dorfsee-gro-rosenburg";"6-401-07";"Kleiner Dorfsee Groß Rosenburg";"See";"review";"v71-no-official-feature";"";"26.6";"";"2";"0.000";"37.9";"0";"Kein eindeutig referenzierbares amtliches Feature; bleibt im Review."
"6-401-08-landgraben-von-einmundung-des";"6-401-08";"Landgraben von Einmündung des";"Fließgewässer";"review";"v71-no-official-feature";"";"7.2";"";"6";"0.000";"68.8";"0";"Kein eindeutig referenzierbares amtliches Feature; bleibt im Review."
"6-401-09-taube-von-700m-oberhalb-der";"6-401-09";"Taube von 700m oberhalb der";"See";"review";"v71-no-official-feature";"";"11.4";"";"2";"0.000";"43.9";"0";"Kein eindeutig referenzierbares amtliches Feature; bleibt im Review."
"6-402-01-dolphus-bei-barby";"6-402-01";"Dolphus bei Barby";"See";"review";"v71-no-official-feature";"";"444.4";"";"2";"0.000";"137.3";"0";"Kein eindeutig referenzierbares amtliches Feature; bleibt im Review."
"6-402-02-barbyer-landgraben-von";"6-402-02";"Barbyer Landgraben von";"Fließgewässer";"review";"v71-no-official-feature";"";"2.3";"";"5";"0.000";"14.5";"0";"Kein eindeutig referenzierbares amtliches Feature; bleibt im Review."
"6-402-03-hafen-barby";"6-402-03";"Hafen Barby";"See";"review";"v71-no-official-feature";"";"444.4";"";"2";"0.000";"137.3";"0";"Kein eindeutig referenzierbares amtliches Feature; bleibt im Review."
"6-410-03-ritterflurteich-bei-stafurt";"6-410-03";"Ritterflurteich bei Staßfurt";"Teich";"review";"v71-no-official-feature";"";"295";"Innenstadt-See";"1";"0.000";"9999";"0";"Kein eindeutig referenzierbares amtliches Feature; bleibt im Review."
"6-410-05-tiefbau-jacobsgrube-bei-gro-bornecke-a-b-bl-h-k-pl-s-z-8-12";"6-410-05";"Tiefbau Jacobsgrube bei Groß Börnecke A, B, Bl, H, K, Pl, S, Z 8,12";"Kiesgrube";"review";"v71-no-official-feature";"";"32.4";"";"2";"0.000";"33.3";"0";"Kein eindeutig referenzierbares amtliches Feature; bleibt im Review."
"6-410-08-badeteteich-bei-westeregeln";"6-410-08";"Badeteteich bei Westeregeln";"Teich";"review";"v71-no-official-feature";"";"36.2";"";"1";"0.000";"9999";"0";"Kein eindeutig referenzierbares amtliches Feature; bleibt im Review."
"6-410-09-3-kulke-bei-westeregeln";"6-410-09";"3 Kulke bei Westeregeln";"See";"review";"v71-no-official-feature";"";"36.2";"";"1";"0.000";"9999";"0";"Kein eindeutig referenzierbares amtliches Feature; bleibt im Review."
"6-410-10-tagebau-bei-westeregeln";"6-410-10";"Tagebau bei Westeregeln";"Kiesgrube";"review";"v71-no-official-feature";"";"36.2";"";"1";"0.000";"9999";"0";"Kein eindeutig referenzierbares amtliches Feature; bleibt im Review."
"6-410-11-groer-schachtsee-bei-wolmirsleben";"6-410-11";"Großer Schachtsee bei Wolmirsleben";"See";"review";"v71-no-official-feature";"";"158.1";"Großer Schachtsee";"2";"0.514";"176.3";"0";"Kein eindeutig referenzierbares amtliches Feature; bleibt im Review."
"6-410-14-bode-vom-wehr-egeln-nord";"6-410-14";"Bode vom Wehr Egeln-Nord";"Fließgewässer";"review";"v71-no-official-feature";"";"2";"";"8";"0.000";"10.4";"0";"Kein eindeutig referenzierbares amtliches Feature; bleibt im Review."
"6-410-15-bode-vom-wehr-rothenforde";"6-410-15";"Bode vom Wehr Rothenförde";"Fließgewässer";"review";"v71-no-official-feature";"";"24.9";"";"3";"0.000";"54.6";"0";"Kein eindeutig referenzierbares amtliches Feature; bleibt im Review."
"6-410-17-seemann-bei-loderburg";"6-410-17";"Seemann bei Löderburg";"See";"review";"v71-no-official-feature";"";"15.9";"";"3";"0.000";"18.4";"0";"Kein eindeutig referenzierbares amtliches Feature; bleibt im Review."
"6-410-19-muhlgraben-von-egeln-nord";"6-410-19";"Mühlgraben von Egeln-Nord";"Fließgewässer";"review";"v71-no-official-feature";"";"44.2";"";"8";"0.000";"99.3";"0";"Kein eindeutig referenzierbares amtliches Feature; bleibt im Review."
"6-410-20-undank-in-loderburg";"6-410-20";"Undank in Löderburg";"See";"review";"v71-no-official-feature";"";"15.9";"";"3";"0.000";"18.4";"0";"Kein eindeutig referenzierbares amtliches Feature; bleibt im Review."
"6-410-21-kiesschacht-gusten";"6-410-21";"Kiesschacht Güsten";"Kiesgrube";"review";"v71-no-official-feature";"";"53.4";"";"2";"0.000";"140.6";"0";"Kein eindeutig referenzierbares amtliches Feature; bleibt im Review."
"6-410-25-wassergraben-bei-hohenerxleben";"6-410-25";"Wassergräben bei Hohenerxleben";"See";"review";"v71-no-official-feature";"";"74.7";"Gänselache";"1";"0.000";"9999";"0";"Kein eindeutig referenzierbares amtliches Feature; bleibt im Review."
"6-411-01-laake-bei-loderburg";"6-411-01";"Laake bei Löderburg";"See";"review";"v71-no-official-feature";"";"92.8";"Laake";"3";"0.263";"166";"0";"Kein eindeutig referenzierbares amtliches Feature; bleibt im Review."
"6-411-03-kreuzteich-loderburg";"6-411-03";"Kreuzteich Löderburg";"Teich";"review";"v71-no-official-feature";"";"15.9";"";"3";"0.000";"18.4";"0";"Kein eindeutig referenzierbares amtliches Feature; bleibt im Review."
"7-120-04-alte-mulde-roitzschjora";"7-120-04";"Alte Mulde Roitzschjora";"Fließgewässer";"review";"v71-no-official-feature";"";"165.6";"";"2";"0.000";"122.9";"0";"Kein eindeutig referenzierbares amtliches Feature; bleibt im Review."
"7-120-06-unterer-ziegeleiteich-muldenstein";"7-120-06";"Unterer Ziegeleiteich Muldenstein";"Fließgewässer";"review";"v71-no-official-feature";"";"47.1";"";"6";"0.000";"81.9";"0";"Kein eindeutig referenzierbares amtliches Feature; bleibt im Review."
"7-120-08-strandbad-sandersdorf";"7-120-08";"Strandbad Sandersdorf";"See";"review";"v71-no-official-feature";"";"36.3";"";"2";"0.000";"167";"0";"Kein eindeutig referenzierbares amtliches Feature; bleibt im Review."
"7-120-12-spittelwasser-jenitz";"7-120-12";"Spittelwasser Jeßnitz";"See";"review";"v71-no-official-feature";"";"15.4";"Schlossteich";"2";"0.000";"63.6";"0";"Kein eindeutig referenzierbares amtliches Feature; bleibt im Review."
"7-120-15-grube-theodor-bei-roitzsch";"7-120-15";"Grube Theodor bei Roitzsch";"Kiesgrube";"review";"v71-no-official-feature";"";"546.6";"";"3";"0.000";"24.4";"0";"Kein eindeutig referenzierbares amtliches Feature; bleibt im Review."
"7-120-16-burgermeisterteich-jenitz";"7-120-16";"Bürgermeisterteich Jeßnitz";"Teich";"review";"v71-no-official-feature";"";"672.6";"";"2";"0.000";"149.3";"0";"Kein eindeutig referenzierbares amtliches Feature; bleibt im Review."
"7-120-17-lober-bei-jenitz";"7-120-17";"Lober bei Jeßnitz";"See";"review";"v71-no-official-feature";"";"672.6";"";"2";"0.000";"149.3";"0";"Kein eindeutig referenzierbares amtliches Feature; bleibt im Review."
"7-120-20-altes-wasser-priorau";"7-120-20";"Altes Wasser Priorau";"See";"review";"v71-no-official-feature";"";"92.8";"Alte Wasser Priorau";"2";"0.500";"100.4";"0";"Kein eindeutig referenzierbares amtliches Feature; bleibt im Review."
"7-120-23-mulde-von-ca-500m-oberhalb-brucke";"7-120-23";"Mulde von ca. 500m oberhalb Brücke";"Fließgewässer";"review";"v71-no-official-feature";"";"30.5";"";"4";"0.000";"32.2";"0";"Kein eindeutig referenzierbares amtliches Feature; bleibt im Review."
"7-120-24-tagebaurestloch-richard-i";"7-120-24";"Tagebaurestloch Richard I";"Kiesgrube";"review";"v71-no-official-feature";"";"415.5";"Richard I";"5";"0.360";"160";"0";"Kein eindeutig referenzierbares amtliches Feature; bleibt im Review."
"7-120-27-kiesgrube-salzfurtkapelle";"7-120-27";"Kiesgrube Salzfurtkapelle";"Kiesgrube";"review";"v71-no-official-feature";"";"413";"";"1";"0.000";"9999";"0";"Kein eindeutig referenzierbares amtliches Feature; bleibt im Review."
"7-120-31-kiesgrube-loberitz";"7-120-31";"Kiesgrube Löberitz";"Kiesgrube";"review";"v71-no-official-feature";"";"57.5";"";"1";"0.000";"9999";"0";"Kein eindeutig referenzierbares amtliches Feature; bleibt im Review."
"7-120-35-leine-in-bitterfeld-privatstrecke-beachten-ad-d-h-1-66";"7-120-35";"Leine in Bitterfeld Privatstrecke beachten! Ad, D, H 1,66";"See";"review";"v71-no-official-feature";"";"";"";"0";"0.000";"";"0";"Kein eindeutig referenzierbares amtliches Feature; bleibt im Review."
"7-120-40-groer-teich-bitterfeld";"7-120-40";"Großer Teich Bitterfeld";"Teich";"review";"v71-no-official-feature";"";"552.7";"Großer Goitzschesee";"2";"0.333";"83.8";"0";"Kein eindeutig referenzierbares amtliches Feature; bleibt im Review."
"7-120-43-dorfteich-thalheim";"7-120-43";"Dorfteich Thalheim";"Teich";"review";"v71-no-official-feature";"";"385.7";"";"2";"0.000";"134.6";"0";"Kein eindeutig referenzierbares amtliches Feature; bleibt im Review."
"7-120-53-teich-am-park-schrenz";"7-120-53";"Teich am Park Schrenz";"Teich";"review";"v71-no-official-feature";"";"805.7";"";"2";"0.000";"218";"0";"Kein eindeutig referenzierbares amtliches Feature; bleibt im Review."
"7-120-54-teich-am-etp-schrenz";"7-120-54";"Teich am ETP Schrenz";"Teich";"review";"v71-no-official-feature";"";"805.7";"";"2";"0.000";"218";"0";"Kein eindeutig referenzierbares amtliches Feature; bleibt im Review."
"7-120-55-kragenteich-roitzsch";"7-120-55";"Kragenteich Roitzsch";"Teich";"review";"v71-no-official-feature";"";"546.6";"";"3";"0.000";"24.4";"0";"Kein eindeutig referenzierbares amtliches Feature; bleibt im Review."
"7-120-56-tonkiete-schortewitz";"7-120-56";"Tonkiete Schortewitz";"See";"review";"v71-no-official-feature";"";"66.3";"";"2";"0.000";"36.1";"0";"Kein eindeutig referenzierbares amtliches Feature; bleibt im Review."
"7-140-01-moster-altes-wasser";"7-140-01";"Möster altes Wasser";"See";"review";"v71-no-official-feature";"";"189.2";"Altes Wasser";"2";"0.632";"295";"0";"Kein eindeutig referenzierbares amtliches Feature; bleibt im Review."
"7-272-02-nachthainichte-bei-aken";"7-272-02";"Nachthainichte bei Aken";"See";"review";"v71-no-official-feature";"";"19.5";"";"8";"0.000";"9";"0";"Kein eindeutig referenzierbares amtliches Feature; bleibt im Review."
"7-272-03-groe-kabel-langes-loch-bei-aken";"7-272-03";"Große Kabel (Langes Loch) bei Aken";"See";"review";"v71-no-official-feature";"";"19.5";"";"8";"0.000";"9";"0";"Kein eindeutig referenzierbares amtliches Feature; bleibt im Review."
"7-272-04-kleine-kabel-bei-aken";"7-272-04";"Kleine Kabel bei Aken";"See";"review";"v71-no-official-feature";"";"19.5";"";"8";"0.000";"9";"0";"Kein eindeutig referenzierbares amtliches Feature; bleibt im Review."
"7-273-03-baufeld-worbzig-3-kiesgrube-rechts";"7-273-03";"Baufeld Wörbzig 3 - Kiesgrube rechts-";"Kiesgrube";"review";"v71-no-official-feature";"";"";"";"0";"0.000";"";"0";"Kein eindeutig referenzierbares amtliches Feature; bleibt im Review."
"7-273-05-karoline-bei-piethen-boote-ohne-motor";"7-273-05";"Karoline bei Piethen - Boote ohne Motor";"See";"review";"v71-no-official-feature";"";"218";"";"3";"0.000";"36.7";"0";"Kein eindeutig referenzierbares amtliches Feature; bleibt im Review."
"7-273-06-sohl-bei-piethen";"7-273-06";"Sohl bei Piethen";"See";"review";"v71-no-official-feature";"";"218";"";"3";"0.000";"36.7";"0";"Kein eindeutig referenzierbares amtliches Feature; bleibt im Review."
"7-273-09-sandkiete-ii-bei-grobzig";"7-273-09";"Sandkiete II bei Gröbzig";"See";"review";"v71-no-official-feature";"";"15.5";"";"3";"0.000";"58";"0";"Kein eindeutig referenzierbares amtliches Feature; bleibt im Review."
"7-273-10-schachtteich-bei-piethen";"7-273-10";"Schachtteich bei Piethen";"Teich";"review";"v71-no-official-feature";"";"218";"";"3";"0.000";"36.7";"0";"Kein eindeutig referenzierbares amtliches Feature; bleibt im Review."
"7-273-11-fuhne-von-einmundung-der-riede";"7-273-11";"Fuhne von Einmündung der Riede";"See";"review";"v71-no-official-feature";"";"805.7";"";"2";"0.000";"218";"0";"Kein eindeutig referenzierbares amtliches Feature; bleibt im Review."
"7-273-17-dorfteich-reinsdorf";"7-273-17";"Dorfteich Reinsdorf";"Teich";"review";"v71-no-official-feature";"";"283.6";"";"1";"0.000";"9999";"0";"Kein eindeutig referenzierbares amtliches Feature; bleibt im Review."
"7-273-24-gutsteich-gorzig";"7-273-24";"Gutsteich Görzig";"Teich";"review";"v71-no-official-feature";"";"283.6";"";"1";"0.000";"9999";"0";"Kein eindeutig referenzierbares amtliches Feature; bleibt im Review."
"7-275-00-ackermannsteich-elsnigk";"7-275-00";"Ackermannsteich Elsnigk";"Teich";"review";"v71-no-official-feature";"";"14.4";"";"3";"0.000";"23.2";"0";"Kein eindeutig referenzierbares amtliches Feature; bleibt im Review."
"7-275-03-bruckmannsteich-und-pumpenteich-bei";"7-275-03";"Brückmannsteich und Pumpenteich bei";"Teich";"review";"v71-no-official-feature";"";"80.6";"";"1";"0.000";"9999";"0";"Kein eindeutig referenzierbares amtliches Feature; bleibt im Review."
"7-275-08-drei-locher-in-micheln";"7-275-08";"Drei Löcher in Micheln";"See";"review";"v71-no-official-feature";"";"43.4";"";"3";"0.000";"149.2";"0";"Kein eindeutig referenzierbares amtliches Feature; bleibt im Review."
"7-275-10-sonntalteich-bei-micheln";"7-275-10";"Sonntalteich bei Micheln";"Teich";"review";"v71-no-official-feature";"";"43.4";"";"3";"0.000";"149.2";"0";"Kein eindeutig referenzierbares amtliches Feature; bleibt im Review."
"7-275-11-hasenteich-bei-osternienburg";"7-275-11";"Hasenteich bei Osternienburg";"Teich";"review";"v71-no-official-feature";"";"33.5";"";"6";"0.000";"46.5";"0";"Kein eindeutig referenzierbares amtliches Feature; bleibt im Review."
"8-180-03-birnbaummuhlenteich-grafenhainichen-a-b-bl-h-k-pl-ro-s-0-53";"8-180-03";"Birnbaummühlenteich Gräfenhainichen A, B, Bl, H, K, Pl, Ro, S 0,53";"Teich";"review";"v71-no-official-feature";"";"";"";"0";"0.000";"";"0";"Kein eindeutig referenzierbares amtliches Feature; bleibt im Review."
"8-180-04-strohwalder-teich-grafenhainichen";"8-180-04";"Strohwalder Teich Gräfenhainichen";"Teich";"review";"v71-no-official-feature";"";"501.6";"Gremminer See";"1";"0.000";"9999";"0";"Kein eindeutig referenzierbares amtliches Feature; bleibt im Review."
"8-180-05-affenteich-grafenhainichen";"8-180-05";"Affenteich Gräfenhainichen";"Teich";"review";"v71-no-official-feature";"";"501.6";"Gremminer See";"1";"0.000";"9999";"0";"Kein eindeutig referenzierbares amtliches Feature; bleibt im Review."
"8-180-06-buchholzteich-grafenhainichen";"8-180-06";"Buchholzteich Gräfenhainichen";"Teich";"review";"v71-no-official-feature";"";"501.6";"Gremminer See";"1";"0.000";"9999";"0";"Kein eindeutig referenzierbares amtliches Feature; bleibt im Review."
"8-181-05-tagebaurestloch-druschplatzteich";"8-181-05";"Tagebaurestloch Druschplatzteich";"Kiesgrube";"review";"v71-no-official-feature";"";"378.4";"";"1";"0.000";"9999";"0";"Kein eindeutig referenzierbares amtliches Feature; bleibt im Review."
"8-181-07-unterer-dorfteich-sollichau";"8-181-07";"Unterer Dorfteich Söllichau";"Teich";"review";"v71-no-official-feature";"";"322";"";"1";"0.000";"9999";"0";"Kein eindeutig referenzierbares amtliches Feature; bleibt im Review."
"8-181-09-ganseteich-in-sollichau";"8-181-09";"Gänseteich in Söllichau";"Teich";"review";"v71-no-official-feature";"";"322";"";"1";"0.000";"9999";"0";"Kein eindeutig referenzierbares amtliches Feature; bleibt im Review."
"8-181-12-schleifbach-bei-sollichau";"8-181-12";"Schleifbach bei Söllichau";"See";"review";"v71-no-official-feature";"";"322";"";"1";"0.000";"9999";"0";"Kein eindeutig referenzierbares amtliches Feature; bleibt im Review."
"8-183-04-margaretenhofteich-bei-oranienbaum";"8-183-04";"Margaretenhofteich bei Oranienbaum";"Teich";"review";"v71-no-official-feature";"";"131.9";"";"1";"0.000";"9999";"0";"Kein eindeutig referenzierbares amtliches Feature; bleibt im Review."
"8-183-05-talkenloch-bei-kakau";"8-183-05";"Talkenloch bei Kakau";"See";"review";"v71-no-official-feature";"";"382.8";"Kakauer Teiche";"5";"0.000";"8.9";"0";"Kein eindeutig referenzierbares amtliches Feature; bleibt im Review."
"8-183-06-alter-graben-worlitz";"8-183-06";"Alter Graben Wörlitz";"Fließgewässer";"review";"v71-no-official-feature";"";"0.2";"";"6";"0.000";"49.2";"0";"Kein eindeutig referenzierbares amtliches Feature; bleibt im Review."
"8-183-07-am-fliegraben-diestelsee-bei-worlitz";"8-183-07";"Am Fließgraben-Diestelsee bei Wörlitz";"Fließgewässer";"review";"v71-no-official-feature";"";"0.2";"";"6";"0.000";"49.2";"0";"Kein eindeutig referenzierbares amtliches Feature; bleibt im Review."
"8-183-08-fuhrtgraben-bei-worlitz";"8-183-08";"Fuhrtgraben bei Wörlitz";"Fließgewässer";"review";"v71-no-official-feature";"";"0.2";"";"6";"0.000";"49.2";"0";"Kein eindeutig referenzierbares amtliches Feature; bleibt im Review."
"8-183-10-groe-brage-bei-worlitz";"8-183-10";"Große Bräge bei Wörlitz";"See";"review";"v71-no-official-feature";"";"471.4";"Wörlitzer See";"1";"0.000";"9999";"0";"Kein eindeutig referenzierbares amtliches Feature; bleibt im Review."
"8-183-12-schiffinge-bei-vockerode";"8-183-12";"Schiffinge bei Vockerode";"See";"review";"v71-no-official-feature";"";"693.1";"";"3";"0.000";"202";"0";"Kein eindeutig referenzierbares amtliches Feature; bleibt im Review."
"8-183-16-hauptgraben-von-worlitz-bis-kakau";"8-183-16";"Hauptgraben von Wörlitz bis Kakau";"Fließgewässer";"review";"v71-no-official-feature";"";"19.7";"";"11";"0.000";"37.6";"0";"Kein eindeutig referenzierbares amtliches Feature; bleibt im Review."
"8-183-17-4-wallstiche-an-den-mittelholzern";"8-183-17";"4 Wallstiche an den Mittelhölzern";"See";"review";"v71-no-official-feature";"";"471.4";"Wörlitzer See";"1";"0.000";"9999";"0";"Kein eindeutig referenzierbares amtliches Feature; bleibt im Review."
"8-250-05-saulug-bei-jessen";"8-250-05";"Saulug bei Jessen";"See";"review";"v71-no-official-feature";"";"40.1";"";"3";"0.000";"111.2";"0";"Kein eindeutig referenzierbares amtliches Feature; bleibt im Review."
"8-250-07-neuer-arm-in-jessen";"8-250-07";"Neuer Arm in Jessen";"See";"review";"v71-no-official-feature";"";"40.1";"";"3";"0.000";"111.2";"0";"Kein eindeutig referenzierbares amtliches Feature; bleibt im Review."
"8-250-12-neugraben-von-landesgrenze-bis";"8-250-12";"Neugraben von Landesgrenze bis";"Fließgewässer";"review";"v71-no-official-feature";"";"9.8";"";"5";"0.000";"27.8";"0";"Kein eindeutig referenzierbares amtliches Feature; bleibt im Review."
"8-250-13-landlache-vom-plossiger-graben-bis";"8-250-13";"Landlache vom Plossiger Graben bis";"Fließgewässer";"review";"v71-no-official-feature";"";"9.8";"";"5";"0.000";"27.8";"0";"Kein eindeutig referenzierbares amtliches Feature; bleibt im Review."
"8-250-14-baggerteich-bei-brandis";"8-250-14";"Baggerteich bei Brandis";"Teich";"review";"v71-no-official-feature";"";"";"";"0";"0.000";"";"0";"Kein eindeutig referenzierbares amtliches Feature; bleibt im Review."
"8-250-18-kremnitz-holzdorf";"8-250-18";"Kremnitz Holzdorf";"See";"review";"v71-no-official-feature";"";"37";"";"1";"0.000";"9999";"0";"Kein eindeutig referenzierbares amtliches Feature; bleibt im Review."
"8-251-01-kiestagebau-elbekies-bei-prettin";"8-251-01";"Kiestagebau Elbekies bei Prettin";"Fließgewässer";"review";"v71-no-official-feature";"";"2.6";"";"5";"0.000";"62";"0";"Kein eindeutig referenzierbares amtliches Feature; bleibt im Review."
"8-252-01-alte-elbe-in-iserbegka-bei-elster";"8-252-01";"Alte Elbe in Iserbegka bei Elster";"Fließgewässer";"review";"v71-no-official-feature";"";"7.3";"";"4";"0.000";"35.6";"0";"Kein eindeutig referenzierbares amtliches Feature; bleibt im Review."
"8-360-02-dorfteich-klieken";"8-360-02";"Dorfteich Klieken";"Teich";"review";"v71-no-official-feature";"";"14.3";"";"2";"0.000";"57.5";"0";"Kein eindeutig referenzierbares amtliches Feature; bleibt im Review."
"8-360-03-silbersee-bei-zieko";"8-360-03";"Silbersee bei Zieko";"See";"review";"v71-no-official-feature";"";"12.4";"";"2";"0.000";"23.8";"0";"Kein eindeutig referenzierbares amtliches Feature; bleibt im Review."
"8-360-07-steinmuhlenteich-bei-duben";"8-360-07";"Steinmühlenteich bei Düben";"Teich";"review";"v71-no-official-feature";"";"422.4";"";"2";"0.000";"264";"0";"Kein eindeutig referenzierbares amtliches Feature; bleibt im Review."
"8-361-02-kohlengrube-coswig-flamingbad";"8-361-02";"Kohlengrube Coswig (Flämingbad)";"Kiesgrube";"review";"v71-no-official-feature";"";"14.3";"";"3";"0.000";"39.1";"0";"Kein eindeutig referenzierbares amtliches Feature; bleibt im Review."
"8-460-02-brauteich-schlograben-und";"8-460-02";"Brauteich, Schloßgraben und";"Fließgewässer";"review";"v71-no-official-feature";"";"0.1";"";"8";"0.000";"1.5";"0";"Kein eindeutig referenzierbares amtliches Feature; bleibt im Review."
"8-460-10-fleischerwerder-bei-dabrun";"8-460-10";"Fleischerwerder bei Dabrun";"See";"review";"v71-no-official-feature";"";"6.7";"";"7";"0.000";"44.1";"0";"Kein eindeutig referenzierbares amtliches Feature; bleibt im Review."
"8-460-14-teich-bleddin";"8-460-14";"Teich Bleddin";"Teich";"review";"v71-no-official-feature";"";"6.4";"";"6";"0.000";"46.3";"0";"Kein eindeutig referenzierbares amtliches Feature; bleibt im Review."
"8-460-15-schluft-bei-bleddin";"8-460-15";"Schluft bei Bleddin";"See";"review";"v71-no-official-feature";"";"6.4";"";"6";"0.000";"46.3";"0";"Kein eindeutig referenzierbares amtliches Feature; bleibt im Review."
"8-460-17-sandkolk-bleddin";"8-460-17";"Sandkolk Bleddin";"See";"review";"v71-no-official-feature";"";"6.4";"";"6";"0.000";"46.3";"0";"Kein eindeutig referenzierbares amtliches Feature; bleibt im Review."
"8-460-28-kleiner-ri-bei-dabrun-schleienloch";"8-460-28";"Kleiner Riß bei Dabrun (Schleienloch)";"See";"review";"v71-no-official-feature";"";"6.7";"";"7";"0.000";"44.1";"0";"Kein eindeutig referenzierbares amtliches Feature; bleibt im Review."
"8-460-33-schluft-priesitz";"8-460-33";"Schluft Priesitz";"See";"review";"v71-no-official-feature";"";"13.1";"";"5";"0.000";"7.6";"0";"Kein eindeutig referenzierbares amtliches Feature; bleibt im Review."
"8-460-37-sandekolk-bei-dabrun";"8-460-37";"Sandekolk bei Dabrun";"See";"review";"v71-no-official-feature";"";"6.7";"";"7";"0.000";"44.1";"0";"Kein eindeutig referenzierbares amtliches Feature; bleibt im Review."
"8-460-42-krummer-see-bodemar-bei-seegrehna-a-bl-h-k-pl-s-1-24";"8-460-42";"Krummer See (Bodemar) bei Seegrehna A, Bl, H, K, Pl, S 1,24";"Fließgewässer";"review";"v71-no-official-feature";"";"215.6";"";"4";"0.000";"11";"0";"Kein eindeutig referenzierbares amtliches Feature; bleibt im Review."
"8-460-54-alte-badeanstalt-kemberg";"8-460-54";"Alte Badeanstalt Kemberg";"See";"review";"v71-no-official-feature";"";"6.6";"";"4";"0.000";"15.3";"0";"Kein eindeutig referenzierbares amtliches Feature; bleibt im Review."
"8-460-55-wendel-wittenberg";"8-460-55";"Wendel Wittenberg";"See";"review";"v71-no-official-feature";"";"60.7";"Wendel";"10";"0.353";"10.4";"0";"Kein eindeutig referenzierbares amtliches Feature; bleibt im Review."
"8-460-57-espenkolk-i-und-ii-bei-gallin-muhlanger";"8-460-57";"Espenkolk I und II bei Gallin/Mühlanger";"See";"review";"v71-no-official-feature";"";"206.2";"";"2";"0.000";"143";"0";"Kein eindeutig referenzierbares amtliches Feature; bleibt im Review."
"8-460-58-wilde-kolke-i-bei-dabrun-melzwig";"8-460-58";"Wilde Kölke I bei Dabrun/Melzwig";"See";"review";"v71-no-official-feature";"";"6.7";"";"7";"0.000";"44.1";"0";"Kein eindeutig referenzierbares amtliches Feature; bleibt im Review."
"8-460-59-tiefes-loch-bleddin";"8-460-59";"Tiefes Loch Bleddin";"See";"review";"v71-no-official-feature";"";"6.4";"";"6";"0.000";"46.3";"0";"Kein eindeutig referenzierbares amtliches Feature; bleibt im Review."
"8-460-75-rehkolk-apollensdorf";"8-460-75";"Rehkolk Apollensdorf";"See";"review";"v71-no-official-feature";"";"236.4";"";"2";"0.000";"89.2";"0";"Kein eindeutig referenzierbares amtliches Feature; bleibt im Review."
"9-150-04-parkbad-anna-helbra";"9-150-04";"Parkbad Anna Helbra";"See";"review";"v71-no-official-feature";"";"0.1";"";"2";"0.000";"61.4";"0";"Kein eindeutig referenzierbares amtliches Feature; bleibt im Review."
"9-150-05-ottilienteich-bei-roblingen";"9-150-05";"Ottilienteich bei Röblingen";"Teich";"review";"v71-no-official-feature";"";"795.8";"";"2";"0.000";"202.9";"0";"Kein eindeutig referenzierbares amtliches Feature; bleibt im Review."
"9-150-11-minnabad-volkstedt";"9-150-11";"Minnabad Volkstedt";"See";"review";"v71-no-official-feature";"";"";"";"0";"0.000";"";"0";"Kein eindeutig referenzierbares amtliches Feature; bleibt im Review."
"9-150-15-mittelgraben-v-stollengraben-bis";"9-150-15";"Mittelgraben v. Stollengraben bis";"Fließgewässer";"review";"v71-no-official-feature";"";"9.8";"";"5";"0.000";"27.8";"0";"Kein eindeutig referenzierbares amtliches Feature; bleibt im Review."
"9-150-18-tonloch-lauraberg-roblingen";"9-150-18";"Tonloch Lauraberg Röblingen";"See";"review";"v71-no-official-feature";"";"795.8";"";"2";"0.000";"202.9";"0";"Kein eindeutig referenzierbares amtliches Feature; bleibt im Review."
"9-151-01-rudels-teich-bei-helfta";"9-151-01";"Rüdels Teich bei Helfta";"Teich";"review";"v71-no-official-feature";"";"273.1";"";"2";"0.000";"41.6";"0";"Kein eindeutig referenzierbares amtliches Feature; bleibt im Review."
"9-230-08-schaferteich-sylda";"9-230-08";"Schäferteich Sylda";"Teich";"review";"v71-no-official-feature";"";"73.9";"";"1";"0.000";"9999";"0";"Kein eindeutig referenzierbares amtliches Feature; bleibt im Review."
"9-230-09-dorfteich-sylda";"9-230-09";"Dorfteich Sylda";"Teich";"review";"v71-no-official-feature";"";"73.9";"";"1";"0.000";"9999";"0";"Kein eindeutig referenzierbares amtliches Feature; bleibt im Review."
"9-230-13-huttenteich-sylda";"9-230-13";"Hüttenteich Sylda";"Teich";"review";"v71-no-official-feature";"";"73.9";"";"1";"0.000";"9999";"0";"Kein eindeutig referenzierbares amtliches Feature; bleibt im Review."
"9-230-15-ochsenpfuhlbachteich-vatterode";"9-230-15";"Ochsenpfuhlbachteich Vatterode";"Teich";"review";"v71-no-official-feature";"";"433.1";"";"3";"0.000";"80.6";"0";"Kein eindeutig referenzierbares amtliches Feature; bleibt im Review."
"9-390-10-altarm-am-hornissenberg-bei-kelbra";"9-390-10";"Altarm am Hornissenberg bei Kelbra";"See";"review";"v71-no-official-feature";"";"";"";"0";"0.000";"";"0";"Kein eindeutig referenzierbares amtliches Feature; bleibt im Review."
"9-390-18-feuerloschteich-in-dittichenrode";"9-390-18";"Feuerlöschteich in Dittichenrode";"Teich";"review";"v71-no-official-feature";"";"796.2";"";"1";"0.000";"9999";"0";"Kein eindeutig referenzierbares amtliches Feature; bleibt im Review."
"9-390-19-dorfteich-rotha";"9-390-19";"Dorfteich Rotha";"Teich";"review";"v71-no-official-feature";"";"172.7";"";"2";"0.000";"128.4";"0";"Kein eindeutig referenzierbares amtliches Feature; bleibt im Review."
"9-390-20-kunstteich-bei-wettelrode";"9-390-20";"Kunstteich bei Wettelrode";"Teich";"review";"v71-no-official-feature";"";"";"";"0";"0.000";"";"0";"Kein eindeutig referenzierbares amtliches Feature; bleibt im Review."
"9-390-21-zweier-und-dreierteich-am-rosarium";"9-390-21";"Zweier- und Dreierteich am Rosarium";"Teich";"review";"v71-no-official-feature";"";"98.3";"Zweier Teich";"2";"0.200";"20.9";"0";"Kein eindeutig referenzierbares amtliches Feature; bleibt im Review."
"9-390-23-3-tonlocher-bei-morungen";"9-390-23";"3 Tonlöcher bei Morungen –";"See";"review";"v71-no-official-feature";"";"19.6";"";"2";"0.000";"45.6";"0";"Kein eindeutig referenzierbares amtliches Feature; bleibt im Review."
"9-390-24-alte-kiesgrube-berga";"9-390-24";"Alte Kiesgrube Berga";"Kiesgrube";"review";"v71-no-official-feature";"";"966.4";"";"1";"0.000";"9999";"0";"Kein eindeutig referenzierbares amtliches Feature; bleibt im Review."
"9-390-32-stausee-kelbra";"9-390-32";"Stausee Kelbra";"See";"review";"v71-no-official-feature";"";"";"";"0";"0.000";"";"0";"Kein eindeutig referenzierbares amtliches Feature; bleibt im Review."
"10-210-01-kiesgrube-in-rattmannsdorf";"10-210-01";"Kiesgrube in Rattmannsdorf";"Kiesgrube";"review";"v71-no-official-feature";"";"50";"";"5";"0.000";"34.7";"0";"Kein eindeutig referenzierbares amtliches Feature; bleibt im Review."
"10-210-03-friedrichsbad-in-zwintschona";"10-210-03";"Friedrichsbad in Zwintschöna";"See";"review";"v71-no-official-feature";"";"66.5";"";"3";"0.000";"217.5";"0";"Kein eindeutig referenzierbares amtliches Feature; bleibt im Review."
"10-210-04-dorfteich-in-zwintschona";"10-210-04";"Dorfteich in Zwintschöna";"Teich";"review";"v71-no-official-feature";"";"66.5";"";"3";"0.000";"217.5";"0";"Kein eindeutig referenzierbares amtliches Feature; bleibt im Review."
"10-210-05-muhlteich-in-zwintschona";"10-210-05";"Mühlteich in Zwintschöna";"Teich";"review";"v71-no-official-feature";"";"66.5";"";"3";"0.000";"217.5";"0";"Kein eindeutig referenzierbares amtliches Feature; bleibt im Review."
"10-210-10-dorfteich-plonitz";"10-210-10";"Dorfteich Plößnitz";"Teich";"review";"v71-no-official-feature";"";"330.6";"";"1";"0.000";"9999";"0";"Kein eindeutig referenzierbares amtliches Feature; bleibt im Review."
"10-290-03-krugs-teich-in-schafstadt";"10-290-03";"Krugs Teich in Schafstädt";"Teich";"review";"v71-no-official-feature";"";"276.3";"";"2";"0.000";"14.6";"0";"Kein eindeutig referenzierbares amtliches Feature; bleibt im Review."
"10-290-06-parkteich-in-braunsbedra";"10-290-06";"Parkteich in Braunsbedra";"Teich";"review";"v71-no-official-feature";"";"764.1";"Geiseltalsee";"1";"0.000";"9999";"0";"Kein eindeutig referenzierbares amtliches Feature; bleibt im Review."
"10-290-10-kleines-kohlenloch-bei-tollwitz";"10-290-10";"Kleines Kohlenloch bei Tollwitz";"See";"review";"v71-no-official-feature";"";"9.8";"";"4";"0.000";"25.5";"0";"Kein eindeutig referenzierbares amtliches Feature; bleibt im Review."
"10-290-11-pfutze-bei-tollwitz";"10-290-11";"Pfütze bei Tollwitz";"See";"review";"v71-no-official-feature";"";"9.8";"";"4";"0.000";"25.5";"0";"Kein eindeutig referenzierbares amtliches Feature; bleibt im Review."
"10-290-14-saale-im-altkreis-merseburg";"10-290-14";"Saale im Altkreis Merseburg";"Fließgewässer";"review";"v71-no-official-feature";"";"0.3";"";"13";"0.000";"8.2";"0";"Kein eindeutig referenzierbares amtliches Feature; bleibt im Review."
"10-290-16-kanal-wusteneutsch-km-1-32-1-62";"10-290-16";"Kanal Wüsteneutsch km 1, 32 - 1, 62";"Fließgewässer";"review";"v71-no-official-feature";"";"360.6";"";"1";"0.000";"9999";"0";"Kein eindeutig referenzierbares amtliches Feature; bleibt im Review."
"10-290-18-hirtenteich-in-zweimen";"10-290-18";"Hirtenteich in Zweimen";"Teich";"review";"v71-no-official-feature";"";"168.4";"";"1";"0.000";"9999";"0";"Kein eindeutig referenzierbares amtliches Feature; bleibt im Review."
"10-290-22-geisel-von-quelle-bei-mucheln-bis";"10-290-22";"Geisel von Quelle bei Mücheln bis";"See";"review";"v71-no-official-feature";"";"124.8";"";"1";"0.000";"9999";"0";"Kein eindeutig referenzierbares amtliches Feature; bleibt im Review."
"10-290-23-luppe-von-landesgrenze-sachsen";"10-290-23";"Luppe von Landesgrenze Sachsen";"See";"review";"v71-no-official-feature";"";"";"";"0";"0.000";"";"0";"Kein eindeutig referenzierbares amtliches Feature; bleibt im Review."
"10-290-24-weie-elster-von-landesgrenze-sachsen";"10-290-24";"Weiße Elster von Landesgrenze Sachsen";"See";"review";"v71-no-official-feature";"";"";"";"0";"0.000";"";"0";"Kein eindeutig referenzierbares amtliches Feature; bleibt im Review."
"10-290-25-umgehungskanal-merseburg";"10-290-25";"Umgehungskanal Merseburg";"Fließgewässer";"review";"v71-no-official-feature";"";"0.3";"";"13";"0.000";"8.2";"0";"Kein eindeutig referenzierbares amtliches Feature; bleibt im Review."
"10-290-26-saalealtarm-leuna";"10-290-26";"Saalealtarm Leuna";"Fließgewässer";"review";"v71-no-official-feature";"";"4.2";"";"5";"0.000";"17";"0";"Kein eindeutig referenzierbares amtliches Feature; bleibt im Review."
"10-290-32-schachtteich-milzau";"10-290-32";"Schachtteich Milzau";"Teich";"review";"v71-no-official-feature";"";"450.2";"Fischteich";"1";"0.000";"9999";"0";"Kein eindeutig referenzierbares amtliches Feature; bleibt im Review."
"10-290-34-spitzteich-zweimen";"10-290-34";"Spitzteich Zweimen";"Teich";"review";"v71-no-official-feature";"";"168.4";"";"1";"0.000";"9999";"0";"Kein eindeutig referenzierbares amtliches Feature; bleibt im Review."
"10-290-44-teich-in-thalschutz";"10-290-44";"Teich in Thalschütz";"Teich";"review";"v71-no-official-feature";"";"";"";"0";"0.000";"";"0";"Kein eindeutig referenzierbares amtliches Feature; bleibt im Review."
"10-290-46-teich-in-gohren";"10-290-46";"Teich in Göhren";"Teich";"review";"v71-no-official-feature";"";"168.4";"";"1";"0.000";"9999";"0";"Kein eindeutig referenzierbares amtliches Feature; bleibt im Review."
"10-290-48-malerteich-in-gunthersdorf";"10-290-48";"Malerteich in Günthersdorf";"Teich";"review";"v71-no-official-feature";"";"809.1";"";"1";"0.000";"9999";"0";"Kein eindeutig referenzierbares amtliches Feature; bleibt im Review."
"10-290-50-staubecken-tollwitz";"10-290-50";"Staubecken Tollwitz";"See";"review";"v71-no-official-feature";"";"9.8";"";"4";"0.000";"25.5";"0";"Kein eindeutig referenzierbares amtliches Feature; bleibt im Review."
"10-290-53-kiessee-1-wallendorf";"10-290-53";"Kiessee 1 Wallendorf";"Kiesgrube";"review";"v71-no-official-feature";"";"41.9";"Tonschacht";"1";"0.000";"9999";"0";"Kein eindeutig referenzierbares amtliches Feature; bleibt im Review."
"10-290-55-kiessee-2-wallendorf";"10-290-55";"Kiessee 2 Wallendorf";"Kiesgrube";"review";"v71-no-official-feature";"";"41.9";"Tonschacht";"1";"0.000";"9999";"0";"Kein eindeutig referenzierbares amtliches Feature; bleibt im Review."
"10-290-57-ockendorfer-teich-leuna";"10-290-57";"Ockendorfer Teich Leuna";"Teich";"review";"v71-no-official-feature";"";"133.6";"";"2";"0.000";"96.9";"0";"Kein eindeutig referenzierbares amtliches Feature; bleibt im Review."
"10-352-02-teich-thalgarten-in-querfurt";"10-352-02";"Teich Thalgarten in Querfurt";"Teich";"review";"v71-no-official-feature";"";"159.3";"";"1";"0.000";"9999";"0";"Kein eindeutig referenzierbares amtliches Feature; bleibt im Review."
"10-353-02-langer-teich-in-landgrafroda";"10-353-02";"Langer Teich in Landgrafroda";"Teich";"review";"v71-no-official-feature";"";"12.9";"";"3";"0.000";"38.3";"0";"Kein eindeutig referenzierbares amtliches Feature; bleibt im Review."
"10-353-05-backerteich-landgrafroda";"10-353-05";"Bäckerteich Landgrafroda";"Teich";"review";"v71-no-official-feature";"";"12.9";"";"3";"0.000";"38.3";"0";"Kein eindeutig referenzierbares amtliches Feature; bleibt im Review."
"10-370-01-rosts-loch-in-lieskau";"10-370-01";"Rost‘s Loch in Lieskau";"See";"review";"v71-no-official-feature";"";"37.8";"";"2";"0.000";"152.4";"0";"Kein eindeutig referenzierbares amtliches Feature; bleibt im Review."
"10-370-02-grundel-teich-bei-teutschenthal";"10-370-02";"Gründel Teich bei Teutschenthal";"Teich";"review";"v71-no-official-feature";"";"";"";"0";"0.000";"";"0";"Kein eindeutig referenzierbares amtliches Feature; bleibt im Review."
"10-370-04-schmiedern-am-gutzer-berg";"10-370-04";"Schmiedern am Gützer Berg";"See";"review";"v71-no-official-feature";"";"385.5";"";"1";"0.000";"9999";"0";"Kein eindeutig referenzierbares amtliches Feature; bleibt im Review."
"10-370-05-obere-steinbreite-bei-brachwitz";"10-370-05";"Obere Steinbreite bei Brachwitz";"See";"review";"v71-no-official-feature";"";"";"";"0";"0.000";"";"0";"Kein eindeutig referenzierbares amtliches Feature; bleibt im Review."
"10-370-06-steinbruche-am-spitzberg-bei-landsberg-b-bl-k-pl-ro-0-85";"10-370-06";"Steinbrüche am Spitzberg bei Landsberg B, Bl, K, Pl, Ro 0,85";"See";"review";"v71-no-official-feature";"";"385.5";"";"1";"0.000";"9999";"0";"Kein eindeutig referenzierbares amtliches Feature; bleibt im Review."
"10-370-13-vorderer-schacht-bei-dollnitz";"10-370-13";"Vorderer Schacht bei Döllnitz";"See";"review";"v71-no-official-feature";"";"170.6";"";"6";"0.000";"31.9";"0";"Kein eindeutig referenzierbares amtliches Feature; bleibt im Review."
"10-370-14-pappelgrund-bei-teutschenthal";"10-370-14";"Pappelgrund bei Teutschenthal";"See";"review";"v71-no-official-feature";"";"";"";"0";"0.000";"";"0";"Kein eindeutig referenzierbares amtliches Feature; bleibt im Review."
"10-370-16-erlengrund-bei-teutschenthal";"10-370-16";"Erlengrund bei Teutschenthal";"See";"review";"v71-no-official-feature";"";"";"";"0";"0.000";"";"0";"Kein eindeutig referenzierbares amtliches Feature; bleibt im Review."
"10-370-18-gewasser-an-der-seilbahn-i";"10-370-18";"Gewässer an der Seilbahn I";"See";"review";"v71-no-official-feature";"";"40.4";"";"4";"0.000";"137.7";"0";"Kein eindeutig referenzierbares amtliches Feature; bleibt im Review."
"10-370-23-2-dorfteiche-in-niemberg";"10-370-23";"2 Dorfteiche in Niemberg";"Teich";"review";"v71-no-official-feature";"";"";"";"0";"0.000";"";"0";"Kein eindeutig referenzierbares amtliches Feature; bleibt im Review."
"10-370-25-tonloch-morl";"10-370-25";"Tonloch Morl";"See";"review";"v71-no-official-feature";"";"40.4";"";"4";"0.000";"137.7";"0";"Kein eindeutig referenzierbares amtliches Feature; bleibt im Review."
"10-370-32-steinbruch-ostrau";"10-370-32";"Steinbruch Ostrau";"See";"review";"v71-no-official-feature";"";"12.7";"";"4";"0.000";"32.5";"0";"Kein eindeutig referenzierbares amtliches Feature; bleibt im Review."
"10-370-33-seilbahn-iii-u-ii-bei-morl";"10-370-33";"Seilbahn III u. II bei Morl";"See";"review";"v71-no-official-feature";"";"40.4";"";"4";"0.000";"137.7";"0";"Kein eindeutig referenzierbares amtliches Feature; bleibt im Review."
"10-370-41-dorfteich-lohnsdorf";"10-370-41";"Dorfteich Lohnsdorf";"Teich";"review";"v71-no-official-feature";"";"329.4";"";"2";"0.000";"49.3";"0";"Kein eindeutig referenzierbares amtliches Feature; bleibt im Review."
"10-370-45-teich-am-rodelberg";"10-370-45";"Teich am Rodelberg";"Fließgewässer";"review";"v71-no-official-feature";"";"19.2";"";"7";"0.000";"18.1";"0";"Kein eindeutig referenzierbares amtliches Feature; bleibt im Review."
"10-370-51-napresse-dollnitz";"10-370-51";"Naßpresse Döllnitz";"See";"review";"v71-no-official-feature";"";"440.4";"";"1";"0.000";"9999";"0";"Kein eindeutig referenzierbares amtliches Feature; bleibt im Review."
"10-370-52-entenfang-bei-langenbogen";"10-370-52";"Entenfang bei Langenbogen";"See";"review";"v71-no-official-feature";"";"51.6";"";"1";"0.000";"9999";"0";"Kein eindeutig referenzierbares amtliches Feature; bleibt im Review."
"11-240-03-vollert-bei-trebnitz";"11-240-03";"Vollert bei Trebnitz";"See";"review";"v71-no-official-feature";"";"348.2";"Jugendteich";"1";"0.000";"9999";"0";"Kein eindeutig referenzierbares amtliches Feature; bleibt im Review."
"11-240-04-restloch-tornau";"11-240-04";"Restloch Tornau";"See";"review";"v71-no-official-feature";"";"62.8";"";"1";"0.000";"9999";"0";"Kein eindeutig referenzierbares amtliches Feature; bleibt im Review."
"11-240-06-feuerloschteich-gerstewitz";"11-240-06";"Feuerlöschteich Gerstewitz";"Teich";"review";"v71-no-official-feature";"";"516.9";"";"2";"0.000";"421.7";"0";"Kein eindeutig referenzierbares amtliches Feature; bleibt im Review."
"11-241-02-mondsee-pirkau-bei-hohenmolsen";"11-241-02";"Mondsee Pirkau bei Hohenmölsen";"See";"review";"v71-no-official-feature";"";"401.1";"";"1";"0.000";"9999";"0";"Kein eindeutig referenzierbares amtliches Feature; bleibt im Review."
"11-241-04-eisensee-bei-hohenmolsen";"11-241-04";"Eisensee bei Hohenmölsen";"See";"review";"v71-no-official-feature";"";"401.1";"";"1";"0.000";"9999";"0";"Kein eindeutig referenzierbares amtliches Feature; bleibt im Review."
"11-300-01-parkteich-zu-grojena";"11-300-01";"Parkteich zu Großjena";"Teich";"review";"v71-no-official-feature";"";"";"";"0";"0.000";"";"0";"Kein eindeutig referenzierbares amtliches Feature; bleibt im Review."
"11-300-02-baggerteich-in-naumburg";"11-300-02";"Baggerteich in Naumburg";"Teich";"review";"v71-no-official-feature";"";"";"";"0";"0.000";"";"0";"Kein eindeutig referenzierbares amtliches Feature; bleibt im Review."
"11-300-08-herren-und-bauernteich-in";"11-300-08";"Herren- und Bauernteich in";"Teich";"review";"v71-no-official-feature";"";"";"";"0";"0.000";"";"0";"Kein eindeutig referenzierbares amtliches Feature; bleibt im Review."
"11-310-02-toter-arm-bei-nebra";"11-310-02";"Toter Arm bei Nebra";"See";"review";"v71-no-official-feature";"";"";"";"0";"0.000";"";"0";"Kein eindeutig referenzierbares amtliches Feature; bleibt im Review."
"11-310-05-unstrut-von-landesgrenze-thuringen";"11-310-05";"Unstrut von Landesgrenze Thüringen";"Fließgewässer";"review";"v71-no-official-feature";"";"2.8";"";"5";"0.000";"25.4";"0";"Kein eindeutig referenzierbares amtliches Feature; bleibt im Review."
"11-440-01-tagebaurestloch-bei-gostau";"11-440-01";"Tagebaurestloch bei Gostau";"Kiesgrube";"review";"v71-no-official-feature";"";"685.9";"";"1";"0.000";"9999";"0";"Kein eindeutig referenzierbares amtliches Feature; bleibt im Review."
"11-440-02-saale-von-eisenbahnbrucke-bei-eulau";"11-440-02";"Saale von Eisenbahnbrücke bei Eulau";"Fließgewässer";"review";"v71-no-official-feature";"";"19.1";"";"5";"0.000";"36";"0";"Kein eindeutig referenzierbares amtliches Feature; bleibt im Review."
"11-440-05-alter-saalearm-uichteritz";"11-440-05";"Alter Saalearm Uichteritz";"Fließgewässer";"review";"v71-no-official-feature";"";"0.1";"";"11";"0.000";"50.6";"0";"Kein eindeutig referenzierbares amtliches Feature; bleibt im Review."
"11-480-02-naturbad-rehmsdorf";"11-480-02";"Naturbad Rehmsdorf";"See";"review";"v71-no-official-feature";"";"39.7";"";"1";"0.000";"9999";"0";"Kein eindeutig referenzierbares amtliches Feature; bleibt im Review."
"11-480-09-phonix-nord";"11-480-09";"Phönix Nord";"See";"review";"v71-no-official-feature";"";"101.3";"";"1";"0.000";"9999";"0";"Kein eindeutig referenzierbares amtliches Feature; bleibt im Review."
"11-480-13-revierparkteich-profen";"11-480-13";"Revierparkteich Profen";"Teich";"review";"v71-no-official-feature";"";"";"";"0";"0.000";"";"0";"Kein eindeutig referenzierbares amtliches Feature; bleibt im Review."
"11-480-18-hasselteich-droyig";"11-480-18";"Hasselteich Droyßig";"Teich";"review";"v71-no-official-feature";"";"";"";"0";"0.000";"";"0";"Kein eindeutig referenzierbares amtliches Feature; bleibt im Review."
"11-480-20-wal-in-gobitz";"11-480-20";"Wal in Göbitz";"See";"review";"v71-no-official-feature";"";"721.8";"";"1";"0.000";"9999";"0";"Kein eindeutig referenzierbares amtliches Feature; bleibt im Review."
"11-482-01-hainbergsee-sachsen-anhalt-bereich-a-b-h-k-s-z-6-30";"11-482-01";"Hainbergsee (Sachsen-Anhalt-Bereich) A, B, H, K, S, Z 6,30";"See";"review";"v71-no-official-feature";"";"449.1";"Steinbruchsee";"1";"0.000";"9999";"0";"Kein eindeutig referenzierbares amtliches Feature; bleibt im Review."
"11-482-02-muhlgraben-wetterzeube";"11-482-02";"Mühlgraben Wetterzeube";"Fließgewässer";"review";"v71-no-official-feature";"";"14.9";"";"2";"0.000";"58";"0";"Kein eindeutig referenzierbares amtliches Feature; bleibt im Review."
"11-482-04-grasteich-spora";"11-482-04";"Grasteich Spora";"Teich";"review";"v71-no-official-feature";"";"291.8";"Penkwitzer See";"1";"0.000";"9999";"0";"Kein eindeutig referenzierbares amtliches Feature; bleibt im Review."
"11-482-05-flograben-von-lg-thuringen-bis";"11-482-05";"Floßgraben von LG Thüringen bis";"Fließgewässer";"review";"v71-no-official-feature";"";"9.8";"";"5";"0.000";"27.8";"0";"Kein eindeutig referenzierbares amtliches Feature; bleibt im Review."
"12-140-04-stillinge-nord";"12-140-04";"Stillinge Nord";"See";"review";"v71-no-official-feature";"";"313.2";"";"1";"0.000";"9999";"0";"Kein eindeutig referenzierbares amtliches Feature; bleibt im Review."
"12-140-05-rehsumpf";"12-140-05";"Rehsumpf";"See";"review";"v71-no-official-feature";"";"68.3";"";"6";"0.000";"0";"0";"Kein eindeutig referenzierbares amtliches Feature; bleibt im Review."
"12-140-07-mulde-von-ca-150-m-unterhalb-abzweig-a-b-bl-d-h-pl-20-00-jonitzer-mulde-bis-tiergartenbrucke-und-q-z-von-unterhalb-brucke-b185-bis-250m-oberhalb-einmundung-jonitzer-mulde-und-von-einmundung-lorkgraben-bis-tannenhagerbrucke-sowie-jonitzer-mulde-von-abzweig-aus-der-mulde-bis-oberhalb-brucke-jonitzer-muhle";"12-140-07";"Mulde von ca. 150 m unterhalb Abzweig A, B, Bl, D, H, Pl, 20,00 Jonitzer Mulde bis Tiergartenbrücke und Q, Z von unterhalb Brücke B185 bis 250m oberhalb Einmündung Jonitzer Mulde und von Einmündung Lorkgraben bis Tannenhägerbrücke sowie Jonitzer Mulde von Abzweig aus der Mulde bis oberhalb Brücke Jonitzer Mühle";"Fließgewässer";"review";"v71-no-official-feature";"";"3.8";"";"7";"0.000";"8.8";"0";"Kein eindeutig referenzierbares amtliches Feature; bleibt im Review."
"12-140-08-peisker-an-der-strae-zum-ot-rolau";"12-140-08";"Peisker an der Straße zum OT Roßlau";"See";"review";"v71-no-official-feature";"";"825.7";"";"1";"0.000";"9999";"0";"Kein eindeutig referenzierbares amtliches Feature; bleibt im Review."
"12-140-09-fahrsee-an-der-strae-zum-ot-rolau";"12-140-09";"Fährsee an der Straße zum OT Roßlau";"See";"review";"v71-no-official-feature";"";"825.7";"";"1";"0.000";"9999";"0";"Kein eindeutig referenzierbares amtliches Feature; bleibt im Review."
"12-140-11-zoberbergsee-1-im-ot-mosigkau";"12-140-11";"Zoberbergsee 1 im OT Mosigkau";"See";"review";"v71-no-official-feature";"";"855.4";"";"2";"0.000";"3.3";"0";"Kein eindeutig referenzierbares amtliches Feature; bleibt im Review."
"12-360-02-karpfenteich-biethe-im-ot-rolau";"12-360-02";"Karpfenteich Biethe im OT Roßlau";"Teich";"review";"v71-no-official-feature";"";"825.7";"";"1";"0.000";"9999";"0";"Kein eindeutig referenzierbares amtliches Feature; bleibt im Review."
"13-280-07-neustadter-see-ii-schonstrecke-beachten-a-b-bl-h-k-pl-s-28-00";"13-280-07";"Neustädter See II, Schonstrecke beachten A, B, Bl, H, K, Pl, S 28,00";"See";"review";"v71-no-official-feature";"";"449.1";"Steinbruchsee";"1";"0.000";"9999";"0";"Kein eindeutig referenzierbares amtliches Feature; bleibt im Review."
"13-280-13-else-kolke-bei-zipkeleben";"13-280-13";"Else-Kolke bei Zipkeleben";"See";"review";"v71-no-official-feature";"";"51.8";"Dreierkolk";"2";"0.000";"329.8";"0";"Kein eindeutig referenzierbares amtliches Feature; bleibt im Review."
"13-280-15-prester-see-3-teile";"13-280-15";"Prester See (3 Teile)";"See";"review";"v71-no-official-feature";"";"508.7";"";"1";"0.000";"9999";"0";"Kein eindeutig referenzierbares amtliches Feature; bleibt im Review."
"13-280-18-alte-elbe-kreuzhorst";"13-280-18";"Alte Elbe Kreuzhorst";"Fließgewässer";"review";"v71-no-official-feature";"";"12.3";"";"4";"0.000";"22.6";"0";"Kein eindeutig referenzierbares amtliches Feature; bleibt im Review."
"13-280-23-elbe-und-alte-elbe";"13-280-23";"Elbe und Alte Elbe";"Fließgewässer";"review";"v71-no-official-feature";"";"17.1";"";"4";"0.000";"30.4";"0";"Kein eindeutig referenzierbares amtliches Feature; bleibt im Review."
"13-280-24-zollelbe-vom-elb-km-325-60-327-40";"13-280-24";"Zollelbe vom Elb-km 325,60 – 327,40";"Fließgewässer";"review";"v71-no-official-feature";"";"43.5";"";"4";"0.000";"189.9";"0";"Kein eindeutig referenzierbares amtliches Feature; bleibt im Review."
"13-280-30-sternsee-olvenstedt";"13-280-30";"Sternsee Olvenstedt";"See";"review";"v71-no-official-feature";"";"732.7";"Steinbruchsee";"2";"0.000";"240.1";"0";"Kein eindeutig referenzierbares amtliches Feature; bleibt im Review."
"13-280-32-siel-zipkeleben";"13-280-32";"Siel Zipkeleben";"See";"review";"v71-no-official-feature";"";"51.8";"Dreierkolk";"2";"0.000";"329.8";"0";"Kein eindeutig referenzierbares amtliches Feature; bleibt im Review."
"13-400-01-wolter-1-und-2-bei-randau";"13-400-01";"Wolter 1 und 2 bei Randau";"See";"review";"v71-no-official-feature";"";"";"";"0";"0.000";"";"0";"Kein eindeutig referenzierbares amtliches Feature; bleibt im Review."
"13-400-02-riemer-1-2-und-3-bei-randau";"13-400-02";"Riemer 1, 2 und 3 bei Randau";"See";"review";"v71-no-official-feature";"";"";"";"0";"0.000";"";"0";"Kein eindeutig referenzierbares amtliches Feature; bleibt im Review."
"13-400-03-schloteich-in-randau";"13-400-03";"Schloßteich in Randau";"Teich";"review";"v71-no-official-feature";"";"";"";"0";"0.000";"";"0";"Kein eindeutig referenzierbares amtliches Feature; bleibt im Review."
"13-400-04-langer-see-groer-see-bei-randau";"13-400-04";"Langer See (Großer See) bei Randau";"See";"review";"v71-no-official-feature";"";"";"";"0";"0.000";"";"0";"Kein eindeutig referenzierbares amtliches Feature; bleibt im Review."
"13-400-05-gelbes-loch-bei-randau";"13-400-05";"Gelbes Loch bei Randau";"Fließgewässer";"review";"v71-no-official-feature";"";"12.3";"";"4";"0.000";"22.6";"0";"Kein eindeutig referenzierbares amtliches Feature; bleibt im Review."
"13-400-06-alte-elbe-bei-randau-calenberge";"13-400-06";"Alte Elbe bei Randau/Calenberge";"Fließgewässer";"review";"v71-no-official-feature";"";"419.1";"";"1";"0.000";"9999";"0";"Kein eindeutig referenzierbares amtliches Feature; bleibt im Review."
"13-400-07-kiesbaggerloch-bei-randau";"13-400-07";"Kiesbaggerloch bei Randau";"Kiesgrube";"review";"v71-no-official-feature";"";"";"";"0";"0.000";"";"0";"Kein eindeutig referenzierbares amtliches Feature; bleibt im Review."
"13-400-08-schwarzer-kruger-bei-randau";"13-400-08";"Schwarzer Krüger bei Randau";"See";"review";"v71-no-official-feature";"";"";"";"0";"0.000";"";"0";"Kein eindeutig referenzierbares amtliches Feature; bleibt im Review."
"13-400-09-kaltes-loch-bei-randau";"13-400-09";"Kaltes Loch bei Randau";"See";"review";"v71-no-official-feature";"";"";"";"0";"0.000";"";"0";"Kein eindeutig referenzierbares amtliches Feature; bleibt im Review."
"13-400-10-butz-bei-randau";"13-400-10";"Butz bei Randau";"See";"review";"v71-no-official-feature";"";"";"";"0";"0.000";"";"0";"Kein eindeutig referenzierbares amtliches Feature; bleibt im Review."
"14-210-02-obere-aue-fkk";"14-210-02";"Obere Aue (FKK)";"See";"review";"v71-no-official-feature";"";"1";"Kleiner Heidesee";"2";"0.000";"62";"0";"Kein eindeutig referenzierbares amtliches Feature; bleibt im Review."
"14-210-10-kirchteich-in-neustadt";"14-210-10";"Kirchteich in Neustadt";"Teich";"review";"v71-no-official-feature";"";"130.2";"Kirchteich";"5";"0.455";"0";"0";"Kein eindeutig referenzierbares amtliches Feature; bleibt im Review."
"14-210-11-bruchsee-in-neustadt";"14-210-11";"Bruchsee in Neustadt";"See";"review";"v71-no-official-feature";"";"35.7";"Bruchsee";"1";"0.400";"9999";"0";"Kein eindeutig referenzierbares amtliches Feature; bleibt im Review."
"14-210-13-friedhofsteich-neustadt";"14-210-13";"Friedhofsteich Neustadt";"Teich";"review";"v71-no-official-feature";"";"26.5";"";"5";"0.000";"10.9";"0";"Kein eindeutig referenzierbares amtliches Feature; bleibt im Review."
"14-210-18-weie-elster-von-straenbrucke";"14-210-18";"Weiße Elster von Straßenbrücke";"See";"review";"v71-no-official-feature";"";"";"";"0";"0.000";"";"0";"Kein eindeutig referenzierbares amtliches Feature; bleibt im Review."
"14-212-01-groes-posthorn-linksseitig-am";"14-212-01";"Großes Posthorn linksseitig am";"See";"review";"v71-no-official-feature";"";"";"";"0";"0.000";"";"0";"Kein eindeutig referenzierbares amtliches Feature; bleibt im Review."
