"officialFeatureId";"id";"lavNumber";"name";"type";"result";"tier";"distanceM";"nameScore";"candidateCount";"gapM";"featureUseCount";"groupMargin";"reason"
"StandingWater_DESTGEOT00002KP2";"6-100-02-tonkuhle-badetonkuhle-in-aschersleben-a-h-k-pl-ro-s-0-30";"6-100-02";"Tonkuhle (Badetonkuhle) in Aschersleben A, H, K, Pl, Ro, S 0,30";"See";"review";"v112-conflict-review";"250.0";"0.000";"4";"564.6";"3";"0.010";"Amtliches Feature wird von 3 v11-Kandidaten beansprucht; kein ausreichend klarer Gewinner."
"StandingWater_DESTGEOT00002KP2";"10-370-03-steinbruch-am-gutzer-berg-bei-landsberg-a-b-h-k-pl-ro-s-3-20";"10-370-03";"Steinbruch am Gützer Berg bei Landsberg A, B, H, K, Pl, Ro, S 3,20";"See";"review";"v112-conflict-review";"254.3";"0.000";"4";"636.8";"3";"0.010";"Amtliches Feature wird von 3 v11-Kandidaten beansprucht; kein ausreichend klarer Gewinner."
"StandingWater_DESTGEOT00002KP2";"8-460-46-alter-bruckenkopf-muschelteich-pratau-b-bl-h-pl-1-24";"8-460-46";"Alter Brückenkopf (Muschelteich) Pratau B, Bl, H, Pl 1,24";"Teich";"review";"v112-conflict-review";"259.9";"0.000";"4";"585.0";"3";"0.010";"Amtliches Feature wird von 3 v11-Kandidaten beansprucht; kein ausreichend klarer Gewinner."
"StandingWater_DESTGEOT00001GLG";"6-100-04-birkenweiher-gatersleben";"6-100-04";"Birkenweiher Gatersleben";"See";"matched";"v112-confirmed";"3.6";"0.000";"3";"155.5";"1";"1.000";"v11.2 bestätigt: amtliches Feature konfliktfrei bzw. klarer Gruppengewinner; Abstand 3.6 m, Score 0.792."
"Watercourse_DESTGEOTR100ffiF_lin";"6-100-07-hauptseegraben-von-einmundung";"6-100-07";"Hauptseegraben von Einmündung";"Fließgewässer";"review";"v112-conflict-review";"315.0";"0.000";"7";"60.9";"3";"0.000";"Amtliches Feature wird von 3 v11-Kandidaten beansprucht; kein ausreichend klarer Gewinner."
"Watercourse_DESTGEOTR100ffiF_lin";"8-183-14-fliegraben-von-straenbrucke";"8-183-14";"Fließgraben von Straßenbrücke";"Fließgewässer";"review";"v112-conflict-review";"315.0";"0.000";"7";"60.9";"3";"0.000";"Amtliches Feature wird von 3 v11-Kandidaten beansprucht; kein ausreichend klarer Gewinner."
"Watercourse_DESTGEOTR100ffiF_lin";"9-150-17-sudlicher-ringkanal-von";"9-150-17";"Südlicher Ringkanal von";"Fließgewässer";"review";"v112-conflict-review";"315.0";"0.000";"7";"60.9";"3";"0.000";"Amtliches Feature wird von 3 v11-Kandidaten beansprucht; kein ausreichend klarer Gewinner."
"StandingWater_DESTGEOT0000d6Pm";"6-110-02-dammloch-beesenlaublingen";"6-110-02";"Dammloch Beesenlaublingen";"See";"review";"v112-review";"648.6";"0.000";"4";"67.6";"1";"1.000";"Kandidat bleibt nach Distanz-/Gap-/Namensprüfung im Review."
"StandingWater_DESTGEOT00002wci";"6-110-05-alter-tagebau-gerlebogk";"6-110-05";"Alter Tagebau Gerlebogk";"Kiesgrube";"review";"v112-review";"16.6";"0.000";"9";"329.4";"1";"1.000";"Kandidat bleibt nach Distanz-/Gap-/Namensprüfung im Review."
"Watercourse_DESTGEOTR100fRZ3_lin";"6-110-13-saalealtarm-aderstedt";"6-110-13";"Saalealtarm Aderstedt";"Fließgewässer";"review";"v112-flow-review";"184.8";"0.000";"35";"23.5";"1";"1.000";"Fließgewässer erfüllt die strengen v11.2-Kriterien nicht."
"StandingWater_DESTGEOTR100g3h5";"6-110-15-groer-wiendorfer-teich";"6-110-15";"Großer Wiendorfer Teich";"Teich";"review";"v112-review";"142.4";"1.000";"8";"163.6";"1";"1.000";"Kandidat bleibt nach Distanz-/Gap-/Namensprüfung im Review."
"StandingWater_DESTGEOT00005J5x";"6-110-25-bebitzer-dorfteich";"6-110-25";"Bebitzer Dorfteich";"Teich";"matched";"v112-confirmed";"12.6";"0.000";"2";"171.5";"1";"1.000";"v11.2 bestätigt: amtliches Feature konfliktfrei bzw. klarer Gruppengewinner; Abstand 12.6 m, Score 0.771."
"Watercourse_DESTGEOT00002yMh_pol";"6-111-05-saalealtarm-nienburg";"6-111-05";"Saalealtarm Nienburg";"Fließgewässer";"review";"v112-flow-review";"345.7";"0.000";"22";"3.1";"1";"1.000";"Fließgewässer erfüllt die strengen v11.2-Kriterien nicht."
"StandingWater_DESTGEOT00002bev";"6-112-01-dorfteich-brundel";"6-112-01";"Dorfteich Bründel";"Teich";"review";"v112-review";"170.4";"0.000";"2";"94.5";"1";"1.000";"Kandidat bleibt nach Distanz-/Gap-/Namensprüfung im Review."
"StandingWater_DESTGEOTR1008QbS";"6-230-01-schloteiche-freckleben";"6-230-01";"Schloßteiche Freckleben";"Teich";"review";"v112-review";"369.1";"0.000";"2";"69.0";"1";"1.000";"Kandidat bleibt nach Distanz-/Gap-/Namensprüfung im Review."
"Watercourse_DESTGEOT00002CKf_lin";"6-400-35-elbealtarm-grunewalde";"6-400-35";"Elbealtarm Grünewalde";"Fließgewässer";"review";"v112-flow-review";"218.4";"0.000";"6";"203.0";"1";"1.000";"Fließgewässer erfüllt die strengen v11.2-Kriterien nicht."
"StandingWater_DESTGEOT00001ZfS";"6-410-18-steinbruch-borne";"6-410-18";"Steinbruch Borne";"See";"review";"v112-review";"397.5";"0.000";"2";"24.0";"1";"1.000";"Kandidat bleibt nach Distanz-/Gap-/Namensprüfung im Review."
"StandingWater_DESTGEOTR100h2TB";"7-120-05-kurr-pouch";"7-120-05";"Kurr Pouch";"See";"review";"v112-review";"191.9";"0.000";"2";"601.6";"1";"1.000";"Kandidat bleibt nach Distanz-/Gap-/Namensprüfung im Review."
"StandingWater_DESTGEOT000050vE";"7-120-10-ehemalige-kiesgrube-sandersdorf";"7-120-10";"ehemalige Kiesgrube Sandersdorf";"Kiesgrube";"review";"v112-review";"64.9";"0.000";"7";"189.0";"1";"1.000";"Kandidat bleibt nach Distanz-/Gap-/Namensprüfung im Review."
"StandingWater_DESTGEOT0000fLj9";"7-120-11-ehemaliges-schwimmbad-raguhn";"7-120-11";"ehemaliges Schwimmbad Raguhn";"See";"review";"v112-review";"266.9";"0.000";"8";"50.9";"1";"1.000";"Kandidat bleibt nach Distanz-/Gap-/Namensprüfung im Review."
"StandingWater_DESTGEOT00004Lig";"7-120-14-leipziger-teich-zorbig";"7-120-14";"Leipziger Teich Zörbig";"Teich";"review";"v112-review";"74.8";"0.250";"3";"100.2";"1";"1.000";"Kandidat bleibt nach Distanz-/Gap-/Namensprüfung im Review."
"Watercourse_DESTGEOT00003q4Q_lin";"7-120-21-mulde-v-landesgr-sachsen-bis-stausee";"7-120-21";"Mulde v. Landesgr. Sachsen bis Stausee,";"Fließgewässer";"review";"v112-flow-review";"107.9";"0.000";"9";"78.8";"1";"1.000";"Fließgewässer erfüllt die strengen v11.2-Kriterien nicht."
"Watercourse_DESTGEOTR10093fa_lin";"7-120-22-mulde-von-ca-750m-oberhalb-wehr";"7-120-22";"Mulde von ca. 750m oberhalb Wehr";"Fließgewässer";"review";"v112-flow-review";"2.3";"0.000";"27";"119.8";"1";"1.000";"Fließgewässer erfüllt die strengen v11.2-Kriterien nicht."
"StandingWater_DESTGEOT0000dvfz";"7-120-26-pappelloch-rosa";"7-120-26";"Pappelloch Rösa";"See";"review";"v112-review";"312.6";"0.000";"4";"100.4";"1";"1.000";"Kandidat bleibt nach Distanz-/Gap-/Namensprüfung im Review."
"StandingWater_DESTGEOT00004YjL";"7-120-29-tagebaurestloch-kockern";"7-120-29";"Tagebaurestloch Köckern";"Kiesgrube";"review";"v112-conflict-review";"747.8";"0.000";"2";"191.9";"2";"0.000";"Amtliches Feature wird von 2 v11-Kandidaten beansprucht; kein ausreichend klarer Gewinner."
"StandingWater_DESTGEOT00004YjL";"7-120-51-dorfteich-kockern";"7-120-51";"Dorfteich Köckern";"Teich";"review";"v112-conflict-review";"747.8";"0.000";"2";"191.9";"2";"0.000";"Amtliches Feature wird von 2 v11-Kandidaten beansprucht; kein ausreichend klarer Gewinner."
"Watercourse_DESTGEOT00005hIG_lin";"7-120-32-luthers-linde-muldenstein";"7-120-32";"Luthers Linde Muldenstein";"Fließgewässer";"review";"v112-flow-review";"33.6";"0.000";"4";"652.1";"1";"1.000";"Fließgewässer erfüllt die strengen v11.2-Kriterien nicht."
"StandingWater_DESTGEOT00005gTf";"7-120-38-geerensee-friedersdorf";"7-120-38";"Geerensee Friedersdorf";"See";"review";"v112-review";"283.5";"0.000";"4";"100.6";"1";"1.000";"Kandidat bleibt nach Distanz-/Gap-/Namensprüfung im Review."
"StandingWater_DESTGEOT000050vN";"7-120-41-waldteich-thalheim";"7-120-41";"Waldteich Thalheim";"Teich";"review";"v112-conflict-review";"140.7";"0.000";"4";"483.8";"2";"0.000";"Amtliches Feature wird von 2 v11-Kandidaten beansprucht; kein ausreichend klarer Gewinner."
"StandingWater_DESTGEOT000050vN";"7-120-42-tranke-thalheim";"7-120-42";"Tränke Thalheim";"See";"review";"v112-conflict-review";"140.7";"0.000";"4";"483.8";"2";"0.000";"Amtliches Feature wird von 2 v11-Kandidaten beansprucht; kein ausreichend klarer Gewinner."
"StandingWater_DESTGEOT0000dlgi";"7-120-50-dorfteich-beyersdorf";"7-120-50";"Dorfteich Beyersdorf";"Teich";"review";"v112-review";"83.9";"0.000";"3";"761.8";"1";"1.000";"Kandidat bleibt nach Distanz-/Gap-/Namensprüfung im Review."
"StandingWater_DESTGEOT0000dCFi";"7-120-52-generalsteich-schrenz";"7-120-52";"Generalsteich Schrenz";"Teich";"review";"v112-review";"38.5";"0.000";"3";"123.6";"1";"1.000";"Kandidat bleibt nach Distanz-/Gap-/Namensprüfung im Review."
"StandingWater_DESTGEOT0000cpqU";"7-121-02-deutsche-grube-zscherndorf";"7-121-02";"Deutsche Grube Zscherndorf";"Kiesgrube";"review";"v112-review";"48.0";"0.538";"3";"741.0";"1";"1.000";"Kandidat bleibt nach Distanz-/Gap-/Namensprüfung im Review."
"StandingWater_DESTGEOT000050vw";"7-122-01-kiesgrube-dessauer-str-loberitz";"7-122-01";"Kiesgrube Dessauer Str. Löberitz";"Kiesgrube";"review";"v112-review";"152.8";"0.000";"3";"248.0";"1";"1.000";"Kandidat bleibt nach Distanz-/Gap-/Namensprüfung im Review."
"StandingWater_DESTGEOTR100fWWs";"7-272-05-taube-von-700m-unterhalb-einmundung";"7-272-05";"Taube von 700m unterhalb Einmündung";"See";"review";"v112-review";"523.1";"0.000";"2";"536.8";"1";"1.000";"Kandidat bleibt nach Distanz-/Gap-/Namensprüfung im Review."
"StandingWater_DESTGEOT00002KOR";"7-273-01-baufeld-worbzig-1-groe-kiesgrube";"7-273-01";"Baufeld Wörbzig 1 - Große Kiesgrube";"Kiesgrube";"review";"v112-conflict-review";"26.8";"0.167";"3";"89.1";"2";"0.000";"Amtliches Feature wird von 2 v11-Kandidaten beansprucht; kein ausreichend klarer Gewinner."
"StandingWater_DESTGEOT00002KOR";"7-273-02-baufeld-worbzig-2-kleinere-kiesgrube";"7-273-02";"Baufeld Wörbzig 2 - Kleinere Kiesgrube";"Kiesgrube";"review";"v112-conflict-review";"26.8";"0.167";"3";"89.1";"2";"0.000";"Amtliches Feature wird von 2 v11-Kandidaten beansprucht; kein ausreichend klarer Gewinner."
"StandingWater_DESTGEOT00002KPn";"7-273-08-tagebau-edderitz-boote-ohne-motor";"7-273-08";"Tagebau Edderitz - Boote ohne Motor";"Kiesgrube";"review";"v112-review";"447.9";"0.000";"3";"135.2";"1";"1.000";"Kandidat bleibt nach Distanz-/Gap-/Namensprüfung im Review."
"StandingWater_DESTGEOT00002SlJ";"7-273-18-pelzteich-gorzig";"7-273-18";"Pelzteich Görzig";"Teich";"review";"v112-review";"128.9";"0.000";"5";"341.3";"1";"1.000";"Kandidat bleibt nach Distanz-/Gap-/Namensprüfung im Review."
"StandingWater_DESTGEOT00002e7d";"7-275-07-groer-und-kleiner-parkteich";"7-275-07";"Großer und Kleiner Parkteich";"Teich";"matched";"v112-confirmed";"8.1";"0.310";"4";"141.5";"1";"1.000";"v11.2 bestätigt: amtliches Feature konfliktfrei bzw. klarer Gruppengewinner; Abstand 8.1 m, Score 0.803."
"StandingWater_DESTGEOTR1006g16";"7-275-24-busch-raten-dornbock";"7-275-24";"Busch-Räten Dornbock";"See";"review";"v112-review";"94.1";"0.000";"4";"280.5";"1";"1.000";"Kandidat bleibt nach Distanz-/Gap-/Namensprüfung im Review."
"StandingWater_DESTGEOT00004LXz";"7-276-06-muhlteich-merzien";"7-276-06";"Mühlteich Merzien";"Teich";"review";"v112-review";"129.9";"0.000";"4";"175.0";"1";"1.000";"Kandidat bleibt nach Distanz-/Gap-/Namensprüfung im Review."
"StandingWater_DESTGEOTR100d9B1";"7-490-04-nuthe-im-landkreis-anhalt-bitterfeld-a-a-b-bf-d-h-k-pl-19-50-bis-walternienburg-mit-ausnahme-der-strecke-brucke-kameritz-bis-ca-3-km-flussaufwarts-salmostrecken-beachten";"7-490-04";"Nuthe im Landkreis Anhalt-Bitterfeld Ä, A, B, Bf, D, H, K, Pl 19,50 bis Walternienburg mit Ausnahme der Strecke Brücke Kämeritz bis ca. 3 km Flussaufwärts - Salmostrecken beachten!";"See";"review";"v112-review";"153.6";"0.000";"2";"899.9";"1";"1.000";"Kandidat bleibt nach Distanz-/Gap-/Namensprüfung im Review."
"StandingWater_DESTGEOT00005Fgf";"8-180-02-ehemaliger-badeteich-an-der";"8-180-02";"Ehemaliger Badeteich an der";"Teich";"review";"v112-review";"310.1";"0.000";"10";"75.7";"1";"1.000";"Kandidat bleibt nach Distanz-/Gap-/Namensprüfung im Review."
"StandingWater_DESTGEOT000020IE";"8-181-01-reudener-grube";"8-181-01";"Reudener Grube";"Kiesgrube";"review";"v112-review";"550.7";"0.000";"1";"9999.0";"1";"1.000";"Kandidat bleibt nach Distanz-/Gap-/Namensprüfung im Review."
"StandingWater_DESTGEOT00005uZd";"8-181-03-muhlenteich-radis";"8-181-03";"Mühlenteich Radis";"Teich";"review";"v112-review";"162.0";"0.000";"3";"640.6";"1";"1.000";"Kandidat bleibt nach Distanz-/Gap-/Namensprüfung im Review."
"StandingWater_DESTGEOTR100h2Vt";"8-181-13-barbarasee-bei-grafenhainichen-boote";"8-181-13";"Barbarasee bei Gräfenhainichen Boote";"See";"review";"v112-review";"480.2";"0.000";"3";"220.6";"1";"1.000";"Kandidat bleibt nach Distanz-/Gap-/Namensprüfung im Review."
"StandingWater_DESTGEOT00005k8x";"8-182-01-alte-grube-mohlau";"8-182-01";"Alte Grube Möhlau";"Kiesgrube";"review";"v112-review";"82.1";"0.000";"4";"117.9";"1";"1.000";"Kandidat bleibt nach Distanz-/Gap-/Namensprüfung im Review."
"StandingWater_DESTGEOT0000fPZd";"8-183-01-badeteich-vockerode";"8-183-01";"Badeteich Vockerode";"Teich";"review";"v112-review";"350.8";"0.000";"6";"10.9";"1";"1.000";"Kandidat bleibt nach Distanz-/Gap-/Namensprüfung im Review."
"Watercourse_DESTGEOT00000FMR_lin";"8-183-13-kapengraben-von-ehem-b107-bis-zur";"8-183-13";"Kapengraben von ehem. B107 bis zur";"Fließgewässer";"review";"v112-flow-review";"50.5";"0.000";"18";"100.9";"1";"1.000";"Fließgewässer erfüllt die strengen v11.2-Kriterien nicht."
"StandingWater_DESTGEOT00002lN7";"8-250-08-schwarze-elster-von-lg-bis-zur-ein";"8-250-08";"Schwarze Elster von LG bis zur Ein-";"See";"review";"v112-review";"467.1";"0.000";"2";"356.3";"1";"1.000";"Kandidat bleibt nach Distanz-/Gap-/Namensprüfung im Review."
"StandingWater_DESTGEOT00002la5";"8-250-09-schwarze-elster-von-straenbrucke";"8-250-09";"Schwarze Elster von Straßenbrücke";"See";"review";"v112-review";"750.7";"0.000";"1";"9999.0";"1";"1.000";"Kandidat bleibt nach Distanz-/Gap-/Namensprüfung im Review."
"StandingWater_DESTGEOT00005QOq";"8-250-11-schopfwerk-gerbisbach";"8-250-11";"Schöpfwerk Gerbisbach";"See";"review";"v112-review";"274.6";"0.000";"1";"9999.0";"1";"1.000";"Kandidat bleibt nach Distanz-/Gap-/Namensprüfung im Review."
"StandingWater_DESTGEOT00005QOb";"8-250-16-hufeisenteich-jessen-grabo";"8-250-16";"Hufeisenteich Jessen/Grabo";"Teich";"review";"v112-review";"161.4";"0.000";"12";"98.3";"1";"1.000";"Kandidat bleibt nach Distanz-/Gap-/Namensprüfung im Review."
"StandingWater_DESTGEOT00005VgI";"8-253-01-das-loch-annaburg";"8-253-01";"Das Loch Annaburg";"See";"review";"v112-review";"28.4";"0.000";"4";"384.6";"1";"1.000";"Kandidat bleibt nach Distanz-/Gap-/Namensprüfung im Review."
"StandingWater_DESTGEOT000018gO";"8-253-04-gewasser-meiner-lehrmann";"8-253-04";"Gewässer Meißner, Lehrmann";"See";"review";"v112-review";"878.8";"0.000";"1";"9999.0";"1";"1.000";"Kandidat bleibt nach Distanz-/Gap-/Namensprüfung im Review."
"StandingWater_DESTGEOT0000c7hL";"8-360-01-wasserloch-klieken";"8-360-01";"Wasserloch Klieken";"See";"review";"v112-review";"5.6";"0.000";"5";"85.3";"1";"1.000";"Kandidat bleibt nach Distanz-/Gap-/Namensprüfung im Review."
"StandingWater_DESTGEOT00005yyq";"8-360-09-tongrube-mollensdorf";"8-360-09";"Tongrube Möllensdorf";"Kiesgrube";"review";"v112-review";"137.4";"0.000";"6";"16.6";"1";"1.000";"Kandidat bleibt nach Distanz-/Gap-/Namensprüfung im Review."
"StandingWater_DESTGEOT00005Fgl";"8-460-11-booser-ri-im-ot-boos-dabrun";"8-460-11";"Booser Riß im OT Boos/Dabrun";"See";"review";"v112-review";"195.6";"0.379";"4";"257.2";"1";"1.000";"Kandidat bleibt nach Distanz-/Gap-/Namensprüfung im Review."
"StandingWater_DESTGEOT00000aYf";"8-460-12-3-waldteiche-bei-reinsdorf";"8-460-12";"3 Waldteiche bei Reinsdorf";"Teich";"review";"v112-conflict-review";"182.7";"0.000";"1";"9999.0";"2";"0.000";"Amtliches Feature wird von 2 v11-Kandidaten beansprucht; kein ausreichend klarer Gewinner."
"StandingWater_DESTGEOT00000aYf";"8-460-13-groer-aca-teich-bei-reinsdorf";"8-460-13";"Großer (ACA) Teich bei Reinsdorf";"Teich";"review";"v112-conflict-review";"182.7";"0.000";"1";"9999.0";"2";"0.000";"Amtliches Feature wird von 2 v11-Kandidaten beansprucht; kein ausreichend klarer Gewinner."
"StandingWater_DESTGEOT00005O9k";"8-460-35-3-weinbergeiche-abtsdorf";"8-460-35";"3 Weinbergeiche Abtsdorf";"See";"review";"v112-review";"612.0";"0.000";"6";"50.1";"1";"1.000";"Kandidat bleibt nach Distanz-/Gap-/Namensprüfung im Review."
"StandingWater_DESTGEOT00005xeT";"8-460-39-kolk-seegrehna";"8-460-39";"Kolk Seegrehna";"See";"review";"v112-conflict-review";"600.8";"0.000";"2";"318.8";"2";"0.000";"Amtliches Feature wird von 2 v11-Kandidaten beansprucht; kein ausreichend klarer Gewinner."
"StandingWater_DESTGEOT00005xeT";"8-460-76-wolfskolk-seegrehna";"8-460-76";"Wolfskolk Seegrehna";"See";"review";"v112-conflict-review";"600.8";"0.000";"2";"318.8";"2";"0.000";"Amtliches Feature wird von 2 v11-Kandidaten beansprucht; kein ausreichend klarer Gewinner."
"StandingWater_DESTGEOT00005O9h";"8-460-47-tonteich-bulzig";"8-460-47";"Tonteich Bülzig";"Teich";"review";"v112-review";"113.5";"0.000";"10";"88.4";"1";"1.000";"Kandidat bleibt nach Distanz-/Gap-/Namensprüfung im Review."
"Watercourse_DESTGEOT00005KgU_pol";"8-460-53-alte-elbe-merschwitz";"8-460-53";"Alte Elbe Merschwitz";"Fließgewässer";"review";"v112-flow-review";"14.2";"0.000";"11";"207.5";"1";"1.000";"Fließgewässer erfüllt die strengen v11.2-Kriterien nicht."
"Watercourse_DESTGEOT00005M6I_pol";"8-460-56-booser-graben-vom-booser-ri-zur-elbe";"8-460-56";"Booser Graben vom Booser Riß zur Elbe";"Fließgewässer";"review";"v112-flow-review";"149.0";"0.000";"21";"31.4";"1";"1.000";"Fließgewässer erfüllt die strengen v11.2-Kriterien nicht."
"StandingWater_DESTGEOT00004NMO";"8-460-63-schwarzes-loch-1-3";"8-460-63";"Schwarzes Loch (1-3)";"See";"review";"v112-review";"16.1";"0.000";"7";"645.9";"1";"1.000";"Kandidat bleibt nach Distanz-/Gap-/Namensprüfung im Review."
"StandingWater_DESTGEOT00005O93";"8-460-73-zahna-von-der-strae-zahna";"8-460-73";"Zahna von der Straße Zahna-";"See";"review";"v112-review";"109.4";"0.000";"2";"307.0";"1";"1.000";"Kandidat bleibt nach Distanz-/Gap-/Namensprüfung im Review."
"StandingWater_DESTGEOT00001Qv5";"9-150-03-gemeindebad-neptun-helbra";"9-150-03";"Gemeindebad Neptun Helbra";"See";"review";"v112-review";"66.3";"0.000";"4";"443.7";"1";"1.000";"Kandidat bleibt nach Distanz-/Gap-/Namensprüfung im Review."
"StandingWater_DESTGEOT00001NM2";"9-150-09-grube-bornstedt-neugluck";"9-150-09";"Grube Bornstedt Neuglück";"Kiesgrube";"review";"v112-review";"185.0";"0.000";"1";"9999.0";"1";"1.000";"Kandidat bleibt nach Distanz-/Gap-/Namensprüfung im Review."
"StandingWater_DESTGEOT0000ffty";"9-150-19-helmsdorfer-teiche";"9-150-19";"Helmsdorfer Teiche";"Teich";"review";"v112-conflict-review";"2.1";"0.333";"5";"119.4";"2";"0.000";"Amtliches Feature wird von 2 v11-Kandidaten beansprucht; kein ausreichend klarer Gewinner."
"StandingWater_DESTGEOT0000ffty";"11-480-06-kaynaer-teiche";"11-480-06";"Kaynaer Teiche";"Teich";"review";"v112-conflict-review";"2.1";"0.333";"5";"119.4";"2";"0.000";"Amtliches Feature wird von 2 v11-Kandidaten beansprucht; kein ausreichend klarer Gewinner."
"StandingWater_DESTGEOT0000cdpo";"9-150-21-groes-tonloch-wansleben";"9-150-21";"Großes Tonloch Wansleben";"See";"review";"v112-conflict-review";"428.0";"0.000";"4";"116.8";"2";"0.000";"Amtliches Feature wird von 2 v11-Kandidaten beansprucht; kein ausreichend klarer Gewinner."
"StandingWater_DESTGEOT0000cdpo";"10-370-21-salza-von-straenbrucke-wansleben";"10-370-21";"Salza von Straßenbrücke Wansleben/";"See";"review";"v112-conflict-review";"428.0";"0.000";"4";"116.8";"2";"0.000";"Amtliches Feature wird von 2 v11-Kandidaten beansprucht; kein ausreichend klarer Gewinner."
"StandingWater_DESTGEOT00001U3z";"9-230-02-tonloch-bei-hettstedt";"9-230-02";"Tonloch bei Hettstedt";"See";"review";"v112-review";"954.2";"0.000";"1";"9999.0";"1";"1.000";"Kandidat bleibt nach Distanz-/Gap-/Namensprüfung im Review."
"StandingWater_DESTGEOT00001fJ2";"9-390-03-toter-arm-lange-helme-bei";"9-390-03";"Toter Arm „Lange Helme“ bei";"See";"review";"v112-review";"354.2";"0.000";"1";"9999.0";"1";"1.000";"Kandidat bleibt nach Distanz-/Gap-/Namensprüfung im Review."
"StandingWater_DESTGEOT00000KxV";"9-390-08-schloteich-rottleberode";"9-390-08";"Schloßteich Rottleberode";"Teich";"review";"v112-review";"35.4";"0.480";"2";"431.8";"1";"1.000";"Kandidat bleibt nach Distanz-/Gap-/Namensprüfung im Review."
"StandingWater_DESTGEOT0000103M";"9-390-12-teich-karlsrode";"9-390-12";"Teich Karlsrode";"Teich";"review";"v112-review";"405.2";"0.000";"2";"207.6";"1";"1.000";"Kandidat bleibt nach Distanz-/Gap-/Namensprüfung im Review."
"StandingWater_DESTGEOT00000ryU";"9-390-22-helme-ab-200m-unterhalb-straen";"9-390-22";"Helme ab 200m unterhalb Straßen-";"See";"review";"v112-review";"137.7";"0.000";"3";"252.4";"1";"1.000";"Kandidat bleibt nach Distanz-/Gap-/Namensprüfung im Review."
"StandingWater_DESTGEOT00004Gvn";"10-210-02-kiesgrube-gansteich-zwintschona";"10-210-02";"Kiesgrube (Gänsteich) Zwintschöna";"Kiesgrube";"review";"v112-review";"105.1";"0.000";"8";"370.7";"1";"1.000";"Kandidat bleibt nach Distanz-/Gap-/Namensprüfung im Review."
"StandingWater_DESTGEOT00004GvB";"10-210-11-dorfteich-hohenthurm";"10-210-11";"Dorfteich Hohenthurm";"Teich";"review";"v112-review";"297.4";"0.000";"4";"78.1";"1";"1.000";"Kandidat bleibt nach Distanz-/Gap-/Namensprüfung im Review."
"StandingWater_DESTGEOT00000ryi";"10-290-05-gr-und-kl-muhlteich-schkopau";"10-290-05";"Gr. und Kl. Mühlteich Schkopau";"Teich";"review";"v112-review";"18.8";"0.250";"4";"39.5";"1";"1.000";"Kandidat bleibt nach Distanz-/Gap-/Namensprüfung im Review."
"StandingWater_DESTGEOT00004vk2";"10-290-08-dorfteich-zollschen";"10-290-08";"Dorfteich Zöllschen";"Teich";"review";"v112-review";"163.6";"0.000";"4";"22.7";"1";"1.000";"Kandidat bleibt nach Distanz-/Gap-/Namensprüfung im Review."
"StandingWater_DESTGEOT00002Qq7";"10-290-29-grokaynaer-see-sudteil-nsg";"10-290-29";"Großkaynaer See – Südteil NSG!";"See";"review";"v112-review";"763.0";"0.000";"2";"282.9";"1";"1.000";"Kandidat bleibt nach Distanz-/Gap-/Namensprüfung im Review."
"StandingWater_DESTGEOT00004vjL";"10-290-36-dorfteich-oebles-schlechtewitz";"10-290-36";"Dorfteich Oebles-Schlechtewitz";"Teich";"review";"v112-review";"67.8";"0.000";"3";"66.1";"1";"1.000";"Kandidat bleibt nach Distanz-/Gap-/Namensprüfung im Review."
"StandingWater_DESTGEOT0000dEyT";"10-290-38-teich-1-schladebach";"10-290-38";"Teich 1 Schladebach";"Teich";"review";"v112-review";"330.3";"0.000";"11";"247.8";"1";"1.000";"Kandidat bleibt nach Distanz-/Gap-/Namensprüfung im Review."
"StandingWater_DESTGEOT00004vjB";"10-290-49-dorfteich-krollwitz";"10-290-49";"Dorfteich Kröllwitz";"Teich";"review";"v112-review";"246.0";"0.000";"5";"276.6";"1";"1.000";"Kandidat bleibt nach Distanz-/Gap-/Namensprüfung im Review."
"StandingWater_DESTGEOT00002lNJ";"10-290-54-kiessee-wallendorf-sudl-gastrasse";"10-290-54";"Kiessee Wallendorf südl. Gastrasse";"Kiesgrube";"review";"v112-review";"621.8";"0.000";"4";"1.8";"1";"1.000";"Kandidat bleibt nach Distanz-/Gap-/Namensprüfung im Review."
"StandingWater_DESTGEOT00002sF5";"10-370-07-ihlau-bei-wettin";"10-370-07";"Ihlau bei Wettin";"See";"review";"v112-review";"260.5";"0.000";"3";"276.0";"1";"1.000";"Kandidat bleibt nach Distanz-/Gap-/Namensprüfung im Review."
"StandingWater_DESTGEOT00004Imb";"10-370-26-2-teiche-im-ot-hohen";"10-370-26";"2 Teiche im OT Hohen";"Teich";"review";"v112-review";"284.9";"0.000";"1";"9999.0";"1";"1.000";"Kandidat bleibt nach Distanz-/Gap-/Namensprüfung im Review."
"Watercourse_DESTGEOT00002sIW_lin";"10-370-27-saalealtarm-stollen-wettin";"10-370-27";"Saalealtarm Stollen Wettin";"Fließgewässer";"review";"v112-flow-review";"152.5";"0.000";"16";"204.4";"1";"1.000";"Fließgewässer erfüllt die strengen v11.2-Kriterien nicht."
"StandingWater_DESTGEOT00004Im6";"10-370-29-westenteiche-brachstedt";"10-370-29";"Westenteiche Brachstedt";"Teich";"review";"v112-review";"353.1";"0.000";"2";"45.2";"1";"1.000";"Kandidat bleibt nach Distanz-/Gap-/Namensprüfung im Review."
"StandingWater_DESTGEOT00002Qqb";"10-370-30-dorfteich-nauendorf";"10-370-30";"Dorfteich Nauendorf";"Teich";"review";"v112-review";"90.4";"0.474";"2";"554.3";"1";"1.000";"Kandidat bleibt nach Distanz-/Gap-/Namensprüfung im Review."
"StandingWater_DESTGEOT0000ezj8";"10-370-31-parkteiche-ostrau";"10-370-31";"Parkteiche Ostrau";"Teich";"review";"v112-review";"48.6";"0.000";"5";"48.7";"1";"1.000";"Kandidat bleibt nach Distanz-/Gap-/Namensprüfung im Review."
"StandingWater_DESTGEOT00004Imh";"10-370-38-dorfteich-schwerz";"10-370-38";"Dorfteich Schwerz";"Teich";"review";"v112-review";"86.5";"0.000";"1";"9999.0";"1";"1.000";"Kandidat bleibt nach Distanz-/Gap-/Namensprüfung im Review."
"StandingWater_DESTGEOT00004Img";"10-370-39-dorfteich-dammendorf";"10-370-39";"Dorfteich Dammendorf";"Teich";"review";"v112-review";"404.1";"0.000";"2";"454.1";"1";"1.000";"Kandidat bleibt nach Distanz-/Gap-/Namensprüfung im Review."
"StandingWater_DESTGEOT00004XsG";"10-370-40-teich-im-industriegebiet-sietzsch";"10-370-40";"Teich im Industriegebiet Sietzsch";"Teich";"review";"v112-review";"180.1";"0.000";"4";"245.7";"1";"1.000";"Kandidat bleibt nach Distanz-/Gap-/Namensprüfung im Review."
"StandingWater_DESTGEOT00002so4";"10-370-48-muller-s-loch-lieskau";"10-370-48";"Müller´s Loch Lieskau";"See";"matched";"v112-confirmed";"15.0";"0.000";"6";"203.1";"1";"1.000";"v11.2 bestätigt: amtliches Feature konfliktfrei bzw. klarer Gruppengewinner; Abstand 15.0 m, Score 0.765."
"StandingWater_DESTGEOT00002QqQ";"10-370-49-goethebruch-petersberg";"10-370-49";"Goethebruch Petersberg";"See";"review";"v112-review";"180.6";"0.500";"1";"9999.0";"1";"1.000";"Kandidat bleibt nach Distanz-/Gap-/Namensprüfung im Review."
"StandingWater_DESTGEOT00002QqT";"10-370-54-webersche-sandgrube-beidersee";"10-370-54";"Webersche Sandgrube Beidersee";"Kiesgrube";"review";"v112-review";"386.0";"0.000";"5";"417.7";"1";"1.000";"Kandidat bleibt nach Distanz-/Gap-/Namensprüfung im Review."
"StandingWater_DESTGEOT00002Qqm";"10-371-01-muhlteich-krosigk";"10-371-01";"Mühlteich Krosigk";"Teich";"review";"v112-review";"225.3";"0.000";"2";"80.1";"1";"1.000";"Kandidat bleibt nach Distanz-/Gap-/Namensprüfung im Review."
"StandingWater_DESTGEOT00004tcB";"11-240-05-klarteich-taucha";"11-240-05";"Klärteich Taucha";"Teich";"review";"v112-review";"326.1";"0.000";"1";"9999.0";"1";"1.000";"Kandidat bleibt nach Distanz-/Gap-/Namensprüfung im Review."
"Watercourse_DESTGEOT00000dVu_lin";"11-300-07-kl-saale-v-bad-kosen-b-almrich";"11-300-07";"Kl. Saale v. Bad Kösen b. Almrich";"Fließgewässer";"review";"v112-flow-review";"3.1";"0.000";"11";"184.8";"1";"1.000";"Fließgewässer erfüllt die strengen v11.2-Kriterien nicht."
"StandingWater_DESTGEOT00004tct";"11-440-03-teich-im-rieth-schkortleben";"11-440-03";"Teich im Rieth Schkortleben";"Teich";"review";"v112-review";"189.5";"0.000";"1";"9999.0";"1";"1.000";"Kandidat bleibt nach Distanz-/Gap-/Namensprüfung im Review."
"StandingWater_DESTGEOT00004r2H";"11-480-08-parkteich-hollsteitz";"11-480-08";"Parkteich Hollsteitz";"Teich";"review";"v112-review";"340.0";"0.000";"1";"9999.0";"1";"1.000";"Kandidat bleibt nach Distanz-/Gap-/Namensprüfung im Review."
"StandingWater_DESTGEOT00004qJw";"11-480-10-inselteich-thierbach";"11-480-10";"Inselteich Thierbach";"Teich";"review";"v112-review";"18.5";"0.000";"4";"778.6";"1";"1.000";"Kandidat bleibt nach Distanz-/Gap-/Namensprüfung im Review."
"StandingWater_DESTGEOT00004CMo";"11-480-12-alter-elsterarm-profen";"11-480-12";"Alter Elsterarm Profen";"See";"review";"v112-review";"22.3";"0.000";"2";"609.6";"1";"1.000";"Kandidat bleibt nach Distanz-/Gap-/Namensprüfung im Review."
"Watercourse_DESTGEOT00004ACt_lin";"11-480-14-elstermuhlgraben-elsteraue";"11-480-14";"Elstermühlgraben Elsteraue";"Fließgewässer";"review";"v112-flow-review";"202.4";"0.000";"15";"57.9";"1";"1.000";"Fließgewässer erfüllt die strengen v11.2-Kriterien nicht."
"StandingWater_DESTGEOT00005o6Q";"12-140-01-scholitzer-see-und-hintersee";"12-140-01";"Scholitzer See und Hintersee";"See";"review";"v112-review";"13.0";"0.500";"9";"96.2";"1";"1.000";"Kandidat bleibt nach Distanz-/Gap-/Namensprüfung im Review."
"StandingWater_DESTGEOT00005k9c";"12-183-02-kiessandtagebaurestloch-sollnitz-1";"12-183-02";"Kiessandtagebaurestloch Sollnitz 1";"Kiesgrube";"review";"v112-conflict-review";"183.2";"0.000";"10";"85.1";"2";"0.000";"Amtliches Feature wird von 2 v11-Kandidaten beansprucht; kein ausreichend klarer Gewinner."
"StandingWater_DESTGEOT00005k9c";"12-183-03-kiessandtagebaurestloch-sollnitz-2";"12-183-03";"Kiessandtagebaurestloch Sollnitz 2";"Kiesgrube";"review";"v112-conflict-review";"183.2";"0.000";"10";"85.1";"2";"0.000";"Amtliches Feature wird von 2 v11-Kandidaten beansprucht; kein ausreichend klarer Gewinner."
"StandingWater_DESTGEOTR100gxFT";"13-280-17-barleber-see-i";"13-280-17";"Barleber See I";"See";"review";"v112-conflict-review";"313.4";"1.000";"3";"0.0";"2";"0.133";"Amtliches Feature wird von 2 v11-Kandidaten beansprucht; kein ausreichend klarer Gewinner."
"StandingWater_DESTGEOTR100gxFT";"13-280-01-neustadter-see-i";"13-280-01";"Neustädter See I";"See";"review";"v112-conflict-review";"313.4";"0.333";"3";"0.0";"2";"0.133";"Amtliches Feature wird von 2 v11-Kandidaten beansprucht; kein ausreichend klarer Gewinner."
"Watercourse_DESTGEOT00002JQJ_pol";"13-280-03-rothenseer-verbindungskanal";"13-280-03";"Rothenseer Verbindungskanal";"Fließgewässer";"review";"v112-flow-review";"4.0";"0.000";"10";"0.0";"1";"1.000";"Fließgewässer erfüllt die strengen v11.2-Kriterien nicht."
"StandingWater_DESTGEOT00002hHQ";"13-280-20-baggerloch-an-der-sulzewiese";"13-280-20";"Baggerloch an der Sülzewiese";"See";"review";"v112-review";"44.4";"0.000";"4";"477.8";"1";"1.000";"Kandidat bleibt nach Distanz-/Gap-/Namensprüfung im Review."
"StandingWater_DESTGEOT00002lMA";"13-280-31-barrosee-dreieck";"13-280-31";"Barrosee Dreieck";"See";"review";"v112-review";"33.8";"0.438";"13";"52.2";"1";"1.000";"Kandidat bleibt nach Distanz-/Gap-/Namensprüfung im Review."
"StandingWater_DESTGEOTR100hvuI";"13-280-33-ruckhaltebecken-diesdorfer-graseweg";"13-280-33";"Rückhaltebecken Diesdorfer Graseweg";"See";"review";"v112-review";"763.1";"0.000";"1";"9999.0";"1";"1.000";"Kandidat bleibt nach Distanz-/Gap-/Namensprüfung im Review."
"StandingWater_DESTGEOT00002EVk";"13-280-34-steinfohr-randau-calenberge";"13-280-34";"Steinföhr Randau-Calenberge";"See";"review";"v112-review";"449.8";"0.000";"1";"9999.0";"1";"1.000";"Kandidat bleibt nach Distanz-/Gap-/Namensprüfung im Review."
"StandingWater_DESTGEOT00002Zme";"13-282-01-hohmann-s-badelauben-kleiner-see";"13-282-01";"Hohmann´s Badelauben - Kleiner See";"See";"review";"v112-review";"16.9";"0.355";"11";"53.0";"1";"1.000";"Kandidat bleibt nach Distanz-/Gap-/Namensprüfung im Review."
"Watercourse_DESTGEOTR100cju4_lin";"14-210-01-saalealtarm-hohenweiden";"14-210-01";"Saalealtarm Hohenweiden";"Fließgewässer";"review";"v112-flow-review";"112.8";"0.000";"20";"13.3";"1";"1.000";"Fließgewässer erfüllt die strengen v11.2-Kriterien nicht."
"StandingWater_DESTGEOT00004Gw6";"14-210-03-kleines-posthorn-rechtsseitig";"14-210-03";"Kleines Posthorn rechtsseitig";"See";"review";"v112-review";"125.4";"0.000";"2";"51.9";"1";"1.000";"Kandidat bleibt nach Distanz-/Gap-/Namensprüfung im Review."
"StandingWater_DESTGEOT00003jAD";"14-210-06-pfarrteich-seeben";"14-210-06";"Pfarrteich Seeben";"Teich";"review";"v112-review";"214.8";"0.000";"2";"2.4";"1";"1.000";"Kandidat bleibt nach Distanz-/Gap-/Namensprüfung im Review."
"Watercourse_DESTGEOTR100cCq4_lin";"14-210-12-untere-aue-neuer-kanal";"14-210-12";"Untere Aue (Neuer Kanal)";"Fließgewässer";"review";"v112-flow-review";"106.1";"0.000";"7";"130.6";"1";"1.000";"Fließgewässer erfüllt die strengen v11.2-Kriterien nicht."
"Watercourse_DESTGEOT00000rNl_pol";"14-210-16-saale-von-straenbrucke-b-91";"14-210-16";"Saale von Straßenbrücke B 91";"Fließgewässer";"review";"v112-flow-review";"26.7";"0.000";"13";"83.7";"1";"1.000";"Fließgewässer erfüllt die strengen v11.2-Kriterien nicht."
"Watercourse_DESTGEOT00002Lpy_pol";"14-210-17-umgehungskanal-halle-alter-kanal";"14-210-17";"Umgehungskanal Halle (Alter Kanal)";"Fließgewässer";"review";"v112-flow-review";"465.4";"0.000";"22";"9.6";"1";"1.000";"Fließgewässer erfüllt die strengen v11.2-Kriterien nicht."
