"id";"lavNumber";"name";"type";"district";"status";"tier";"latitude";"longitude";"confidence";"nameScore";"distanceKm";"candidateName";"locality";"reason"
"1-160-01-bruders-teich-bei-gardelegen";"1-160-01";"Brüders Teich bei Gardelegen";"Teich";"Altmarkkreis Salzwedel";"review";"unnamed-medium";"52.5298075";"11.3967719";"0.908";"0";"0.42";"";"Gardelegen";"Nahes unbenanntes stehendes Wasser; räumlich plausibel, aber nicht eindeutig."
"1-160-02-wasserspeicher-luffingen";"1-160-02";"Wasserspeicher Lüffingen";"See";"Altmarkkreis Salzwedel";"review";"unnamed-medium";"52.5690667";"11.4038551";"0.838";"0";"1.34";"";"Lüffingen";"Nahes unbenanntes stehendes Wasser; räumlich plausibel, aber nicht eindeutig."
"1-160-03-kieskuhle-die-lange-wohrde";"1-160-03";"Kieskuhle (Die lange Wohrde)";"Kiesgrube";"Altmarkkreis Salzwedel";"review";"unnamed-medium";"52.5298075";"11.3967719";"0.908";"0";"0.42";"";"Gardelegen";"Nahes unbenanntes stehendes Wasser; räumlich plausibel, aber nicht eindeutig."
"1-160-04-stadtgraben-in-gardelegen";"1-160-04";"Stadtgraben in Gardelegen";"Fließgewässer";"Altmarkkreis Salzwedel";"review";"flow";"52.5186616";"11.3838142";"0.856";"0";"1.1";"";"Gardelegen";"Fließgewässer benötigt Abschnittsprüfung statt automatischem Mittelpunkt."
"1-160-05-lindenthaler-teich-bei-gardelegen";"1-160-05";"Lindenthaler Teich bei Gardelegen";"Teich";"Altmarkkreis Salzwedel";"review";"unnamed-medium";"52.5298075";"11.3967719";"0.908";"0";"0.42";"";"Gardelegen";"Nahes unbenanntes stehendes Wasser; räumlich plausibel, aber nicht eindeutig."
"1-160-06-wilhelmskanal-von-strae";"1-160-06";"Wilhelmskanal von Straße";"Fließgewässer";"Altmarkkreis Salzwedel";"unmatched";"none";"";"";"";"";"";"";"von Straße";"Kein v3-Wasserkandidat vorhanden."
"1-160-07-rotzen-s-loch-bei-breiteiche";"1-160-07";"Rötzen´s Loch bei Breiteiche";"Teich";"Altmarkkreis Salzwedel";"unmatched";"none";"";"";"";"";"";"";"";"Kein v3-Wasserkandidat vorhanden."
"1-160-08-kiessee-gade-bei-solpke";"1-160-08";"Kiessee Gäde bei Solpke";"Kiesgrube";"Altmarkkreis Salzwedel";"review";"unnamed-medium";"52.5072174";"11.3007939";"0.867";"0";"0.95";"";"Solpke";"Nahes unbenanntes stehendes Wasser; räumlich plausibel, aber nicht eindeutig."
"1-160-09-5-teiche-am-ipser-weg";"1-160-09";"5 Teiche am Ipser Weg";"Teich";"Altmarkkreis Salzwedel";"review";"unnamed-medium";"52.5105546";"11.4031394";"0.912";"0";"0.36";"";"Ipser Weg";"Nahes unbenanntes stehendes Wasser; räumlich plausibel, aber nicht eindeutig."
"1-160-12-mahlbusen-heidberg-bei-estedt";"1-160-12";"Mahlbusen-Heidberg bei Estedt";"See";"Altmarkkreis Salzwedel";"review";"unnamed-medium";"52.5774526";"11.3662233";"0.913";"0";"0.35";"";"Estedt";"Nahes unbenanntes stehendes Wasser; räumlich plausibel, aber nicht eindeutig."
"1-160-13-forsterteich-bei-jerchel";"1-160-13";"Försterteich bei Jerchel";"Teich";"Altmarkkreis Salzwedel";"review";"unnamed-medium";"52.4660874";"11.3160803";"0.905";"0";"0.45";"";"Jerchel";"Nahes unbenanntes stehendes Wasser; räumlich plausibel, aber nicht eindeutig."
"1-160-14-milde-von-gardelegen";"1-160-14";"Milde von Gardelegen-";"Fließgewässer";"Altmarkkreis Salzwedel";"review";"flow";"52.5194852";"11.5303351";"0.896";"0";"0.57";"";"von Gardelegen-";"Fließgewässer benötigt Abschnittsprüfung statt automatischem Mittelpunkt."
"1-160-15-blechbudenteich-bei";"1-160-15";"Blechbudenteich bei";"Teich";"Altmarkkreis Salzwedel";"review";"unnamed-medium";"52.69358";"11.4673365";"0.846";"0";"1.22";"";"bei";"Nahes unbenanntes stehendes Wasser; räumlich plausibel, aber nicht eindeutig."
"1-160-16-untere-milde-von-wegebrucke";"1-160-16";"Untere Milde von Wegebrücke";"Fließgewässer";"Altmarkkreis Salzwedel";"review";"flow";"52.7047934";"11.5078816";"0.747";"0";"2.52";"";"die Milde";"Fließgewässer benötigt Abschnittsprüfung statt automatischem Mittelpunkt."
"1-160-17-kellerbuschteiche-lindstedt";"1-160-17";"Kellerbuschteiche Lindstedt";"Teich";"Altmarkkreis Salzwedel";"review";"unnamed-high";"52.5905802";"11.5322808";"0.925";"0";"0.2";"";"Lindstedt";"Sehr nahes unbenanntes stehendes Wasser; vor Freigabe konkurrierende Teiche/Fläche prüfen."
"1-160-18-untere-milde-von-straenbrucke";"1-160-18";"Untere Milde von Straßenbrücke";"Fließgewässer";"Altmarkkreis Salzwedel";"unmatched";"none";"";"";"";"";"";"";"";"Kein v3-Wasserkandidat vorhanden."
"1-160-19-teich-faule-breite-bei-letzlingen";"1-160-19";"Teich „Faule Breite“ bei Letzlingen";"Teich";"Altmarkkreis Salzwedel";"review";"unnamed-medium";"52.4460723";"11.4729848";"0.874";"0";"0.86";"";"Letzlingen";"Nahes unbenanntes stehendes Wasser; räumlich plausibel, aber nicht eindeutig."
"1-160-20-konigsgraben-vom-abschlag";"1-160-20";"Königsgraben vom Abschlag";"Fließgewässer";"Altmarkkreis Salzwedel";"review";"flow";"52.7047934";"11.5078816";"0.747";"0";"2.52";"";"die Milde";"Fließgewässer benötigt Abschnittsprüfung statt automatischem Mittelpunkt."
"1-160-21-kiesgrube-wernitz";"1-160-21";"Kiesgrube Wernitz";"Kiesgrube";"Altmarkkreis Salzwedel";"review";"unnamed-medium";"52.4877963";"11.2364454";"0.91";"0";"0.39";"";"Wernitz";"Nahes unbenanntes stehendes Wasser; räumlich plausibel, aber nicht eindeutig."
"1-160-22-secantsgraben-von-str-br-kalbe-m";"1-160-22";"Secantsgraben von Str.-Br. Kalbe/M. –";"Fließgewässer";"Altmarkkreis Salzwedel";"review";"flow";"52.7047934";"11.5078816";"0.747";"0";"2.52";"";"die Milde";"Fließgewässer benötigt Abschnittsprüfung statt automatischem Mittelpunkt."
"1-160-23-grube-minna-bei-kassieck";"1-160-23";"Grube Minna bei Kassieck";"Kiesgrube";"Altmarkkreis Salzwedel";"review";"unnamed-high";"52.5846956";"11.4873324";"0.927";"0";"0.17";"";"Kassieck";"Sehr nahes unbenanntes stehendes Wasser; vor Freigabe konkurrierende Teiche/Fläche prüfen."
"1-161-01-teich-am-anglerheim-burggraben";"1-161-01";"Teich am Anglerheim (Burggraben)";"Fließgewässer";"Altmarkkreis Salzwedel";"review";"flow";"51.773576";"10.7971424";"0.937";"0";"0.04";"";"Anglerheim";"Fließgewässer benötigt Abschnittsprüfung statt automatischem Mittelpunkt."
"1-161-02-milde-von-kalbe-straenbrucke";"1-161-02";"Milde von Kalbe (Straßenbrücke)";"Fließgewässer";"Altmarkkreis Salzwedel";"unmatched";"none";"";"";"";"";"";"";"";"Kein v3-Wasserkandidat vorhanden."
"1-161-03-untere-milde-von-winkelstedt";"1-161-03";"Untere Milde von Winkelstedt";"Fließgewässer";"Altmarkkreis Salzwedel";"review";"flow";"52.677317";"11.3072696";"0.914";"0";"0.34";"";"Winkelstedt";"Fließgewässer benötigt Abschnittsprüfung statt automatischem Mittelpunkt."
"1-260-01-dorfteich-miesterhorst";"1-260-01";"Dorfteich Miesterhorst";"Teich";"Altmarkkreis Salzwedel";"review";"unnamed-high";"52.460807";"11.1415221";"0.934";"0";"0.07";"";"Miesterhorst";"Sehr nahes unbenanntes stehendes Wasser; vor Freigabe konkurrierende Teiche/Fläche prüfen."
"1-260-02-anglerteiche-apenburg";"1-260-02";"Anglerteiche Apenburg";"Teich";"Altmarkkreis Salzwedel";"review";"unnamed-medium";"52.7100588";"11.2006718";"0.914";"0";"0.33";"";"Apenburg";"Nahes unbenanntes stehendes Wasser; räumlich plausibel, aber nicht eindeutig."
"1-260-03-wasserbecken-am-schlammgraben";"1-260-03";"Wasserbecken am Schlammgraben";"Fließgewässer";"Altmarkkreis Salzwedel";"review";"flow";"52.5761761";"11.0779017";"0.83";"0";"1.44";"";"Kusey";"Fließgewässer benötigt Abschnittsprüfung statt automatischem Mittelpunkt."
"1-260-04-prozebusch-in-dannefeld";"1-260-04";"Prozeßbusch in Dannefeld";"See";"Altmarkkreis Salzwedel";"review";"unnamed-high";"52.5076908";"11.1432105";"0.923";"0";"0.23";"";"Dannefeld";"Sehr nahes unbenanntes stehendes Wasser; vor Freigabe konkurrierende Teiche/Fläche prüfen."
"1-260-05-sauergrund-bei-dannefeld";"1-260-05";"Sauergrund bei Dannefeld";"See";"Altmarkkreis Salzwedel";"review";"unnamed-high";"52.5076908";"11.1432105";"0.923";"0";"0.23";"";"Dannefeld";"Sehr nahes unbenanntes stehendes Wasser; vor Freigabe konkurrierende Teiche/Fläche prüfen."
"1-260-07-beregnungsteich-bei-lockstedt";"1-260-07";"Beregnungsteich bei Lockstedt";"Teich";"Altmarkkreis Salzwedel";"review";"unnamed-medium";"52.6657464";"11.1942592";"0.892";"0";"0.63";"";"Lockstedt";"Nahes unbenanntes stehendes Wasser; räumlich plausibel, aber nicht eindeutig."
"1-260-08-langer-teich-immekath";"1-260-08";"Langer Teich Immekath";"Teich";"Altmarkkreis Salzwedel";"review";"unnamed-high";"52.6277652";"11.0816699";"0.932";"0";"0.11";"";"Immekath";"Sehr nahes unbenanntes stehendes Wasser; vor Freigabe konkurrierende Teiche/Fläche prüfen."
"1-260-09-neues-gewasser-in-klotze";"1-260-09";"Neues Gewässer in Klötze";"See";"Altmarkkreis Salzwedel";"review";"unnamed-medium";"52.622978";"11.1655101";"0.9";"0";"0.52";"";"Klötze";"Nahes unbenanntes stehendes Wasser; räumlich plausibel, aber nicht eindeutig."
"1-260-10-teich-am-ehemaligen";"1-260-10";"Teich am ehemaligen";"Teich";"Altmarkkreis Salzwedel";"review";"unnamed-medium";"52.6657464";"11.1942592";"0.892";"0";"0.63";"";"Lockstedt";"Nahes unbenanntes stehendes Wasser; räumlich plausibel, aber nicht eindeutig."
"1-260-11-jeetze-von-dorfstrae-im-amt";"1-260-11";"Jeetze von Dorfstraße im Amt";"Fließgewässer";"Altmarkkreis Salzwedel";"review";"flow";"52.7859661";"11.1686674";"0.905";"0";"0.45";"";"Amt";"Fließgewässer benötigt Abschnittsprüfung statt automatischem Mittelpunkt."
"1-260-12-alte-badeanstalt-bei-jahrstedt";"1-260-12";"Alte Badeanstalt bei Jahrstedt";"See";"Altmarkkreis Salzwedel";"review";"unnamed-medium";"52.5633612";"10.9708505";"0.906";"0";"0.44";"";"Jahrstedt";"Nahes unbenanntes stehendes Wasser; räumlich plausibel, aber nicht eindeutig."
"1-260-13-dorfteich-steimke";"1-260-13";"Dorfteich Steimke";"Teich";"Altmarkkreis Salzwedel";"review";"unnamed-high";"52.58744";"10.963068";"0.921";"0";"0.24";"";"Steimke";"Sehr nahes unbenanntes stehendes Wasser; vor Freigabe konkurrierende Teiche/Fläche prüfen."
"1-260-14-ohre-in-steimke";"1-260-14";"Ohre in Steimke";"Fließgewässer";"Altmarkkreis Salzwedel";"review";"flow-named";"52.6021446";"10.9490976";"0.878";"1";"1.96";"Ohre";"Steimke";"Fließgewässername passt gut; Punkt repräsentiert aber nur einen Abschnitt."
"1-260-15-ohre-in-jahrstedt";"1-260-15";"Ohre in Jahrstedt";"Fließgewässer";"Altmarkkreis Salzwedel";"review";"flow";"52.5557359";"10.9815634";"0.888";"0";"0.67";"";"Jahrstedt";"Fließgewässer benötigt Abschnittsprüfung statt automatischem Mittelpunkt."
"1-260-16-ehemalige-klarteiche-in-kusey";"1-260-16";"ehemalige Klärteiche in Kusey";"Teich";"Altmarkkreis Salzwedel";"review";"unnamed-medium";"52.5802866";"11.1015091";"0.909";"0";"0.41";"";"Kusey";"Nahes unbenanntes stehendes Wasser; räumlich plausibel, aber nicht eindeutig."
"1-260-17-radestucken-neuekrug";"1-260-17";"Radestücken Neuekrug";"See";"Altmarkkreis Salzwedel";"review";"unnamed-medium";"52.7786135";"10.8198134";"0.841";"0";"1.3";"";"Neuekrug";"Nahes unbenanntes stehendes Wasser; räumlich plausibel, aber nicht eindeutig."
"1-260-18-dorfteich-dannefeld";"1-260-18";"Dorfteich Dannefeld";"Teich";"Altmarkkreis Salzwedel";"review";"unnamed-high";"52.5076908";"11.1432105";"0.923";"0";"0.23";"";"Dannefeld";"Sehr nahes unbenanntes stehendes Wasser; vor Freigabe konkurrierende Teiche/Fläche prüfen."
"1-260-19-groe-rothe-neuferchau";"1-260-19";"Große Röthe Neuferchau";"See";"Altmarkkreis Salzwedel";"review";"unnamed-medium";"52.5785765";"11.0840948";"0.836";"0";"1.36";"";"Neuferchau";"Nahes unbenanntes stehendes Wasser; räumlich plausibel, aber nicht eindeutig."
"1-260-20-untere-milde-cheinitz";"1-260-20";"Untere Milde Cheinitz";"Fließgewässer";"Altmarkkreis Salzwedel";"review";"flow";"52.6991031";"11.2520614";"0.916";"0";"0.31";"";"Cheinitz";"Fließgewässer benötigt Abschnittsprüfung statt automatischem Mittelpunkt."
"1-260-21-brookbuschteich-immekath";"1-260-21";"Brookbuschteich Immekath";"Teich";"Altmarkkreis Salzwedel";"review";"unnamed-high";"52.6277652";"11.0816699";"0.932";"0";"0.11";"";"Immekath";"Sehr nahes unbenanntes stehendes Wasser; vor Freigabe konkurrierende Teiche/Fläche prüfen."
"1-260-22-moorgraben-cheinitz-bruchau";"1-260-22";"Moorgraben Cheinitz/Brüchau";"Fließgewässer";"Altmarkkreis Salzwedel";"unmatched";"none";"";"";"";"";"";"";"";"Kein v3-Wasserkandidat vorhanden."
"1-380-01-plattensee-bei-winterfeld";"1-380-01";"Plattensee bei Winterfeld";"See";"Altmarkkreis Salzwedel";"review";"unnamed-medium";"52.7421551";"11.2416101";"0.91";"0";"0.39";"";"Winterfeld";"Nahes unbenanntes stehendes Wasser; räumlich plausibel, aber nicht eindeutig."
"1-380-03-1-tonstich-in-den-beekwiesen";"1-380-03";"1. Tonstich in den Beekwiesen";"See";"Altmarkkreis Salzwedel";"review";"unnamed-high";"52.8518698";"11.156102";"0.926";"0";"0.18";"";"Salzwedel";"Sehr nahes unbenanntes stehendes Wasser; vor Freigabe konkurrierende Teiche/Fläche prüfen."
"1-380-04-brietzer-teiche";"1-380-04";"Brietzer Teiche";"Teich";"Altmarkkreis Salzwedel";"unmatched";"none";"";"";"";"";"";"";"";"Kein v3-Wasserkandidat vorhanden."
"1-380-05-teich-in-langenapel";"1-380-05";"Teich in Langenapel";"Teich";"Altmarkkreis Salzwedel";"review";"unnamed-medium";"52.8161811";"10.9622902";"0.914";"0";"0.34";"";"Langenapel";"Nahes unbenanntes stehendes Wasser; räumlich plausibel, aber nicht eindeutig."
