"id";"lavNumber";"name";"type";"result";"tier";"distanceM";"officialName";"candidateCount";"gapM";"nameScore";"reason"
"1-160-12-mahlbusen-heidberg-bei-estedt";"1-160-12";"Mahlbusen-Heidberg bei Estedt";"See";"review";"v9-review";"";"";"0";"";"0.000";"Auch in ±1200 m kein amtliches StandingWater-Feature."
"1-160-15-blechbudenteich-bei";"1-160-15";"Blechbudenteich bei";"Teich";"review";"v9-standing-review";"998.6";"";"1";"9999.0";"0.000";"Amtlicher Kandidat gefunden, aber nicht eindeutig genug (998.6 m; Gap 9999.0 m)."
"1-160-23-grube-minna-bei-kassieck";"1-160-23";"Grube Minna bei Kassieck";"Kiesgrube";"review";"v9-review";"";"";"0";"";"0.000";"Auch in ±1200 m kein amtliches StandingWater-Feature."
"1-260-01-dorfteich-miesterhorst";"1-260-01";"Dorfteich Miesterhorst";"Teich";"review";"v9-standing-review";"1402.5";"";"1";"9999.0";"0.000";"Amtlicher Kandidat gefunden, aber nicht eindeutig genug (1402.5 m; Gap 9999.0 m)."
"1-260-09-neues-gewasser-in-klotze";"1-260-09";"Neues Gewässer in Klötze";"See";"review";"v9-review";"";"";"0";"";"0.000";"Auch in ±1200 m kein amtliches StandingWater-Feature."
"1-260-13-dorfteich-steimke";"1-260-13";"Dorfteich Steimke";"Teich";"review";"v9-review";"";"";"0";"";"0.000";"Auch in ±1200 m kein amtliches StandingWater-Feature."
"1-260-16-ehemalige-klarteiche-in-kusey";"1-260-16";"ehemalige Klärteiche in Kusey";"Teich";"review";"v9-review";"";"";"0";"";"0.000";"Auch in ±1200 m kein amtliches StandingWater-Feature."
"1-380-01-plattensee-bei-winterfeld";"1-380-01";"Plattensee bei Winterfeld";"See";"review";"v9-review";"";"";"0";"";"0.000";"Auch in ±1200 m kein amtliches StandingWater-Feature."
"2-420-05-kiesgrube-schernikau";"2-420-05";"Kiesgrube Schernikau";"Kiesgrube";"review";"v9-review";"";"";"0";"";"0.000";"Auch in ±1200 m kein amtliches StandingWater-Feature."
"2-420-09-uchte-von-strae-tornau";"2-420-09";"Uchte von Straße Tornau-";"See";"review";"v9-standing-review";"1151.4";"";"2";"70.8";"0.000";"Amtlicher Kandidat gefunden, aber nicht eindeutig genug (1151.4 m; Gap 70.8 m)."
"2-421-09-winkelwiesenteich-uchtdorf";"2-421-09";"Winkelwiesenteich Uchtdorf";"Teich";"review";"v9-review";"";"";"0";"";"0.000";"Auch in ±1200 m kein amtliches StandingWater-Feature."
"3-200-45-beber-von-einmundung-der-rie";"3-200-45";"Beber von Einmündung der Rie";"See";"review";"v9-review";"";"";"0";"";"0.000";"Auch in ±1200 m kein amtliches StandingWater-Feature."
"3-200-48-papenteich-bei-emden";"3-200-48";"Papenteich bei Emden";"Teich";"review";"v9-standing-review";"1025.6";"";"2";"23.7";"0.000";"Amtlicher Kandidat gefunden, aber nicht eindeutig genug (1025.6 m; Gap 23.7 m)."
"4-171-04-kiesgrube-an-der-mts-in-parey";"4-171-04";"Kiesgrube an der MTS in Parey";"Kiesgrube";"review";"v9-standing-review";"1065.5";"Kühnes Loch";"4";"27.5";"0.000";"Amtlicher Kandidat gefunden, aber nicht eindeutig genug (1065.5 m; Gap 27.5 m)."
"4-171-18-waldmuhlenlanke-bei-parey";"4-171-18";"Waldmühlenlanke bei Parey";"See";"review";"v9-standing-review";"1065.5";"Kühnes Loch";"4";"27.5";"0.000";"Amtlicher Kandidat gefunden, aber nicht eindeutig genug (1065.5 m; Gap 27.5 m)."
"4-171-19-pappelloch-bei-parey";"4-171-19";"Pappelloch bei Parey";"See";"review";"v9-standing-review";"1065.5";"Kühnes Loch";"4";"27.5";"0.000";"Amtlicher Kandidat gefunden, aber nicht eindeutig genug (1065.5 m; Gap 27.5 m)."
"4-171-20-wolfsloch-1-und-2-bei-parey";"4-171-20";"Wolfsloch 1 und 2 bei Parey";"See";"review";"v9-standing-review";"1065.5";"Kühnes Loch";"4";"27.5";"0.000";"Amtlicher Kandidat gefunden, aber nicht eindeutig genug (1065.5 m; Gap 27.5 m)."
"4-171-22-hemslake-bei-parey";"4-171-22";"Hemslake bei Parey";"See";"review";"v9-standing-review";"1065.5";"Kühnes Loch";"4";"27.5";"0.000";"Amtlicher Kandidat gefunden, aber nicht eindeutig genug (1065.5 m; Gap 27.5 m)."
"4-171-27-herrensee-parey";"4-171-27";"Herrensee Parey";"See";"review";"v9-standing-review";"1065.5";"Kühnes Loch";"4";"27.5";"0.000";"Amtlicher Kandidat gefunden, aber nicht eindeutig genug (1065.5 m; Gap 27.5 m)."
"4-172-01-elbe-havel-kanal-von-km-364-5";"4-172-01";"Elbe-Havel-Kanal von km 364,5";"Fließgewässer";"review";"v9-review";"";"";"0";"";"0.000";"Auch in ±1200 m kein amtliches Watercourse-Feature."
"5-101-01-kiesgrube-zwischen-aschersleben";"5-101-01";"Kiesgrube zwischen Aschersleben";"Kiesgrube";"review";"v9-standing-review";"1134.2";"";"2";"322.5";"0.000";"Amtlicher Kandidat gefunden, aber nicht eindeutig genug (1134.2 m; Gap 322.5 m)."
"5-340-14-gondelteich-thale";"5-340-14";"Gondelteich Thale";"Teich";"review";"v9-review";"";"";"0";"";"0.000";"Auch in ±1200 m kein amtliches StandingWater-Feature."
"5-340-19-petersstichel-thale";"5-340-19";"Petersstichel Thale";"See";"review";"v9-review";"";"";"0";"";"0.000";"Auch in ±1200 m kein amtliches StandingWater-Feature."
"6-400-06-kohls-see-bei-biere";"6-400-06";"Kohls See bei Biere";"See";"review";"v9-review";"";"";"0";"";"0.000";"Auch in ±1200 m kein amtliches StandingWater-Feature."
"7-120-35-leine-in-bitterfeld-privatstrecke-beachten-ad-d-h-1-66";"7-120-35";"Leine in Bitterfeld Privatstrecke beachten! Ad, D, H 1,66";"See";"review";"v9-standing-review";"979.2";"";"7";"84.4";"0.000";"Amtlicher Kandidat gefunden, aber nicht eindeutig genug (979.2 m; Gap 84.4 m)."
"7-273-03-baufeld-worbzig-3-kiesgrube-rechts";"7-273-03";"Baufeld Wörbzig 3 - Kiesgrube rechts-";"Kiesgrube";"review";"v9-review";"";"";"0";"";"0.000";"Auch in ±1200 m kein amtliches StandingWater-Feature."
"8-180-03-birnbaummuhlenteich-grafenhainichen-a-b-bl-h-k-pl-ro-s-0-53";"8-180-03";"Birnbaummühlenteich Gräfenhainichen A, B, Bl, H, K, Pl, Ro, S 0,53";"Teich";"review";"v9-review";"";"";"0";"";"0.000";"Auch in ±1200 m kein amtliches StandingWater-Feature."
"8-250-14-baggerteich-bei-brandis";"8-250-14";"Baggerteich bei Brandis";"Teich";"review";"v9-review";"";"";"0";"";"0.000";"Auch in ±1200 m kein amtliches StandingWater-Feature."
"9-150-11-minnabad-volkstedt";"9-150-11";"Minnabad Volkstedt";"See";"review";"v9-review";"";"";"0";"";"0.000";"Auch in ±1200 m kein amtliches StandingWater-Feature."
"9-390-10-altarm-am-hornissenberg-bei-kelbra";"9-390-10";"Altarm am Hornissenberg bei Kelbra";"See";"review";"v9-standing-review";"1275.1";"Talsperre Kelbra";"3";"209.5";"0.200";"Amtlicher Kandidat gefunden, aber nicht eindeutig genug (1275.1 m; Gap 209.5 m)."
"9-390-20-kunstteich-bei-wettelrode";"9-390-20";"Kunstteich bei Wettelrode";"Teich";"review";"v9-standing-review";"1053.1";"Speicher Wettelrode";"1";"9999.0";"0.250";"Amtlicher Kandidat gefunden, aber nicht eindeutig genug (1053.1 m; Gap 9999.0 m)."
"9-390-32-stausee-kelbra";"9-390-32";"Stausee Kelbra";"See";"review";"v9-standing-review";"1275.1";"Talsperre Kelbra";"3";"209.5";"0.333";"Amtlicher Kandidat gefunden, aber nicht eindeutig genug (1275.1 m; Gap 209.5 m)."
"10-290-23-luppe-von-landesgrenze-sachsen";"10-290-23";"Luppe von Landesgrenze Sachsen";"See";"review";"v9-standing-review";"1407.9";"Röhrteich";"2";"139.5";"0.000";"Amtlicher Kandidat gefunden, aber nicht eindeutig genug (1407.9 m; Gap 139.5 m)."
"10-290-24-weie-elster-von-landesgrenze-sachsen";"10-290-24";"Weiße Elster von Landesgrenze Sachsen";"See";"review";"v9-standing-review";"1407.9";"Röhrteich";"2";"139.5";"0.000";"Amtlicher Kandidat gefunden, aber nicht eindeutig genug (1407.9 m; Gap 139.5 m)."
"10-290-44-teich-in-thalschutz";"10-290-44";"Teich in Thalschütz";"Teich";"review";"v9-standing-review";"917.1";"";"3";"56.7";"0.000";"Amtlicher Kandidat gefunden, aber nicht eindeutig genug (917.1 m; Gap 56.7 m)."
"10-370-02-grundel-teich-bei-teutschenthal";"10-370-02";"Gründel Teich bei Teutschenthal";"Teich";"review";"v9-standing-review";"1568.5";"";"1";"9999.0";"0.000";"Amtlicher Kandidat gefunden, aber nicht eindeutig genug (1568.5 m; Gap 9999.0 m)."
"10-370-05-obere-steinbreite-bei-brachwitz";"10-370-05";"Obere Steinbreite bei Brachwitz";"See";"review";"v9-review";"";"";"0";"";"0.000";"Auch in ±1200 m kein amtliches StandingWater-Feature."
"10-370-14-pappelgrund-bei-teutschenthal";"10-370-14";"Pappelgrund bei Teutschenthal";"See";"review";"v9-standing-review";"1568.5";"";"1";"9999.0";"0.000";"Amtlicher Kandidat gefunden, aber nicht eindeutig genug (1568.5 m; Gap 9999.0 m)."
"10-370-16-erlengrund-bei-teutschenthal";"10-370-16";"Erlengrund bei Teutschenthal";"See";"review";"v9-standing-review";"1568.5";"";"1";"9999.0";"0.000";"Amtlicher Kandidat gefunden, aber nicht eindeutig genug (1568.5 m; Gap 9999.0 m)."
"10-370-23-2-dorfteiche-in-niemberg";"10-370-23";"2 Dorfteiche in Niemberg";"Teich";"review";"v9-standing-review";"1195.4";"";"2";"104.1";"0.000";"Amtlicher Kandidat gefunden, aber nicht eindeutig genug (1195.4 m; Gap 104.1 m)."
"11-300-01-parkteich-zu-grojena";"11-300-01";"Parkteich zu Großjena";"Teich";"review";"v9-review";"";"";"0";"";"0.000";"Auch in ±1200 m kein amtliches StandingWater-Feature."
"11-300-02-baggerteich-in-naumburg";"11-300-02";"Baggerteich in Naumburg";"Teich";"review";"v9-review";"";"";"0";"";"0.000";"Auch in ±1200 m kein amtliches StandingWater-Feature."
"11-300-08-herren-und-bauernteich-in";"11-300-08";"Herren- und Bauernteich in";"Teich";"review";"v9-review";"";"";"0";"";"0.000";"Auch in ±1200 m kein amtliches StandingWater-Feature."
"11-310-02-toter-arm-bei-nebra";"11-310-02";"Toter Arm bei Nebra";"See";"review";"v9-review";"";"";"0";"";"0.000";"Auch in ±1200 m kein amtliches StandingWater-Feature."
"11-480-13-revierparkteich-profen";"11-480-13";"Revierparkteich Profen";"Teich";"review";"v9-standing-review";"1015.4";"";"2";"311.6";"0.000";"Amtlicher Kandidat gefunden, aber nicht eindeutig genug (1015.4 m; Gap 311.6 m)."
"11-480-18-hasselteich-droyig";"11-480-18";"Hasselteich Droyßig";"Teich";"review";"v9-review";"";"";"0";"";"0.000";"Auch in ±1200 m kein amtliches StandingWater-Feature."
"13-400-01-wolter-1-und-2-bei-randau";"13-400-01";"Wolter 1 und 2 bei Randau";"See";"review";"v9-standing-review";"965.5";"Calenberger See";"5";"112.0";"0.000";"Amtlicher Kandidat gefunden, aber nicht eindeutig genug (965.5 m; Gap 112.0 m)."
"13-400-02-riemer-1-2-und-3-bei-randau";"13-400-02";"Riemer 1, 2 und 3 bei Randau";"See";"review";"v9-standing-review";"965.5";"Calenberger See";"5";"112.0";"0.000";"Amtlicher Kandidat gefunden, aber nicht eindeutig genug (965.5 m; Gap 112.0 m)."
"13-400-03-schloteich-in-randau";"13-400-03";"Schloßteich in Randau";"Teich";"review";"v9-standing-review";"965.5";"Calenberger See";"5";"112.0";"0.000";"Amtlicher Kandidat gefunden, aber nicht eindeutig genug (965.5 m; Gap 112.0 m)."
"13-400-04-langer-see-groer-see-bei-randau";"13-400-04";"Langer See (Großer See) bei Randau";"See";"review";"v9-standing-review";"965.5";"Calenberger See";"5";"112.0";"0.167";"Amtlicher Kandidat gefunden, aber nicht eindeutig genug (965.5 m; Gap 112.0 m)."
"13-400-07-kiesbaggerloch-bei-randau";"13-400-07";"Kiesbaggerloch bei Randau";"Kiesgrube";"review";"v9-standing-review";"965.5";"Calenberger See";"5";"112.0";"0.000";"Amtlicher Kandidat gefunden, aber nicht eindeutig genug (965.5 m; Gap 112.0 m)."
"13-400-08-schwarzer-kruger-bei-randau";"13-400-08";"Schwarzer Krüger bei Randau";"See";"review";"v9-standing-review";"965.5";"Calenberger See";"5";"112.0";"0.000";"Amtlicher Kandidat gefunden, aber nicht eindeutig genug (965.5 m; Gap 112.0 m)."
"13-400-09-kaltes-loch-bei-randau";"13-400-09";"Kaltes Loch bei Randau";"See";"review";"v9-standing-review";"965.5";"Calenberger See";"5";"112.0";"0.000";"Amtlicher Kandidat gefunden, aber nicht eindeutig genug (965.5 m; Gap 112.0 m)."
"13-400-10-butz-bei-randau";"13-400-10";"Butz bei Randau";"See";"review";"v9-standing-review";"965.5";"Calenberger See";"5";"112.0";"0.000";"Amtlicher Kandidat gefunden, aber nicht eindeutig genug (965.5 m; Gap 112.0 m)."
"14-210-18-weie-elster-von-straenbrucke";"14-210-18";"Weiße Elster von Straßenbrücke";"See";"review";"v9-review";"";"";"0";"";"0.000";"Auch in ±1200 m kein amtliches StandingWater-Feature."
"14-212-01-groes-posthorn-linksseitig-am";"14-212-01";"Großes Posthorn linksseitig am";"See";"review";"v9-standing-review";"1010.3";"";"2";"155.7";"0.000";"Amtlicher Kandidat gefunden, aber nicht eindeutig genug (1010.3 m; Gap 155.7 m)."
