"id";"lavNumber";"name";"type";"result";"tier";"officialFeatureId";"officialDistanceM";"officialCandidateCount";"distanceGapM";"featureUseCount";"reason"
"1-160-01-bruders-teich-bei-gardelegen";"1-160-01";"Brüders Teich bei Gardelegen";"Teich";"review";"v72-conflict";"StandingWater_DESTGEOT00003zoQ";"699.5";"2";"7.1";"3";"Amtliches Feature wird von 3 LAV-Einträgen beansprucht; bleibt Review."
"1-160-03-kieskuhle-die-lange-wohrde";"1-160-03";"Kieskuhle (Die lange Wohrde)";"Kiesgrube";"review";"v72-conflict";"StandingWater_DESTGEOT00003zoQ";"699.5";"2";"7.1";"3";"Amtliches Feature wird von 3 LAV-Einträgen beansprucht; bleibt Review."
"1-160-04-stadtgraben-in-gardelegen";"1-160-04";"Stadtgraben in Gardelegen";"Fließgewässer";"review";"v72-flow";"Watercourse_DESTGEOT00003zQr_lin";"27.2";"9";"34.5";"1";"Fließgewässer werden in v7.2 nicht automatisch hochgestuft."
"1-160-05-lindenthaler-teich-bei-gardelegen";"1-160-05";"Lindenthaler Teich bei Gardelegen";"Teich";"review";"v72-conflict";"StandingWater_DESTGEOT00003zoQ";"699.5";"2";"7.1";"3";"Amtliches Feature wird von 3 LAV-Einträgen beansprucht; bleibt Review."
"1-160-12-mahlbusen-heidberg-bei-estedt";"1-160-12";"Mahlbusen-Heidberg bei Estedt";"See";"review";"v72-no-feature";"";"";"0";"";"0";"Kein amtliches Feature bzw. keine belastbare Distanz; bleibt Review."
"1-160-15-blechbudenteich-bei";"1-160-15";"Blechbudenteich bei";"Teich";"review";"v72-no-feature";"";"";"0";"";"0";"Kein amtliches Feature bzw. keine belastbare Distanz; bleibt Review."
"1-160-17-kellerbuschteiche-lindstedt";"1-160-17";"Kellerbuschteiche Lindstedt";"Teich";"review";"v72-standing-review";"StandingWater_DESTGEOT00003KQy";"425";"1";"9999";"1";"Konfliktfrei, aber Distanz/Kandidatenzahl/Abstand reichen noch nicht für automatische Freigabe."
"1-160-19-teich-faule-breite-bei-letzlingen";"1-160-19";"Teich „Faule Breite“ bei Letzlingen";"Teich";"review";"v72-standing-review";"StandingWater_DESTGEOTR100bqpd";"86";"1";"9999";"1";"Konfliktfrei, aber Distanz/Kandidatenzahl/Abstand reichen noch nicht für automatische Freigabe."
"1-160-21-kiesgrube-wernitz";"1-160-21";"Kiesgrube Wernitz";"Kiesgrube";"review";"v72-standing-review";"StandingWater_DESTGEOT00003miZ";"473";"2";"75.5";"1";"Konfliktfrei, aber Distanz/Kandidatenzahl/Abstand reichen noch nicht für automatische Freigabe."
"1-160-23-grube-minna-bei-kassieck";"1-160-23";"Grube Minna bei Kassieck";"Kiesgrube";"review";"v72-no-feature";"";"";"0";"";"0";"Kein amtliches Feature bzw. keine belastbare Distanz; bleibt Review."
"1-161-03-untere-milde-von-winkelstedt";"1-161-03";"Untere Milde von Winkelstedt";"Fließgewässer";"review";"v72-flow";"Watercourse_DESTGEOT00003BZP_lin";"229.9";"6";"18.1";"1";"Fließgewässer werden in v7.2 nicht automatisch hochgestuft."
"1-260-01-dorfteich-miesterhorst";"1-260-01";"Dorfteich Miesterhorst";"Teich";"review";"v72-no-feature";"";"";"0";"";"0";"Kein amtliches Feature bzw. keine belastbare Distanz; bleibt Review."
"1-260-02-anglerteiche-apenburg";"1-260-02";"Anglerteiche Apenburg";"Teich";"review";"v72-standing-review";"StandingWater_DESTGEOT00003smZ";"137";"4";"16.6";"1";"Konfliktfrei, aber Distanz/Kandidatenzahl/Abstand reichen noch nicht für automatische Freigabe."
"1-260-08-langer-teich-immekath";"1-260-08";"Langer Teich Immekath";"Teich";"review";"v72-conflict";"StandingWater_DESTGEOT00003g7U";"664";"1";"9999";"2";"Amtliches Feature wird von 2 LAV-Einträgen beansprucht; bleibt Review."
"1-260-09-neues-gewasser-in-klotze";"1-260-09";"Neues Gewässer in Klötze";"See";"review";"v72-no-feature";"";"";"0";"";"0";"Kein amtliches Feature bzw. keine belastbare Distanz; bleibt Review."
"1-260-11-jeetze-von-dorfstrae-im-amt";"1-260-11";"Jeetze von Dorfstraße im Amt";"Fließgewässer";"review";"v72-flow";"Watercourse_DESTGEOT00003u5d_lin";"0.7";"14";"6.4";"1";"Fließgewässer werden in v7.2 nicht automatisch hochgestuft."
"1-260-12-alte-badeanstalt-bei-jahrstedt";"1-260-12";"Alte Badeanstalt bei Jahrstedt";"See";"review";"v72-standing-review";"StandingWater_DESTGEOT00003db3";"930.3";"2";"77.8";"1";"Konfliktfrei, aber Distanz/Kandidatenzahl/Abstand reichen noch nicht für automatische Freigabe."
"1-260-13-dorfteich-steimke";"1-260-13";"Dorfteich Steimke";"Teich";"review";"v72-no-feature";"";"";"0";"";"0";"Kein amtliches Feature bzw. keine belastbare Distanz; bleibt Review."
"1-260-14-ohre-in-steimke";"1-260-14";"Ohre in Steimke";"Fließgewässer";"review";"v72-flow";"Watercourse_DESTGEOT000035tT_lin";"743.5";"7";"94.2";"1";"Fließgewässer werden in v7.2 nicht automatisch hochgestuft."
"1-260-16-ehemalige-klarteiche-in-kusey";"1-260-16";"ehemalige Klärteiche in Kusey";"Teich";"review";"v72-no-feature";"";"";"0";"";"0";"Kein amtliches Feature bzw. keine belastbare Distanz; bleibt Review."
"1-260-17-radestucken-neuekrug";"1-260-17";"Radestücken Neuekrug";"See";"review";"v72-standing-review";"StandingWater_DESTGEOT0000foDn";"393";"1";"9999";"1";"Konfliktfrei, aber Distanz/Kandidatenzahl/Abstand reichen noch nicht für automatische Freigabe."
"1-260-19-groe-rothe-neuferchau";"1-260-19";"Große Röthe Neuferchau";"See";"review";"v72-standing-review";"StandingWater_DESTGEOT00003db0";"513.3";"1";"9999";"1";"Konfliktfrei, aber Distanz/Kandidatenzahl/Abstand reichen noch nicht für automatische Freigabe."
"1-260-20-untere-milde-cheinitz";"1-260-20";"Untere Milde Cheinitz";"Fließgewässer";"review";"v72-flow";"Watercourse_DESTGEOT00003rmR_lin";"22.1";"5";"23.9";"1";"Fließgewässer werden in v7.2 nicht automatisch hochgestuft."
"1-260-21-brookbuschteich-immekath";"1-260-21";"Brookbuschteich Immekath";"Teich";"review";"v72-conflict";"StandingWater_DESTGEOT00003g7U";"664";"1";"9999";"2";"Amtliches Feature wird von 2 LAV-Einträgen beansprucht; bleibt Review."
"1-380-01-plattensee-bei-winterfeld";"1-380-01";"Plattensee bei Winterfeld";"See";"review";"v72-no-feature";"";"";"0";"";"0";"Kein amtliches Feature bzw. keine belastbare Distanz; bleibt Review."
"1-380-03-1-tonstich-in-den-beekwiesen";"1-380-03";"1. Tonstich in den Beekwiesen";"See";"review";"v72-standing-review";"StandingWater_DESTGEOT00003uAY";"513";"2";"456.6";"1";"Konfliktfrei, aber Distanz/Kandidatenzahl/Abstand reichen noch nicht für automatische Freigabe."
"1-380-05-teich-in-langenapel";"1-380-05";"Teich in Langenapel";"Teich";"review";"v72-standing-review";"StandingWater_DESTGEOT00003ibC";"5";"3";"16.8";"1";"Konfliktfrei, aber Distanz/Kandidatenzahl/Abstand reichen noch nicht für automatische Freigabe."
"2-330-24-der-haken-am-hausberg-bei";"2-330-24";"Der Haken am Hausberg bei";"See";"review";"v72-conflict";"StandingWater_DESTGEOT000067Cx";"163.5";"1";"9999";"3";"Amtliches Feature wird von 3 LAV-Einträgen beansprucht; bleibt Review."
"2-330-25-schonberger-baggerloch";"2-330-25";"Schönberger Baggerloch";"See";"review";"v72-standing-review";"StandingWater_DESTGEOTR100gs3l";"21.7";"2";"52.4";"1";"Konfliktfrei, aber Distanz/Kandidatenzahl/Abstand reichen noch nicht für automatische Freigabe."
"2-330-29-bodenentnahmestelle-losenrade-1";"2-330-29";"Bodenentnahmestelle Losenrade 1";"Fließgewässer";"review";"v72-flow";"Watercourse_DESTGEOT00004dP5_lin";"1.5";"4";"4.2";"1";"Fließgewässer werden in v7.2 nicht automatisch hochgestuft."
"2-330-31-baggersee-feldneuendorf";"2-330-31";"Baggersee Feldneuendorf";"See";"review";"v72-standing-review";"StandingWater_DESTGEOT00004cWg";"541.9";"4";"46.4";"1";"Konfliktfrei, aber Distanz/Kandidatenzahl/Abstand reichen noch nicht für automatische Freigabe."
"2-334-03-wasserkuhle-langes-loch";"2-334-03";"Wasserkuhle Langes Loch";"See";"matched";"v72-standing-gap";"StandingWater_DESTGEOT00004nds";"38.7";"3";"117.4";"1";"Konfliktfreies stehendes Gewässer: höchstens 50 m entfernt und mindestens 100 m Vorsprung vor dem nächsten amtlichen Kandidaten."
"2-334-05-kiesgrube-schwimmbad-bei";"2-334-05";"Kiesgrube Schwimmbad bei";"Kiesgrube";"review";"v72-conflict";"StandingWater_DESTGEOT000067Cx";"163.5";"1";"9999";"3";"Amtliches Feature wird von 3 LAV-Einträgen beansprucht; bleibt Review."
"2-334-06-volkes-locher-in-rabel";"2-334-06";"Völkes Löcher in Räbel";"See";"matched";"v72-standing-near";"StandingWater_DESTGEOT000067CP";"17.1";"3";"67.7";"1";"Konfliktfreies stehendes Gewässer: höchstens 20 m entfernt und räumlich ausreichend eindeutig."
"2-420-01-kohnsee-kladen";"2-420-01";"Köhnsee Kläden";"See";"review";"v72-standing-review";"StandingWater_DESTGEOT00003Wwo";"465.3";"3";"23.7";"1";"Konfliktfrei, aber Distanz/Kandidatenzahl/Abstand reichen noch nicht für automatische Freigabe."
"2-420-02-schludenlanke-elbnebengewasser";"2-420-02";"Schlüdenlanke (Elbnebengewässer)";"See";"review";"v72-standing-review";"StandingWater_DESTGEOT000064jS";"586.9";"3";"129.3";"1";"Konfliktfrei, aber Distanz/Kandidatenzahl/Abstand reichen noch nicht für automatische Freigabe."
"2-420-05-kiesgrube-schernikau";"2-420-05";"Kiesgrube Schernikau";"Kiesgrube";"review";"v72-no-feature";"";"";"0";"";"0";"Kein amtliches Feature bzw. keine belastbare Distanz; bleibt Review."
"2-420-07-ziegeleiteich-charlottenhof-bei";"2-420-07";"Ziegeleiteich Charlottenhof bei";"Teich";"review";"v72-conflict";"StandingWater_DESTGEOT000067Cx";"163.5";"1";"9999";"3";"Amtliches Feature wird von 3 LAV-Einträgen beansprucht; bleibt Review."
"2-420-09-uchte-von-strae-tornau";"2-420-09";"Uchte von Straße Tornau-";"See";"review";"v72-no-feature";"";"";"0";"";"0";"Kein amtliches Feature bzw. keine belastbare Distanz; bleibt Review."
"2-420-11-fieber-in-stendal";"2-420-11";"Fieber in Stendal";"See";"review";"v72-conflict";"StandingWater_DESTGEOT000045Tt";"188.6";"1";"9999";"2";"Amtliches Feature wird von 2 LAV-Einträgen beansprucht; bleibt Review."
"2-421-03-gr-und-kl-parkteich-in-tangerhutte";"2-421-03";"Gr. und Kl. Parkteich in Tangerhütte";"Teich";"review";"v72-standing-review";"StandingWater_DESTGEOT000044fH";"82.9";"2";"30.4";"1";"Konfliktfrei, aber Distanz/Kandidatenzahl/Abstand reichen noch nicht für automatische Freigabe."
"2-421-07-lehmkuhle-in-cobbel";"2-421-07";"Lehmkuhle in Cobbel";"See";"review";"v72-standing-review";"StandingWater_DESTGEOT00004eMx";"699.3";"1";"9999";"1";"Konfliktfrei, aber Distanz/Kandidatenzahl/Abstand reichen noch nicht für automatische Freigabe."
"2-421-09-winkelwiesenteich-uchtdorf";"2-421-09";"Winkelwiesenteich Uchtdorf";"Teich";"review";"v72-no-feature";"";"";"0";"";"0";"Kein amtliches Feature bzw. keine belastbare Distanz; bleibt Review."
"2-422-02-altes-kiesloch-bei-tangermunde";"2-422-02";"Altes Kiesloch bei Tangermünde";"Kiesgrube";"review";"v72-conflict";"StandingWater_DESTGEOT0000eh5b";"105.1";"1";"9999";"4";"Amtliches Feature wird von 4 LAV-Einträgen beansprucht; bleibt Review."
"2-422-03-neues-kiesloch-bei-tangermunde";"2-422-03";"Neues Kiesloch bei Tangermünde";"Kiesgrube";"review";"v72-conflict";"StandingWater_DESTGEOT0000eh5b";"105.1";"1";"9999";"4";"Amtliches Feature wird von 4 LAV-Einträgen beansprucht; bleibt Review."
"2-422-04-hartsteinwerke-bei-tangermunde";"2-422-04";"Hartsteinwerke bei Tangermünde";"See";"review";"v72-conflict";"StandingWater_DESTGEOT0000eh5b";"105.1";"1";"9999";"4";"Amtliches Feature wird von 4 LAV-Einträgen beansprucht; bleibt Review."
"2-422-13-bolsdorfer-tanger";"2-422-13";"Bölsdorfer Tanger";"See";"review";"v72-standing-review";"StandingWater_DESTGEOTR1008wMZ";"382";"1";"9999";"1";"Konfliktfrei, aber Distanz/Kandidatenzahl/Abstand reichen noch nicht für automatische Freigabe."
"2-422-14-hafenbecken-tangermunde";"2-422-14";"Hafenbecken Tangermünde";"See";"review";"v72-conflict";"StandingWater_DESTGEOT0000eh5b";"105.1";"1";"9999";"4";"Amtliches Feature wird von 4 LAV-Einträgen beansprucht; bleibt Review."
"2-423-02-bucher-kl-lanke";"2-423-02";"Bucher kl. Lanke";"See";"review";"v72-conflict";"StandingWater_DESTGEOT00004gNc";"187";"1";"9999";"2";"Amtliches Feature wird von 2 LAV-Einträgen beansprucht; bleibt Review."
"2-423-03-bucher-lanke";"2-423-03";"Bucher Lanke";"See";"review";"v72-conflict";"StandingWater_DESTGEOT00004gNc";"187";"1";"9999";"2";"Amtliches Feature wird von 2 LAV-Einträgen beansprucht; bleibt Review."
"2-426-01-jaeneckes-teiche-bei-stendal";"2-426-01";"Jaeneckes Teiche bei Stendal";"Teich";"review";"v72-conflict";"StandingWater_DESTGEOT000045Tt";"188.6";"1";"9999";"2";"Amtliches Feature wird von 2 LAV-Einträgen beansprucht; bleibt Review."
"3-200-01-sieben-insel-teich-in-flechtingen";"3-200-01";"Sieben-Insel-Teich in Flechtingen";"Teich";"review";"v72-conflict";"StandingWater_DESTGEOT0000eb6i";"35.8";"3";"205.5";"5";"Amtliches Feature wird von 5 LAV-Einträgen beansprucht; bleibt Review."
"3-200-02-holzmuhlenteich-in-flechtingen";"3-200-02";"Holzmühlenteich in Flechtingen";"Teich";"review";"v72-conflict";"StandingWater_DESTGEOT0000eb6i";"35.8";"3";"205.5";"5";"Amtliches Feature wird von 5 LAV-Einträgen beansprucht; bleibt Review."
"3-200-03-muhlenteich-flechtingen";"3-200-03";"Mühlenteich Flechtingen";"Teich";"review";"v72-conflict";"StandingWater_DESTGEOT0000eb6i";"35.8";"3";"205.5";"5";"Amtliches Feature wird von 5 LAV-Einträgen beansprucht; bleibt Review."
"3-200-04-schloteich-in-flechtingen";"3-200-04";"Schloßteich in Flechtingen";"Teich";"review";"v72-conflict";"StandingWater_DESTGEOT0000eb6i";"101.8";"4";"67.2";"5";"Amtliches Feature wird von 5 LAV-Einträgen beansprucht; bleibt Review."
"3-200-06-muhlenteich-flechtingen";"3-200-06";"Mühlenteich Flechtingen";"Teich";"review";"v72-conflict";"StandingWater_DESTGEOT0000eb6i";"35.8";"3";"205.5";"5";"Amtliches Feature wird von 5 LAV-Einträgen beansprucht; bleibt Review."
"3-200-09-nachtwiese-bei-bebertal";"3-200-09";"Nachtwiese bei Bebertal";"See";"review";"v72-conflict";"StandingWater_DESTGEOT00001LaJ";"426.6";"2";"46.8";"4";"Amtliches Feature wird von 4 LAV-Einträgen beansprucht; bleibt Review."
"3-200-10-haidteich-bei-bebertal";"3-200-10";"Haidteich bei Bebertal";"Teich";"review";"v72-conflict";"StandingWater_DESTGEOT00001LaJ";"426.6";"2";"46.8";"4";"Amtliches Feature wird von 4 LAV-Einträgen beansprucht; bleibt Review."
"3-200-11-steinbruche-nordhusen";"3-200-11";"Steinbrüche Nordhusen";"See";"review";"v72-standing-review";"StandingWater_DESTGEOT00001LLT";"301.9";"1";"9999";"1";"Konfliktfrei, aber Distanz/Kandidatenzahl/Abstand reichen noch nicht für automatische Freigabe."
"3-200-13-hofteich-bodendorf";"3-200-13";"Hofteich Bodendorf";"Fließgewässer";"review";"v72-flow";"Watercourse_DESTGEOT00001MqQ_lin";"11.1";"4";"1.4";"1";"Fließgewässer werden in v7.2 nicht automatisch hochgestuft."
"3-200-16-neuer-teich-in-bebertal";"3-200-16";"Neuer Teich in Bebertal";"Teich";"review";"v72-conflict";"StandingWater_DESTGEOT00001LaJ";"426.6";"2";"46.8";"4";"Amtliches Feature wird von 4 LAV-Einträgen beansprucht; bleibt Review."
"3-200-30-wiemeckenbruch-bei-belsdorf";"3-200-30";"Wiemeckenbruch bei Belsdorf";"See";"review";"v72-standing-review";"StandingWater_DESTGEOT00003lge";"874.6";"1";"9999";"1";"Konfliktfrei, aber Distanz/Kandidatenzahl/Abstand reichen noch nicht für automatische Freigabe."
"3-200-37-schafbade-bei-erxleben";"3-200-37";"Schafbade bei Erxleben";"See";"review";"v72-standing-review";"StandingWater_DESTGEOT00001v7F";"186.1";"1";"9999";"1";"Konfliktfrei, aber Distanz/Kandidatenzahl/Abstand reichen noch nicht für automatische Freigabe."
"3-200-40-silbersee-bei-calvorde";"3-200-40";"Silbersee bei Calvörde";"See";"review";"v72-standing-review";"StandingWater_DESTGEOT00003wl8";"697.5";"1";"9999";"1";"Konfliktfrei, aber Distanz/Kandidatenzahl/Abstand reichen noch nicht für automatische Freigabe."
"3-200-45-beber-von-einmundung-der-rie";"3-200-45";"Beber von Einmündung der Rie";"See";"review";"v72-no-feature";"";"";"0";"";"0";"Kein amtliches Feature bzw. keine belastbare Distanz; bleibt Review."
"3-200-46-wanneweh-von-einmundung-des";"3-200-46";"Wanneweh von Einmündung des";"See";"matched";"v72-standing-gap";"StandingWater_DESTGEOT00001dYa";"42.2";"1";"9999";"1";"Konfliktfreies stehendes Gewässer: höchstens 50 m entfernt und mindestens 100 m Vorsprung vor dem nächsten amtlichen Kandidaten."
"3-200-47-markgrafenteich-bei-bebertal";"3-200-47";"Markgrafenteich bei Bebertal";"Teich";"review";"v72-conflict";"StandingWater_DESTGEOT00001LaJ";"426.6";"2";"46.8";"4";"Amtliches Feature wird von 4 LAV-Einträgen beansprucht; bleibt Review."
"3-200-48-papenteich-bei-emden";"3-200-48";"Papenteich bei Emden";"Teich";"review";"v72-no-feature";"";"";"0";"";"0";"Kein amtliches Feature bzw. keine belastbare Distanz; bleibt Review."
"3-200-52-regenruckhaltebecken-in-hermsdorf";"3-200-52";"Regenrückhaltebecken in Hermsdorf";"See";"review";"v72-standing-review";"StandingWater_DESTGEOT000022NJ";"556.9";"1";"9999";"1";"Konfliktfrei, aber Distanz/Kandidatenzahl/Abstand reichen noch nicht für automatische Freigabe."
"4-130-34-flickschuhteich-burg";"4-130-34";"Flickschuhteich Burg";"Teich";"review";"v72-standing-review";"StandingWater_DESTGEOT000033mN";"295.1";"1";"9999";"1";"Konfliktfrei, aber Distanz/Kandidatenzahl/Abstand reichen noch nicht für automatische Freigabe."
"4-170-06-kiesgrube-brettiner-chaussee-ein";"4-170-06";"Kiesgrube Brettiner Chaussee Ein-";"Kiesgrube";"review";"v72-standing-review";"StandingWater_DESTGEOT00002lN7";"593.9";"1";"9999";"1";"Konfliktfrei, aber Distanz/Kandidatenzahl/Abstand reichen noch nicht für automatische Freigabe."
"4-170-13-fiener-hauptvorfluter-vom-wehr";"4-170-13";"Fiener Hauptvorfluter vom Wehr";"See";"review";"v72-standing-review";"StandingWater_DESTGEOT0000gx0g";"191.2";"1";"9999";"1";"Konfliktfrei, aber Distanz/Kandidatenzahl/Abstand reichen noch nicht für automatische Freigabe."
"4-170-15-schlagenthiner-stremme-vom-rodorfer-a-b-bl-h-pl-s-7-00-altkanal-bis-zur-hauptstremme";"4-170-15";"Schlagenthiner Stremme vom Roßdorfer A, B, Bl, H, Pl, S 7,00 Altkanal bis zur Hauptstremme";"Fließgewässer";"review";"v72-flow";"Watercourse_DESTGEOT00006aD9_lin";"6";"7";"21.8";"1";"Fließgewässer werden in v7.2 nicht automatisch hochgestuft."
"4-170-16-elbe-havel-kanal-von-km-360-bis-364-5-a-b-bl-h-k-71-92-brucke-b1-ortsausgang-genthin-und";"4-170-16";"Elbe-Havel-Kanal von km 360 bis 364, 5 A, B, Bl, H, K, 71,92 (Brücke B1 Ortsausgang Genthin) und";"Fließgewässer";"review";"v72-flow";"Watercourse_DESTGEOT0000604e_lin";"0.1";"10";"53.3";"1";"Fließgewässer werden in v7.2 nicht automatisch hochgestuft."
"4-170-17-2-teiche-im-parchener-park";"4-170-17";"2 Teiche im Parchener Park";"Teich";"review";"v72-standing-review";"StandingWater_DESTGEOT000068ts";"229.1";"1";"9999";"1";"Konfliktfrei, aber Distanz/Kandidatenzahl/Abstand reichen noch nicht für automatische Freigabe."
"4-171-04-kiesgrube-an-der-mts-in-parey";"4-171-04";"Kiesgrube an der MTS in Parey";"Kiesgrube";"review";"v72-no-feature";"";"";"0";"";"0";"Kein amtliches Feature bzw. keine belastbare Distanz; bleibt Review."
"4-171-14-stromelbe-von-km-372-4";"4-171-14";"Stromelbe von km 372,4";"Fließgewässer";"review";"v72-flow";"Watercourse_DESTGEOT000014RI_lin";"103";"5";"136.4";"1";"Fließgewässer werden in v7.2 nicht automatisch hochgestuft."
"4-171-16-zerbener-altarm-am";"4-171-16";"Zerbener Altarm am";"See";"review";"v72-standing-review";"StandingWater_DESTGEOT00005VgK";"202.7";"1";"9999";"1";"Konfliktfrei, aber Distanz/Kandidatenzahl/Abstand reichen noch nicht für automatische Freigabe."
"4-171-18-waldmuhlenlanke-bei-parey";"4-171-18";"Waldmühlenlanke bei Parey";"See";"review";"v72-no-feature";"";"";"0";"";"0";"Kein amtliches Feature bzw. keine belastbare Distanz; bleibt Review."
"4-171-19-pappelloch-bei-parey";"4-171-19";"Pappelloch bei Parey";"See";"review";"v72-no-feature";"";"";"0";"";"0";"Kein amtliches Feature bzw. keine belastbare Distanz; bleibt Review."
"4-171-20-wolfsloch-1-und-2-bei-parey";"4-171-20";"Wolfsloch 1 und 2 bei Parey";"See";"review";"v72-no-feature";"";"";"0";"";"0";"Kein amtliches Feature bzw. keine belastbare Distanz; bleibt Review."
"4-171-21-erdegraben-bei-parey";"4-171-21";"Erdegraben bei Parey";"Fließgewässer";"review";"v72-flow";"Watercourse_DESTGEOT00004fuN_pol";"418.1";"1";"9999";"1";"Fließgewässer werden in v7.2 nicht automatisch hochgestuft."
"4-171-22-hemslake-bei-parey";"4-171-22";"Hemslake bei Parey";"See";"review";"v72-no-feature";"";"";"0";"";"0";"Kein amtliches Feature bzw. keine belastbare Distanz; bleibt Review."
"4-171-25-groes-wasserloch-parey-kuhn-s-loch";"4-171-25";"Großes Wasserloch Parey (Kühn´s Loch)";"See";"review";"v72-standing-review";"StandingWater_DESTGEOT0000dBD6";"146.7";"3";"48.3";"1";"Konfliktfrei, aber Distanz/Kandidatenzahl/Abstand reichen noch nicht für automatische Freigabe."
"4-171-27-herrensee-parey";"4-171-27";"Herrensee Parey";"See";"review";"v72-no-feature";"";"";"0";"";"0";"Kein amtliches Feature bzw. keine belastbare Distanz; bleibt Review."
"4-172-01-elbe-havel-kanal-von-km-364-5";"4-172-01";"Elbe-Havel-Kanal von km 364,5";"Fließgewässer";"review";"v72-no-feature";"";"";"0";"";"0";"Kein amtliches Feature bzw. keine belastbare Distanz; bleibt Review."
"4-173-02-elbe-havel-kanal-von-km-353-km-360";"4-173-02";"Elbe-Havel-Kanal von km 353 - km 360";"Fließgewässer";"review";"v72-flow";"Watercourse_DESTGEOT000061OF_lin";"98.5";"3";"7.8";"1";"Fließgewässer werden in v7.2 nicht automatisch hochgestuft."
"4-490-03-schloteich-und-2-nebenteiche-in";"4-490-03";"Schloßteich und 2 Nebenteiche in";"Teich";"review";"v72-standing-review";"StandingWater_DESTGEOT00002J4l";"699.8";"2";"27.8";"1";"Konfliktfrei, aber Distanz/Kandidatenzahl/Abstand reichen noch nicht für automatische Freigabe."
"4-491-02-griebensee-bei-prodel";"4-491-02";"Griebensee bei Prödel";"See";"review";"v72-standing-review";"StandingWater_DESTGEOT00002ZmK";"571.8";"1";"9999";"1";"Konfliktfrei, aber Distanz/Kandidatenzahl/Abstand reichen noch nicht für automatische Freigabe."
"4-492-03-kleiner-teich-bei-dalchau";"4-492-03";"Kleiner Teich bei Dalchau";"Teich";"review";"v72-standing-review";"StandingWater_DESTGEOT000030Zq";"483";"2";"58";"1";"Konfliktfrei, aber Distanz/Kandidatenzahl/Abstand reichen noch nicht für automatische Freigabe."
"4-492-04-teich-in-gobel";"4-492-04";"Teich in Göbel";"Teich";"review";"v72-standing-review";"StandingWater_DESTGEOT00004TOm";"46";"2";"18.5";"1";"Konfliktfrei, aber Distanz/Kandidatenzahl/Abstand reichen noch nicht für automatische Freigabe."
"5-101-01-kiesgrube-zwischen-aschersleben";"5-101-01";"Kiesgrube zwischen Aschersleben";"Kiesgrube";"review";"v72-no-feature";"";"";"0";"";"0";"Kein amtliches Feature bzw. keine belastbare Distanz; bleibt Review."
"5-190-01-krummer-teich-bei-dingelstedt";"5-190-01";"Krummer Teich bei Dingelstedt";"Teich";"review";"v72-standing-review";"StandingWater_DESTGEOT00000VhK";"417.9";"2";"22.2";"1";"Konfliktfrei, aber Distanz/Kandidatenzahl/Abstand reichen noch nicht für automatische Freigabe."
"5-190-08-halberstadter-see-ii";"5-190-08";"Halberstädter See II";"See";"review";"v72-standing-review";"StandingWater_DESTGEOT00001ldu";"244.8";"1";"9999";"1";"Konfliktfrei, aber Distanz/Kandidatenzahl/Abstand reichen noch nicht für automatische Freigabe."
"5-191-01-fischteich-osterwieck";"5-191-01";"Fischteich Osterwieck";"Teich";"matched";"v72-standing-gap";"StandingWater_DESTGEOT00000HQX";"40.4";"1";"9999";"1";"Konfliktfreies stehendes Gewässer: höchstens 50 m entfernt und mindestens 100 m Vorsprung vor dem nächsten amtlichen Kandidaten."
"5-191-03-turmteich-eilenstedt";"5-191-03";"Turmteich Eilenstedt";"Teich";"matched";"v72-standing-single";"StandingWater_DESTGEOT00001bjH";"37.7";"1";"9999";"1";"Konfliktfreies stehendes Gewässer: einziger amtlicher Kandidat im Suchbereich und höchstens 40 m entfernt."
"5-340-01-erichsburger-teich-bei-friedrichsbrunn";"5-340-01";"Erichsburger Teich bei Friedrichsbrunn";"Teich";"review";"v72-conflict";"StandingWater_DESTGEOT000013d8";"305.1";"1";"9999";"2";"Amtliches Feature wird von 2 LAV-Einträgen beansprucht; bleibt Review."
"5-340-02-bergrat-muller-teich-bei-gernrode";"5-340-02";"Bergrat-Müller Teich bei Gernrode";"Teich";"review";"v72-conflict";"StandingWater_DESTGEOT00001ogw";"593.1";"3";"135.8";"2";"Amtliches Feature wird von 2 LAV-Einträgen beansprucht; bleibt Review."
"5-340-03-neuer-teich-bei-gernrode";"5-340-03";"Neuer Teich bei Gernrode";"Teich";"review";"v72-conflict";"StandingWater_DESTGEOT00001ogw";"593.1";"3";"135.8";"2";"Amtliches Feature wird von 2 LAV-Einträgen beansprucht; bleibt Review."
"5-340-06-hauptseegraben-von-kreisgrenze";"5-340-06";"Hauptseegraben von Kreisgrenze";"Fließgewässer";"review";"v72-flow";"Watercourse_DESTGEOT00001Dro_lin";"120";"3";"169.7";"1";"Fließgewässer werden in v7.2 nicht automatisch hochgestuft."
"5-340-11-kleiner-siebersteinsteich-bei-ballenstedt-b-h-k-pl-s-z-1-80";"5-340-11";"Kleiner Siebersteinsteich bei Ballenstedt B, H, K, Pl, S, Z 1,80";"Teich";"review";"v72-conflict";"StandingWater_DESTGEOT00001ogu";"448.2";"3";"356.2";"3";"Amtliches Feature wird von 3 LAV-Einträgen beansprucht; bleibt Review."
"5-340-12-gondelteich-in-friedrichsbrunn";"5-340-12";"Gondelteich in Friedrichsbrunn";"Teich";"review";"v72-conflict";"StandingWater_DESTGEOT000013d8";"305.1";"1";"9999";"2";"Amtliches Feature wird von 2 LAV-Einträgen beansprucht; bleibt Review."
"5-340-13-selke-von-kreisgrenze";"5-340-13";"Selke von Kreisgrenze";"Fließgewässer";"review";"v72-flow";"Watercourse_DESTGEOT00001rs6_lin";"0.3";"3";"3.7";"1";"Fließgewässer werden in v7.2 nicht automatisch hochgestuft."
"5-340-14-gondelteich-thale";"5-340-14";"Gondelteich Thale";"Teich";"review";"v72-no-feature";"";"";"0";"";"0";"Kein amtliches Feature bzw. keine belastbare Distanz; bleibt Review."
"5-340-15-glockenteich-ballenstedt";"5-340-15";"Glockenteich Ballenstedt";"Teich";"review";"v72-conflict";"StandingWater_DESTGEOT00001ogu";"448.2";"3";"356.2";"3";"Amtliches Feature wird von 3 LAV-Einträgen beansprucht; bleibt Review."
"5-340-16-flottenteich-weddersleben";"5-340-16";"Flottenteich Weddersleben";"Teich";"review";"v72-standing-review";"StandingWater_DESTGEOTR100dmYw";"674.6";"1";"9999";"1";"Konfliktfrei, aber Distanz/Kandidatenzahl/Abstand reichen noch nicht für automatische Freigabe."
"5-340-18-kiessandtagebau-ditfurt-ii";"5-340-18";"Kiessandtagebau Ditfurt II";"Kiesgrube";"review";"v72-standing-review";"StandingWater_DESTGEOTR100gaf7";"1111.9";"1";"9999";"1";"Konfliktfrei, aber Distanz/Kandidatenzahl/Abstand reichen noch nicht für automatische Freigabe."
"5-340-19-petersstichel-thale";"5-340-19";"Petersstichel Thale";"See";"review";"v72-no-feature";"";"";"0";"";"0";"Kein amtliches Feature bzw. keine belastbare Distanz; bleibt Review."
"5-340-20-muhlgraben-thale-0-25";"5-340-20";"Mühlgraben Thale 0,25";"Fließgewässer";"review";"v72-conflict";"Watercourse_DESTGEOT00002LqT_lin";"215.6";"4";"11";"2";"Amtliches Feature wird von 2 LAV-Einträgen beansprucht; bleibt Review."
"5-340-22-schloteich-ballenstedt";"5-340-22";"Schloßteich Ballenstedt";"Teich";"review";"v72-conflict";"StandingWater_DESTGEOT00001ogu";"448.2";"3";"356.2";"3";"Amtliches Feature wird von 3 LAV-Einträgen beansprucht; bleibt Review."
"5-450-02-groer-schachtteich-bei-wienrode";"5-450-02";"Großer Schachtteich bei Wienrode";"Teich";"review";"v72-conflict";"StandingWater_DESTGEOT00000Q54";"76.1";"3";"42.3";"3";"Amtliches Feature wird von 3 LAV-Einträgen beansprucht; bleibt Review."
"5-450-03-brockenstedter-muhle";"5-450-03";"Brockenstedter Mühle";"See";"review";"v72-standing-review";"StandingWater_DESTGEOT00000SrH";"323.7";"1";"9999";"1";"Konfliktfrei, aber Distanz/Kandidatenzahl/Abstand reichen noch nicht für automatische Freigabe."
"5-450-05-kleiner-schachtteich-bei-wienrode-a-b-h-k-pl-s-z-0-47";"5-450-05";"Kleiner Schachtteich bei Wienrode A, B, H, K, Pl, S, Z 0,47";"Teich";"review";"v72-conflict";"StandingWater_DESTGEOT00000Q54";"76.1";"3";"42.3";"3";"Amtliches Feature wird von 3 LAV-Einträgen beansprucht; bleibt Review."
"5-450-06-wiesenteich-bei-wienrode";"5-450-06";"Wiesenteich bei Wienrode";"Teich";"review";"v72-conflict";"StandingWater_DESTGEOT00000Q54";"76.1";"3";"42.3";"3";"Amtliches Feature wird von 3 LAV-Einträgen beansprucht; bleibt Review."
"6-100-06-tonkuhle-nahry-aschersleben";"6-100-06";"Tonkuhle Nahry Aschersleben";"See";"review";"v72-conflict";"StandingWater_DESTGEOT00001UVB";"573.8";"1";"9999";"3";"Amtliches Feature wird von 3 LAV-Einträgen beansprucht; bleibt Review."
"6-100-08-heckenteich-in-gatersleben";"6-100-08";"Heckenteich in Gatersleben";"Teich";"review";"v72-standing-review";"StandingWater_DESTGEOT00001GLG";"33";"2";"58.7";"1";"Konfliktfrei, aber Distanz/Kandidatenzahl/Abstand reichen noch nicht für automatische Freigabe."
"6-100-11-gondelteich-aschersleben";"6-100-11";"Gondelteich Aschersleben";"Teich";"review";"v72-conflict";"StandingWater_DESTGEOT00001UVB";"573.8";"1";"9999";"3";"Amtliches Feature wird von 3 LAV-Einträgen beansprucht; bleibt Review."
"6-100-12-kiesgrube-an-der-froser-strae";"6-100-12";"Kiesgrube an der Froser Straße";"Kiesgrube";"review";"v72-conflict";"StandingWater_DESTGEOT00001UVB";"573.8";"1";"9999";"3";"Amtliches Feature wird von 3 LAV-Einträgen beansprucht; bleibt Review."
"6-110-01-flanschenteich-bebitz";"6-110-01";"Flanschenteich Bebitz";"Teich";"review";"v72-conflict";"StandingWater_DESTGEOT00002wbT";"222.9";"1";"9999";"2";"Amtliches Feature wird von 2 LAV-Einträgen beansprucht; bleibt Review."
"6-110-03-neues-tonloch-beesenlaublingen";"6-110-03";"Neues Tonloch Beesenlaublingen";"See";"review";"v72-conflict";"StandingWater_DESTGEOT0000d6Pm";"593.9";"4";"67.1";"3";"Amtliches Feature wird von 3 LAV-Einträgen beansprucht; bleibt Review."
"6-110-04-altes-tonloch-beesenlaublingen";"6-110-04";"Altes Tonloch Beesenlaublingen";"See";"review";"v72-conflict";"StandingWater_DESTGEOT0000d6Pm";"593.9";"4";"67.1";"3";"Amtliches Feature wird von 3 LAV-Einträgen beansprucht; bleibt Review."
"6-110-06-sportplatzteich-gerlebogk";"6-110-06";"Sportplatzteich Gerlebogk";"Teich";"review";"v72-conflict";"StandingWater_DESTGEOTR100ghpl";"280.4";"1";"9999";"2";"Amtliches Feature wird von 2 LAV-Einträgen beansprucht; bleibt Review."
"6-110-07-villa-teich-gerlebogk";"6-110-07";"Villa-Teich Gerlebogk";"Teich";"review";"v72-conflict";"StandingWater_DESTGEOTR100ghpl";"280.4";"1";"9999";"2";"Amtliches Feature wird von 2 LAV-Einträgen beansprucht; bleibt Review."
"6-110-08-lettenloch-bei-konnern";"6-110-08";"Lettenloch bei Könnern";"See";"matched";"v72-standing-gap";"StandingWater_DESTGEOT00002u3s";"40.2";"1";"9999";"1";"Konfliktfreies stehendes Gewässer: höchstens 50 m entfernt und mindestens 100 m Vorsprung vor dem nächsten amtlichen Kandidaten."
"6-110-10-tonloch-hanse-leau";"6-110-10";"Tonloch Hanse, Leau";"See";"review";"v72-conflict";"StandingWater_DESTGEOT00002wc7";"211.7";"2";"9.2";"5";"Amtliches Feature wird von 5 LAV-Einträgen beansprucht; bleibt Review."
"6-110-11-mariensee-preulitz";"6-110-11";"Mariensee Preußlitz";"See";"review";"v72-conflict";"StandingWater_DESTGEOT00002wc7";"38.7";"2";"182.9";"5";"Amtliches Feature wird von 5 LAV-Einträgen beansprucht; bleibt Review."
"6-110-12-saalealtarm-zwischen-plotzkau";"6-110-12";"Saalealtarm zwischen Plötzkau";"Fließgewässer";"review";"v72-conflict";"Watercourse_DESTGEOT00002aq8_lin";"31.1";"3";"39.7";"2";"Amtliches Feature wird von 2 LAV-Einträgen beansprucht; bleibt Review."
"6-110-14-saale-von-kreisgrenze-saalekreis-bis";"6-110-14";"Saale von Kreisgrenze Saalekreis bis";"Fließgewässer";"review";"v72-conflict";"Watercourse_DESTGEOT00005hGj_lin";"9.8";"5";"27.8";"6";"Amtliches Feature wird von 6 LAV-Einträgen beansprucht; bleibt Review."
"6-110-19-taiga-in-grona";"6-110-19";"Taiga in Gröna";"See";"review";"v72-standing-review";"StandingWater_DESTGEOT00002wcJ";"50.6";"4";"68.6";"1";"Konfliktfrei, aber Distanz/Kandidatenzahl/Abstand reichen noch nicht für automatische Freigabe."
"6-110-20-schwefelteich-bebitz";"6-110-20";"Schwefelteich Bebitz";"Teich";"review";"v72-conflict";"StandingWater_DESTGEOT00002wbT";"222.9";"1";"9999";"2";"Amtliches Feature wird von 2 LAV-Einträgen beansprucht; bleibt Review."
"6-110-21-tonloch-huhn-leau";"6-110-21";"Tonloch Huhn Leau";"See";"review";"v72-conflict";"StandingWater_DESTGEOT00002wc7";"211.7";"2";"9.2";"5";"Amtliches Feature wird von 5 LAV-Einträgen beansprucht; bleibt Review."
"6-110-22-kiesgrube-beesenlaublingen";"6-110-22";"Kiesgrube Beesenlaublingen";"Kiesgrube";"review";"v72-conflict";"StandingWater_DESTGEOT0000d6Pm";"593.9";"4";"67.1";"3";"Amtliches Feature wird von 3 LAV-Einträgen beansprucht; bleibt Review."
"6-110-24-alter-ziegeleiteich-baalberge";"6-110-24";"Alter Ziegeleiteich Baalberge";"Teich";"review";"v72-standing-review";"StandingWater_DESTGEOT00002wc8";"259.6";"1";"9999";"1";"Konfliktfrei, aber Distanz/Kandidatenzahl/Abstand reichen noch nicht für automatische Freigabe."
"6-111-04-bode-vom-beginn-des-muhlgrabens";"6-111-04";"Bode vom Beginn des Mühlgrabens";"Fließgewässer";"review";"v72-flow";"Watercourse_DESTGEOTR100aozM_lin";"9.5";"5";"0.2";"1";"Fließgewässer werden in v7.2 nicht automatisch hochgestuft."
"6-111-11-schachtsee-neugattersleben";"6-111-11";"Schachtsee Neugattersleben";"See";"matched";"v72-standing-near";"StandingWater_DESTGEOT0000dy7Z";"1";"3";"56.3";"1";"Konfliktfreies stehendes Gewässer: höchstens 20 m entfernt und räumlich ausreichend eindeutig."
"6-111-13-saale-von-einmundung-der-fuhne-bis";"6-111-13";"Saale von Einmündung der Fuhne bis";"Fließgewässer";"review";"v72-conflict";"Watercourse_DESTGEOT00005hGj_lin";"9.8";"5";"27.8";"6";"Amtliches Feature wird von 6 LAV-Einträgen beansprucht; bleibt Review."
"6-112-03-saalealtarm-lesewitz-bei-plotzkau";"6-112-03";"Saalealtarm Lesewitz bei Plötzkau";"Fließgewässer";"review";"v72-conflict";"Watercourse_DESTGEOT00002aq8_lin";"31.1";"3";"39.7";"2";"Amtliches Feature wird von 2 LAV-Einträgen beansprucht; bleibt Review."
"6-113-02-groer-teich-hinter-der-fahrt-in-preulitz-a-h-k-ro-s-0-30";"6-113-02";"Großer Teich hinter der Fahrt in Preußlitz A, H, K, Ro, S 0,30";"Teich";"review";"v72-conflict";"StandingWater_DESTGEOT00002wc7";"38.7";"2";"182.9";"5";"Amtliches Feature wird von 5 LAV-Einträgen beansprucht; bleibt Review."
"6-113-03-tonloch-preulitz";"6-113-03";"Tonloch Preußlitz";"See";"review";"v72-conflict";"StandingWater_DESTGEOT00002wc7";"38.7";"2";"182.9";"5";"Amtliches Feature wird von 5 LAV-Einträgen beansprucht; bleibt Review."
"6-400-01-schacht-9-bei-eggersdorf";"6-400-01";"Schacht 9 bei Eggersdorf";"See";"review";"v72-conflict";"StandingWater_DESTGEOT00002e7i";"59.8";"4";"15.5";"2";"Amtliches Feature wird von 2 LAV-Einträgen beansprucht; bleibt Review."
"6-400-02-seehof-bei-wespen-barby";"6-400-02";"Seehof bei Wespen-Barby";"See";"review";"v72-standing-review";"StandingWater_DESTGEOT00002ABg";"92.4";"1";"9999";"1";"Konfliktfrei, aber Distanz/Kandidatenzahl/Abstand reichen noch nicht für automatische Freigabe."
"6-400-05-parkteich-bei-brumby";"6-400-05";"Parkteich bei Brumby";"Teich";"review";"v72-conflict";"StandingWater_DESTGEOT00002e7d";"48.7";"3";"94";"2";"Amtliches Feature wird von 2 LAV-Einträgen beansprucht; bleibt Review."
"6-400-06-kohls-see-bei-biere";"6-400-06";"Kohls See bei Biere";"See";"review";"v72-no-feature";"";"";"0";"";"0";"Kein amtliches Feature bzw. keine belastbare Distanz; bleibt Review."
"6-400-09-griebehner-teiche-bei-calbe";"6-400-09";"Griebehner Teiche bei Calbe";"Teich";"review";"v72-standing-review";"StandingWater_DESTGEOT0000essl";"58.1";"1";"9999";"1";"Konfliktfrei, aber Distanz/Kandidatenzahl/Abstand reichen noch nicht für automatische Freigabe."
"6-400-13-beamtenteich-bei-tornitz";"6-400-13";"Beamtenteich bei Tornitz";"Teich";"review";"v72-conflict";"StandingWater_DESTGEOTR100fHY8";"476.9";"4";"83.1";"4";"Amtliches Feature wird von 4 LAV-Einträgen beansprucht; bleibt Review."
"6-400-14-gruner-teich-bei-tornitz";"6-400-14";"Grüner Teich bei Tornitz";"Teich";"review";"v72-conflict";"StandingWater_DESTGEOTR100fHY8";"476.9";"4";"83.1";"4";"Amtliches Feature wird von 4 LAV-Einträgen beansprucht; bleibt Review."
"6-400-15-pappelteich-bei-tornitz";"6-400-15";"Pappelteich bei Tornitz";"Teich";"review";"v72-conflict";"StandingWater_DESTGEOTR100fHY8";"476.9";"4";"83.1";"4";"Amtliches Feature wird von 4 LAV-Einträgen beansprucht; bleibt Review."
"6-400-23-kiessandtagebau-pommelter-strae";"6-400-23";"Kiessandtagebau Pömmelter Straße";"Kiesgrube";"matched";"v72-standing-gap";"StandingWater_DESTGEOT00002BP5";"45.7";"3";"154.4";"1";"Konfliktfreies stehendes Gewässer: höchstens 50 m entfernt und mindestens 100 m Vorsprung vor dem nächsten amtlichen Kandidaten."
"6-400-24-saalealtarm-tippelskirchen";"6-400-24";"Saalealtarm Tippelskirchen";"Fließgewässer";"review";"v72-conflict";"Watercourse_DESTGEOTR10087XO_lin";"2.8";"5";"25.4";"2";"Amtliches Feature wird von 2 LAV-Einträgen beansprucht; bleibt Review."
"6-400-30-kuchenpfuhl-elbenau";"6-400-30";"Küchenpfuhl Elbenau";"Fließgewässer";"review";"v72-conflict";"Watercourse_DESTGEOT00002CL1_lin";"85.4";"2";"225";"2";"Amtliches Feature wird von 2 LAV-Einträgen beansprucht; bleibt Review."
"6-400-33-stilles-wasser-elbenau";"6-400-33";"Stilles Wasser Elbenau";"Fließgewässer";"review";"v72-conflict";"Watercourse_DESTGEOT00002CL1_lin";"85.4";"2";"225";"2";"Amtliches Feature wird von 2 LAV-Einträgen beansprucht; bleibt Review."
"6-400-34-kiessee-tornitz";"6-400-34";"Kiessee Tornitz";"Kiesgrube";"review";"v72-conflict";"StandingWater_DESTGEOTR100fHY8";"476.9";"4";"83.1";"4";"Amtliches Feature wird von 4 LAV-Einträgen beansprucht; bleibt Review."
"6-400-36-angerteich-in-glothe";"6-400-36";"Angerteich in Glöthe";"Teich";"review";"v72-conflict";"StandingWater_DESTGEOT00002e7u";"17.1";"5";"20.4";"2";"Amtliches Feature wird von 2 LAV-Einträgen beansprucht; bleibt Review."
"6-400-39-tilsschacht-brumby";"6-400-39";"Tilsschacht Brumby";"See";"review";"v72-conflict";"StandingWater_DESTGEOT00002e7d";"584.5";"2";"148.8";"2";"Amtliches Feature wird von 2 LAV-Einträgen beansprucht; bleibt Review."
"6-400-43-schachtteich-eggersdorf";"6-400-43";"Schachtteich Eggersdorf";"Teich";"review";"v72-conflict";"StandingWater_DESTGEOT00002e7i";"59.8";"4";"15.5";"2";"Amtliches Feature wird von 2 LAV-Einträgen beansprucht; bleibt Review."
"6-400-44-kirchbreite-bei-barby";"6-400-44";"Kirchbreite bei Barby";"See";"review";"v72-conflict";"StandingWater_DESTGEOT00002Yvu";"444.4";"2";"137.3";"3";"Amtliches Feature wird von 3 LAV-Einträgen beansprucht; bleibt Review."
"6-400-47-tonlocher-glothe";"6-400-47";"Tonlöcher Glöthe";"See";"review";"v72-conflict";"StandingWater_DESTGEOT00002e7u";"17.1";"5";"20.4";"2";"Amtliches Feature wird von 2 LAV-Einträgen beansprucht; bleibt Review."
"6-401-02-bruch-2-bei-breitenhagen";"6-401-02";"Bruch 2 bei Breitenhagen";"See";"review";"v72-conflict";"StandingWater_DESTGEOT00002YuZ";"4.3";"2";"50.6";"2";"Amtliches Feature wird von 2 LAV-Einträgen beansprucht; bleibt Review."
"6-401-03-bruch-3-bei-breitenhagen";"6-401-03";"Bruch 3 bei Breitenhagen";"See";"review";"v72-conflict";"StandingWater_DESTGEOT00002YuZ";"4.3";"2";"50.6";"2";"Amtliches Feature wird von 2 LAV-Einträgen beansprucht; bleibt Review."
"6-401-04-badebruch-bei-breitenhagen";"6-401-04";"Badebruch bei Breitenhagen";"See";"matched";"v72-standing-near";"StandingWater_DESTGEOT00002Yv0";"7.2";"2";"47.8";"1";"Konfliktfreies stehendes Gewässer: höchstens 20 m entfernt und räumlich ausreichend eindeutig."
"6-401-07-kleiner-dorfsee-gro-rosenburg";"6-401-07";"Kleiner Dorfsee Groß Rosenburg";"See";"review";"v72-standing-review";"StandingWater_DESTGEOT00002YvN";"26.6";"2";"37.9";"1";"Konfliktfrei, aber Distanz/Kandidatenzahl/Abstand reichen noch nicht für automatische Freigabe."
"6-401-08-landgraben-von-einmundung-des";"6-401-08";"Landgraben von Einmündung des";"Fließgewässer";"review";"v72-flow";"Watercourse_DESTGEOT00002eB9_lin";"7.2";"6";"68.8";"1";"Fließgewässer werden in v7.2 nicht automatisch hochgestuft."
"6-401-09-taube-von-700m-oberhalb-der";"6-401-09";"Taube von 700m oberhalb der";"See";"matched";"v72-standing-near";"StandingWater_DESTGEOTR1008QbS";"11.4";"2";"43.9";"1";"Konfliktfreies stehendes Gewässer: höchstens 20 m entfernt und räumlich ausreichend eindeutig."
"6-402-01-dolphus-bei-barby";"6-402-01";"Dolphus bei Barby";"See";"review";"v72-conflict";"StandingWater_DESTGEOT00002Yvu";"444.4";"2";"137.3";"3";"Amtliches Feature wird von 3 LAV-Einträgen beansprucht; bleibt Review."
"6-402-02-barbyer-landgraben-von";"6-402-02";"Barbyer Landgraben von";"Fließgewässer";"review";"v72-flow";"Watercourse_DESTGEOT00002fct_lin";"2.3";"5";"14.5";"1";"Fließgewässer werden in v7.2 nicht automatisch hochgestuft."
"6-402-03-hafen-barby";"6-402-03";"Hafen Barby";"See";"review";"v72-conflict";"StandingWater_DESTGEOT00002Yvu";"444.4";"2";"137.3";"3";"Amtliches Feature wird von 3 LAV-Einträgen beansprucht; bleibt Review."
"6-410-03-ritterflurteich-bei-stafurt";"6-410-03";"Ritterflurteich bei Staßfurt";"Teich";"review";"v72-standing-review";"StandingWater_DESTGEOT00002bzC";"295";"1";"9999";"1";"Konfliktfrei, aber Distanz/Kandidatenzahl/Abstand reichen noch nicht für automatische Freigabe."
"6-410-05-tiefbau-jacobsgrube-bei-gro-bornecke-a-b-bl-h-k-pl-s-z-8-12";"6-410-05";"Tiefbau Jacobsgrube bei Groß Börnecke A, B, Bl, H, K, Pl, S, Z 8,12";"Kiesgrube";"review";"v72-standing-review";"StandingWater_DESTGEOT00001Zgc";"32.4";"2";"33.3";"1";"Konfliktfrei, aber Distanz/Kandidatenzahl/Abstand reichen noch nicht für automatische Freigabe."
"6-410-08-badeteteich-bei-westeregeln";"6-410-08";"Badeteteich bei Westeregeln";"Teich";"review";"v72-conflict";"StandingWater_DESTGEOT00001HaV";"36.2";"1";"9999";"3";"Amtliches Feature wird von 3 LAV-Einträgen beansprucht; bleibt Review."
"6-410-09-3-kulke-bei-westeregeln";"6-410-09";"3 Kulke bei Westeregeln";"See";"review";"v72-conflict";"StandingWater_DESTGEOT00001HaV";"36.2";"1";"9999";"3";"Amtliches Feature wird von 3 LAV-Einträgen beansprucht; bleibt Review."
"6-410-10-tagebau-bei-westeregeln";"6-410-10";"Tagebau bei Westeregeln";"Kiesgrube";"review";"v72-conflict";"StandingWater_DESTGEOT00001HaV";"36.2";"1";"9999";"3";"Amtliches Feature wird von 3 LAV-Einträgen beansprucht; bleibt Review."
"6-410-11-groer-schachtsee-bei-wolmirsleben";"6-410-11";"Großer Schachtsee bei Wolmirsleben";"See";"review";"v72-standing-review";"StandingWater_DESTGEOTR100fUGV";"158.1";"2";"176.3";"1";"Konfliktfrei, aber Distanz/Kandidatenzahl/Abstand reichen noch nicht für automatische Freigabe."
"6-410-14-bode-vom-wehr-egeln-nord";"6-410-14";"Bode vom Wehr Egeln-Nord";"Fließgewässer";"review";"v72-flow";"Watercourse_DESTGEOT00001Yqz_lin";"2";"8";"10.4";"1";"Fließgewässer werden in v7.2 nicht automatisch hochgestuft."
"6-410-15-bode-vom-wehr-rothenforde";"6-410-15";"Bode vom Wehr Rothenförde";"Fließgewässer";"review";"v72-flow";"Watercourse_DESTGEOTR100cDpG_lin";"24.9";"3";"54.6";"1";"Fließgewässer werden in v7.2 nicht automatisch hochgestuft."
"6-410-17-seemann-bei-loderburg";"6-410-17";"Seemann bei Löderburg";"See";"review";"v72-conflict";"StandingWater_DESTGEOT00001Zgf";"15.9";"3";"18.4";"3";"Amtliches Feature wird von 3 LAV-Einträgen beansprucht; bleibt Review."
"6-410-19-muhlgraben-von-egeln-nord";"6-410-19";"Mühlgraben von Egeln-Nord";"Fließgewässer";"review";"v72-flow";"Watercourse_DESTGEOT00001Yt7_lin";"44.2";"8";"99.3";"1";"Fließgewässer werden in v7.2 nicht automatisch hochgestuft."
"6-410-20-undank-in-loderburg";"6-410-20";"Undank in Löderburg";"See";"review";"v72-conflict";"StandingWater_DESTGEOT00001Zgf";"15.9";"3";"18.4";"3";"Amtliches Feature wird von 3 LAV-Einträgen beansprucht; bleibt Review."
"6-410-21-kiesschacht-gusten";"6-410-21";"Kiesschacht Güsten";"Kiesgrube";"review";"v72-standing-review";"StandingWater_DESTGEOT00002bzh";"53.4";"2";"140.6";"1";"Konfliktfrei, aber Distanz/Kandidatenzahl/Abstand reichen noch nicht für automatische Freigabe."
"6-410-25-wassergraben-bei-hohenerxleben";"6-410-25";"Wassergräben bei Hohenerxleben";"See";"review";"v72-standing-review";"StandingWater_DESTGEOT00002bzq";"74.7";"1";"9999";"1";"Konfliktfrei, aber Distanz/Kandidatenzahl/Abstand reichen noch nicht für automatische Freigabe."
"6-411-01-laake-bei-loderburg";"6-411-01";"Laake bei Löderburg";"See";"review";"v72-standing-review";"StandingWater_DESTGEOT00001XvT";"92.8";"3";"166";"1";"Konfliktfrei, aber Distanz/Kandidatenzahl/Abstand reichen noch nicht für automatische Freigabe."
"6-411-03-kreuzteich-loderburg";"6-411-03";"Kreuzteich Löderburg";"Teich";"review";"v72-conflict";"StandingWater_DESTGEOT00001Zgf";"15.9";"3";"18.4";"3";"Amtliches Feature wird von 3 LAV-Einträgen beansprucht; bleibt Review."
"7-120-04-alte-mulde-roitzschjora";"7-120-04";"Alte Mulde Roitzschjora";"Fließgewässer";"review";"v72-flow";"Watercourse_DESTGEOT00005rIL_pol";"165.6";"2";"122.9";"1";"Fließgewässer werden in v7.2 nicht automatisch hochgestuft."
"7-120-06-unterer-ziegeleiteich-muldenstein";"7-120-06";"Unterer Ziegeleiteich Muldenstein";"Fließgewässer";"review";"v72-flow";"Watercourse_DESTGEOTR1007PyP_lin";"47.1";"6";"81.9";"1";"Fließgewässer werden in v7.2 nicht automatisch hochgestuft."
"7-120-08-strandbad-sandersdorf";"7-120-08";"Strandbad Sandersdorf";"See";"matched";"v72-standing-gap";"StandingWater_DESTGEOT000050w3";"36.3";"2";"167";"1";"Konfliktfreies stehendes Gewässer: höchstens 50 m entfernt und mindestens 100 m Vorsprung vor dem nächsten amtlichen Kandidaten."
"7-120-12-spittelwasser-jenitz";"7-120-12";"Spittelwasser Jeßnitz";"See";"matched";"v72-standing-near";"StandingWater_DESTGEOTR100e4p3";"15.4";"2";"63.6";"1";"Konfliktfreies stehendes Gewässer: höchstens 20 m entfernt und räumlich ausreichend eindeutig."
"7-120-15-grube-theodor-bei-roitzsch";"7-120-15";"Grube Theodor bei Roitzsch";"Kiesgrube";"review";"v72-conflict";"StandingWater_DESTGEOT0000d0UH";"546.6";"3";"24.4";"2";"Amtliches Feature wird von 2 LAV-Einträgen beansprucht; bleibt Review."
"7-120-16-burgermeisterteich-jenitz";"7-120-16";"Bürgermeisterteich Jeßnitz";"Teich";"review";"v72-conflict";"StandingWater_DESTGEOT0000fCkn";"672.6";"2";"149.3";"2";"Amtliches Feature wird von 2 LAV-Einträgen beansprucht; bleibt Review."
"7-120-17-lober-bei-jenitz";"7-120-17";"Lober bei Jeßnitz";"See";"review";"v72-conflict";"StandingWater_DESTGEOT0000fCkn";"672.6";"2";"149.3";"2";"Amtliches Feature wird von 2 LAV-Einträgen beansprucht; bleibt Review."
"7-120-20-altes-wasser-priorau";"7-120-20";"Altes Wasser Priorau";"See";"review";"v72-standing-review";"StandingWater_DESTGEOT00005k8T";"92.8";"2";"100.4";"1";"Konfliktfrei, aber Distanz/Kandidatenzahl/Abstand reichen noch nicht für automatische Freigabe."
"7-120-23-mulde-von-ca-500m-oberhalb-brucke";"7-120-23";"Mulde von ca. 500m oberhalb Brücke";"Fließgewässer";"review";"v72-flow";"Watercourse_DESTGEOTR10087UW_lin";"30.5";"4";"32.2";"1";"Fließgewässer werden in v7.2 nicht automatisch hochgestuft."
"7-120-24-tagebaurestloch-richard-i";"7-120-24";"Tagebaurestloch Richard I";"Kiesgrube";"review";"v72-standing-review";"StandingWater_DESTGEOT000050vJ";"415.5";"5";"160";"1";"Konfliktfrei, aber Distanz/Kandidatenzahl/Abstand reichen noch nicht für automatische Freigabe."
"7-120-27-kiesgrube-salzfurtkapelle";"7-120-27";"Kiesgrube Salzfurtkapelle";"Kiesgrube";"review";"v72-standing-review";"StandingWater_DESTGEOT000050vH";"413";"1";"9999";"1";"Konfliktfrei, aber Distanz/Kandidatenzahl/Abstand reichen noch nicht für automatische Freigabe."
"7-120-31-kiesgrube-loberitz";"7-120-31";"Kiesgrube Löberitz";"Kiesgrube";"review";"v72-standing-review";"StandingWater_DESTGEOT0000d9lx";"57.5";"1";"9999";"1";"Konfliktfrei, aber Distanz/Kandidatenzahl/Abstand reichen noch nicht für automatische Freigabe."
"7-120-35-leine-in-bitterfeld-privatstrecke-beachten-ad-d-h-1-66";"7-120-35";"Leine in Bitterfeld Privatstrecke beachten! Ad, D, H 1,66";"See";"review";"v72-no-feature";"";"";"0";"";"0";"Kein amtliches Feature bzw. keine belastbare Distanz; bleibt Review."
"7-120-40-groer-teich-bitterfeld";"7-120-40";"Großer Teich Bitterfeld";"Teich";"review";"v72-standing-review";"StandingWater_DESTGEOTR100h2Vt";"552.7";"2";"83.8";"1";"Konfliktfrei, aber Distanz/Kandidatenzahl/Abstand reichen noch nicht für automatische Freigabe."
"7-120-43-dorfteich-thalheim";"7-120-43";"Dorfteich Thalheim";"Teich";"review";"v72-standing-review";"StandingWater_DESTGEOT000050w9";"385.7";"2";"134.6";"1";"Konfliktfrei, aber Distanz/Kandidatenzahl/Abstand reichen noch nicht für automatische Freigabe."
"7-120-53-teich-am-park-schrenz";"7-120-53";"Teich am Park Schrenz";"Teich";"review";"v72-conflict";"StandingWater_DESTGEOT00004Ima";"805.7";"2";"218";"3";"Amtliches Feature wird von 3 LAV-Einträgen beansprucht; bleibt Review."
"7-120-54-teich-am-etp-schrenz";"7-120-54";"Teich am ETP Schrenz";"Teich";"review";"v72-conflict";"StandingWater_DESTGEOT00004Ima";"805.7";"2";"218";"3";"Amtliches Feature wird von 3 LAV-Einträgen beansprucht; bleibt Review."
"7-120-55-kragenteich-roitzsch";"7-120-55";"Kragenteich Roitzsch";"Teich";"review";"v72-conflict";"StandingWater_DESTGEOT0000d0UH";"546.6";"3";"24.4";"2";"Amtliches Feature wird von 2 LAV-Einträgen beansprucht; bleibt Review."
"7-120-56-tonkiete-schortewitz";"7-120-56";"Tonkiete Schortewitz";"See";"review";"v72-standing-review";"StandingWater_DESTGEOT00004Li4";"66.3";"2";"36.1";"1";"Konfliktfrei, aber Distanz/Kandidatenzahl/Abstand reichen noch nicht für automatische Freigabe."
"7-140-01-moster-altes-wasser";"7-140-01";"Möster altes Wasser";"See";"review";"v72-standing-review";"StandingWater_DESTGEOT0000530w";"189.2";"2";"295";"1";"Konfliktfrei, aber Distanz/Kandidatenzahl/Abstand reichen noch nicht für automatische Freigabe."
"7-272-02-nachthainichte-bei-aken";"7-272-02";"Nachthainichte bei Aken";"See";"review";"v72-conflict";"StandingWater_DESTGEOT00004NNX";"19.5";"8";"9";"3";"Amtliches Feature wird von 3 LAV-Einträgen beansprucht; bleibt Review."
"7-272-03-groe-kabel-langes-loch-bei-aken";"7-272-03";"Große Kabel (Langes Loch) bei Aken";"See";"review";"v72-conflict";"StandingWater_DESTGEOT00004NNX";"19.5";"8";"9";"3";"Amtliches Feature wird von 3 LAV-Einträgen beansprucht; bleibt Review."
"7-272-04-kleine-kabel-bei-aken";"7-272-04";"Kleine Kabel bei Aken";"See";"review";"v72-conflict";"StandingWater_DESTGEOT00004NNX";"19.5";"8";"9";"3";"Amtliches Feature wird von 3 LAV-Einträgen beansprucht; bleibt Review."
"7-273-03-baufeld-worbzig-3-kiesgrube-rechts";"7-273-03";"Baufeld Wörbzig 3 - Kiesgrube rechts-";"Kiesgrube";"review";"v72-no-feature";"";"";"0";"";"0";"Kein amtliches Feature bzw. keine belastbare Distanz; bleibt Review."
"7-273-05-karoline-bei-piethen-boote-ohne-motor";"7-273-05";"Karoline bei Piethen - Boote ohne Motor";"See";"review";"v72-conflict";"StandingWater_DESTGEOTR100bPIM";"218";"3";"36.7";"3";"Amtliches Feature wird von 3 LAV-Einträgen beansprucht; bleibt Review."
"7-273-06-sohl-bei-piethen";"7-273-06";"Sohl bei Piethen";"See";"review";"v72-conflict";"StandingWater_DESTGEOTR100bPIM";"218";"3";"36.7";"3";"Amtliches Feature wird von 3 LAV-Einträgen beansprucht; bleibt Review."
"7-273-09-sandkiete-ii-bei-grobzig";"7-273-09";"Sandkiete II bei Gröbzig";"See";"matched";"v72-standing-near";"StandingWater_DESTGEOTR1007TuW";"15.5";"3";"58";"1";"Konfliktfreies stehendes Gewässer: höchstens 20 m entfernt und räumlich ausreichend eindeutig."
"7-273-10-schachtteich-bei-piethen";"7-273-10";"Schachtteich bei Piethen";"Teich";"review";"v72-conflict";"StandingWater_DESTGEOTR100bPIM";"218";"3";"36.7";"3";"Amtliches Feature wird von 3 LAV-Einträgen beansprucht; bleibt Review."
"7-273-11-fuhne-von-einmundung-der-riede";"7-273-11";"Fuhne von Einmündung der Riede";"See";"review";"v72-conflict";"StandingWater_DESTGEOT00004Ima";"805.7";"2";"218";"3";"Amtliches Feature wird von 3 LAV-Einträgen beansprucht; bleibt Review."
"7-273-17-dorfteich-reinsdorf";"7-273-17";"Dorfteich Reinsdorf";"Teich";"review";"v72-conflict";"StandingWater_DESTGEOT00002SlQ";"283.6";"1";"9999";"2";"Amtliches Feature wird von 2 LAV-Einträgen beansprucht; bleibt Review."
"7-273-24-gutsteich-gorzig";"7-273-24";"Gutsteich Görzig";"Teich";"review";"v72-conflict";"StandingWater_DESTGEOT00002SlQ";"283.6";"1";"9999";"2";"Amtliches Feature wird von 2 LAV-Einträgen beansprucht; bleibt Review."
"7-275-00-ackermannsteich-elsnigk";"7-275-00";"Ackermannsteich Elsnigk";"Teich";"review";"v72-standing-review";"StandingWater_DESTGEOTR100ccBb";"14.4";"3";"23.2";"1";"Konfliktfrei, aber Distanz/Kandidatenzahl/Abstand reichen noch nicht für automatische Freigabe."
"7-275-03-bruckmannsteich-und-pumpenteich-bei";"7-275-03";"Brückmannsteich und Pumpenteich bei";"Teich";"review";"v72-standing-review";"StandingWater_DESTGEOT00004NMO";"80.6";"1";"9999";"1";"Konfliktfrei, aber Distanz/Kandidatenzahl/Abstand reichen noch nicht für automatische Freigabe."
"7-275-08-drei-locher-in-micheln";"7-275-08";"Drei Löcher in Micheln";"See";"review";"v72-conflict";"StandingWater_DESTGEOT00002Wo6";"43.4";"3";"149.2";"2";"Amtliches Feature wird von 2 LAV-Einträgen beansprucht; bleibt Review."
"7-275-10-sonntalteich-bei-micheln";"7-275-10";"Sonntalteich bei Micheln";"Teich";"review";"v72-conflict";"StandingWater_DESTGEOT00002Wo6";"43.4";"3";"149.2";"2";"Amtliches Feature wird von 2 LAV-Einträgen beansprucht; bleibt Review."
"7-275-11-hasenteich-bei-osternienburg";"7-275-11";"Hasenteich bei Osternienburg";"Teich";"review";"v72-standing-review";"StandingWater_DESTGEOT00004NNz";"33.5";"6";"46.5";"1";"Konfliktfrei, aber Distanz/Kandidatenzahl/Abstand reichen noch nicht für automatische Freigabe."
"8-180-03-birnbaummuhlenteich-grafenhainichen-a-b-bl-h-k-pl-ro-s-0-53";"8-180-03";"Birnbaummühlenteich Gräfenhainichen A, B, Bl, H, K, Pl, Ro, S 0,53";"Teich";"review";"v72-no-feature";"";"";"0";"";"0";"Kein amtliches Feature bzw. keine belastbare Distanz; bleibt Review."
"8-180-04-strohwalder-teich-grafenhainichen";"8-180-04";"Strohwalder Teich Gräfenhainichen";"Teich";"review";"v72-conflict";"StandingWater_DESTGEOTR100guLT";"501.6";"1";"9999";"3";"Amtliches Feature wird von 3 LAV-Einträgen beansprucht; bleibt Review."
"8-180-05-affenteich-grafenhainichen";"8-180-05";"Affenteich Gräfenhainichen";"Teich";"review";"v72-conflict";"StandingWater_DESTGEOTR100guLT";"501.6";"1";"9999";"3";"Amtliches Feature wird von 3 LAV-Einträgen beansprucht; bleibt Review."
"8-180-06-buchholzteich-grafenhainichen";"8-180-06";"Buchholzteich Gräfenhainichen";"Teich";"review";"v72-conflict";"StandingWater_DESTGEOTR100guLT";"501.6";"1";"9999";"3";"Amtliches Feature wird von 3 LAV-Einträgen beansprucht; bleibt Review."
"8-181-05-tagebaurestloch-druschplatzteich";"8-181-05";"Tagebaurestloch Druschplatzteich";"Kiesgrube";"review";"v72-standing-review";"StandingWater_DESTGEOTR100fCS2";"378.4";"1";"9999";"1";"Konfliktfrei, aber Distanz/Kandidatenzahl/Abstand reichen noch nicht für automatische Freigabe."
"8-181-07-unterer-dorfteich-sollichau";"8-181-07";"Unterer Dorfteich Söllichau";"Teich";"review";"v72-conflict";"StandingWater_DESTGEOT00005Aua";"322";"1";"9999";"3";"Amtliches Feature wird von 3 LAV-Einträgen beansprucht; bleibt Review."
"8-181-09-ganseteich-in-sollichau";"8-181-09";"Gänseteich in Söllichau";"Teich";"review";"v72-conflict";"StandingWater_DESTGEOT00005Aua";"322";"1";"9999";"3";"Amtliches Feature wird von 3 LAV-Einträgen beansprucht; bleibt Review."
"8-181-12-schleifbach-bei-sollichau";"8-181-12";"Schleifbach bei Söllichau";"See";"review";"v72-conflict";"StandingWater_DESTGEOT00005Aua";"322";"1";"9999";"3";"Amtliches Feature wird von 3 LAV-Einträgen beansprucht; bleibt Review."
"8-183-04-margaretenhofteich-bei-oranienbaum";"8-183-04";"Margaretenhofteich bei Oranienbaum";"Teich";"review";"v72-standing-review";"StandingWater_DESTGEOT00005o7J";"131.9";"1";"9999";"1";"Konfliktfrei, aber Distanz/Kandidatenzahl/Abstand reichen noch nicht für automatische Freigabe."
"8-183-05-talkenloch-bei-kakau";"8-183-05";"Talkenloch bei Kakau";"See";"review";"v72-standing-review";"StandingWater_DESTGEOT00005o7o";"382.8";"5";"8.9";"1";"Konfliktfrei, aber Distanz/Kandidatenzahl/Abstand reichen noch nicht für automatische Freigabe."
"8-183-06-alter-graben-worlitz";"8-183-06";"Alter Graben Wörlitz";"Fließgewässer";"review";"v72-conflict";"Watercourse_DESTGEOT0000cmof_lin";"0.2";"6";"49.2";"3";"Amtliches Feature wird von 3 LAV-Einträgen beansprucht; bleibt Review."
"8-183-07-am-fliegraben-diestelsee-bei-worlitz";"8-183-07";"Am Fließgraben-Diestelsee bei Wörlitz";"Fließgewässer";"review";"v72-conflict";"Watercourse_DESTGEOT0000cmof_lin";"0.2";"6";"49.2";"3";"Amtliches Feature wird von 3 LAV-Einträgen beansprucht; bleibt Review."
"8-183-08-fuhrtgraben-bei-worlitz";"8-183-08";"Fuhrtgraben bei Wörlitz";"Fließgewässer";"review";"v72-conflict";"Watercourse_DESTGEOT0000cmof_lin";"0.2";"6";"49.2";"3";"Amtliches Feature wird von 3 LAV-Einträgen beansprucht; bleibt Review."
"8-183-10-groe-brage-bei-worlitz";"8-183-10";"Große Bräge bei Wörlitz";"See";"review";"v72-conflict";"StandingWater_DESTGEOTR100gxex";"471.4";"1";"9999";"2";"Amtliches Feature wird von 2 LAV-Einträgen beansprucht; bleibt Review."
"8-183-12-schiffinge-bei-vockerode";"8-183-12";"Schiffinge bei Vockerode";"See";"review";"v72-standing-review";"StandingWater_DESTGEOT00005o78";"693.1";"3";"202";"1";"Konfliktfrei, aber Distanz/Kandidatenzahl/Abstand reichen noch nicht für automatische Freigabe."
"8-183-16-hauptgraben-von-worlitz-bis-kakau";"8-183-16";"Hauptgraben von Wörlitz bis Kakau";"Fließgewässer";"review";"v72-flow";"Watercourse_DESTGEOT00005o1l_lin";"19.7";"11";"37.6";"1";"Fließgewässer werden in v7.2 nicht automatisch hochgestuft."
"8-183-17-4-wallstiche-an-den-mittelholzern";"8-183-17";"4 Wallstiche an den Mittelhölzern";"See";"review";"v72-conflict";"StandingWater_DESTGEOTR100gxex";"471.4";"1";"9999";"2";"Amtliches Feature wird von 2 LAV-Einträgen beansprucht; bleibt Review."
"8-250-05-saulug-bei-jessen";"8-250-05";"Saulug bei Jessen";"See";"review";"v72-conflict";"StandingWater_DESTGEOT0000exyd";"40.1";"3";"111.2";"2";"Amtliches Feature wird von 2 LAV-Einträgen beansprucht; bleibt Review."
"8-250-07-neuer-arm-in-jessen";"8-250-07";"Neuer Arm in Jessen";"See";"review";"v72-conflict";"StandingWater_DESTGEOT0000exyd";"40.1";"3";"111.2";"2";"Amtliches Feature wird von 2 LAV-Einträgen beansprucht; bleibt Review."
"8-250-12-neugraben-von-landesgrenze-bis";"8-250-12";"Neugraben von Landesgrenze bis";"Fließgewässer";"review";"v72-conflict";"Watercourse_DESTGEOT00005hGj_lin";"9.8";"5";"27.8";"6";"Amtliches Feature wird von 6 LAV-Einträgen beansprucht; bleibt Review."
"8-250-13-landlache-vom-plossiger-graben-bis";"8-250-13";"Landlache vom Plossiger Graben bis";"Fließgewässer";"review";"v72-conflict";"Watercourse_DESTGEOT00005hGj_lin";"9.8";"5";"27.8";"6";"Amtliches Feature wird von 6 LAV-Einträgen beansprucht; bleibt Review."
"8-250-14-baggerteich-bei-brandis";"8-250-14";"Baggerteich bei Brandis";"Teich";"review";"v72-no-feature";"";"";"0";"";"0";"Kein amtliches Feature bzw. keine belastbare Distanz; bleibt Review."
"8-250-18-kremnitz-holzdorf";"8-250-18";"Kremnitz Holzdorf";"See";"matched";"v72-standing-single";"StandingWater_DESTGEOT00005Vgp";"37";"1";"9999";"1";"Konfliktfreies stehendes Gewässer: einziger amtlicher Kandidat im Suchbereich und höchstens 40 m entfernt."
"8-251-01-kiestagebau-elbekies-bei-prettin";"8-251-01";"Kiestagebau Elbekies bei Prettin";"Fließgewässer";"review";"v72-flow";"Watercourse_DESTGEOT00005Q5J_lin";"2.6";"5";"62";"1";"Fließgewässer werden in v7.2 nicht automatisch hochgestuft."
"8-252-01-alte-elbe-in-iserbegka-bei-elster";"8-252-01";"Alte Elbe in Iserbegka bei Elster";"Fließgewässer";"review";"v72-flow";"Watercourse_DESTGEOTR100fUy6_lin";"7.3";"4";"35.6";"1";"Fließgewässer werden in v7.2 nicht automatisch hochgestuft."
"8-360-02-dorfteich-klieken";"8-360-02";"Dorfteich Klieken";"Teich";"matched";"v72-standing-near";"StandingWater_DESTGEOT00005oUQ";"14.3";"2";"57.5";"1";"Konfliktfreies stehendes Gewässer: höchstens 20 m entfernt und räumlich ausreichend eindeutig."
"8-360-03-silbersee-bei-zieko";"8-360-03";"Silbersee bei Zieko";"See";"review";"v72-standing-review";"StandingWater_DESTGEOT00005oVf";"12.4";"2";"23.8";"1";"Konfliktfrei, aber Distanz/Kandidatenzahl/Abstand reichen noch nicht für automatische Freigabe."
"8-360-07-steinmuhlenteich-bei-duben";"8-360-07";"Steinmühlenteich bei Düben";"Teich";"review";"v72-standing-review";"StandingWater_DESTGEOTR100hagN";"422.4";"2";"264";"1";"Konfliktfrei, aber Distanz/Kandidatenzahl/Abstand reichen noch nicht für automatische Freigabe."
"8-361-02-kohlengrube-coswig-flamingbad";"8-361-02";"Kohlengrube Coswig (Flämingbad)";"Kiesgrube";"review";"v72-standing-review";"StandingWater_DESTGEOT00005oVg";"14.3";"3";"39.1";"1";"Konfliktfrei, aber Distanz/Kandidatenzahl/Abstand reichen noch nicht für automatische Freigabe."
"8-460-02-brauteich-schlograben-und";"8-460-02";"Brauteich, Schloßgraben und";"Fließgewässer";"review";"v72-flow";"Watercourse_DESTGEOTR10099No_lin";"0.1";"8";"1.5";"1";"Fließgewässer werden in v7.2 nicht automatisch hochgestuft."
"8-460-10-fleischerwerder-bei-dabrun";"8-460-10";"Fleischerwerder bei Dabrun";"See";"review";"v72-conflict";"StandingWater_DESTGEOT00005Nbp";"6.7";"7";"44.1";"4";"Amtliches Feature wird von 4 LAV-Einträgen beansprucht; bleibt Review."
"8-460-14-teich-bleddin";"8-460-14";"Teich Bleddin";"Teich";"review";"v72-conflict";"StandingWater_DESTGEOTR100eNRl";"6.4";"6";"46.3";"4";"Amtliches Feature wird von 4 LAV-Einträgen beansprucht; bleibt Review."
"8-460-15-schluft-bei-bleddin";"8-460-15";"Schluft bei Bleddin";"See";"review";"v72-conflict";"StandingWater_DESTGEOTR100eNRl";"6.4";"6";"46.3";"4";"Amtliches Feature wird von 4 LAV-Einträgen beansprucht; bleibt Review."
"8-460-17-sandkolk-bleddin";"8-460-17";"Sandkolk Bleddin";"See";"review";"v72-conflict";"StandingWater_DESTGEOTR100eNRl";"6.4";"6";"46.3";"4";"Amtliches Feature wird von 4 LAV-Einträgen beansprucht; bleibt Review."
"8-460-28-kleiner-ri-bei-dabrun-schleienloch";"8-460-28";"Kleiner Riß bei Dabrun (Schleienloch)";"See";"review";"v72-conflict";"StandingWater_DESTGEOT00005Nbp";"6.7";"7";"44.1";"4";"Amtliches Feature wird von 4 LAV-Einträgen beansprucht; bleibt Review."
"8-460-33-schluft-priesitz";"8-460-33";"Schluft Priesitz";"See";"review";"v72-standing-review";"StandingWater_DESTGEOT00005LkL";"13.1";"5";"7.6";"1";"Konfliktfrei, aber Distanz/Kandidatenzahl/Abstand reichen noch nicht für automatische Freigabe."
"8-460-37-sandekolk-bei-dabrun";"8-460-37";"Sandekolk bei Dabrun";"See";"review";"v72-conflict";"StandingWater_DESTGEOT00005Nbp";"6.7";"7";"44.1";"4";"Amtliches Feature wird von 4 LAV-Einträgen beansprucht; bleibt Review."
"8-460-42-krummer-see-bodemar-bei-seegrehna-a-bl-h-k-pl-s-1-24";"8-460-42";"Krummer See (Bodemar) bei Seegrehna A, Bl, H, K, Pl, S 1,24";"Fließgewässer";"review";"v72-conflict";"Watercourse_DESTGEOT00002LqT_lin";"215.6";"4";"11";"2";"Amtliches Feature wird von 2 LAV-Einträgen beansprucht; bleibt Review."
"8-460-54-alte-badeanstalt-kemberg";"8-460-54";"Alte Badeanstalt Kemberg";"See";"review";"v72-standing-review";"StandingWater_DESTGEOT0000fU9f";"6.6";"4";"15.3";"1";"Konfliktfrei, aber Distanz/Kandidatenzahl/Abstand reichen noch nicht für automatische Freigabe."
"8-460-55-wendel-wittenberg";"8-460-55";"Wendel Wittenberg";"See";"review";"v72-standing-review";"StandingWater_DESTGEOTR100fOib";"60.7";"10";"10.4";"1";"Konfliktfrei, aber Distanz/Kandidatenzahl/Abstand reichen noch nicht für automatische Freigabe."
"8-460-57-espenkolk-i-und-ii-bei-gallin-muhlanger";"8-460-57";"Espenkolk I und II bei Gallin/Mühlanger";"See";"review";"v72-standing-review";"StandingWater_DESTGEOT00005Nae";"206.2";"2";"143";"1";"Konfliktfrei, aber Distanz/Kandidatenzahl/Abstand reichen noch nicht für automatische Freigabe."
"8-460-58-wilde-kolke-i-bei-dabrun-melzwig";"8-460-58";"Wilde Kölke I bei Dabrun/Melzwig";"See";"review";"v72-conflict";"StandingWater_DESTGEOT00005Nbp";"6.7";"7";"44.1";"4";"Amtliches Feature wird von 4 LAV-Einträgen beansprucht; bleibt Review."
"8-460-59-tiefes-loch-bleddin";"8-460-59";"Tiefes Loch Bleddin";"See";"review";"v72-conflict";"StandingWater_DESTGEOTR100eNRl";"6.4";"6";"46.3";"4";"Amtliches Feature wird von 4 LAV-Einträgen beansprucht; bleibt Review."
"8-460-75-rehkolk-apollensdorf";"8-460-75";"Rehkolk Apollensdorf";"See";"review";"v72-standing-review";"StandingWater_DESTGEOT00005xfC";"236.4";"2";"89.2";"1";"Konfliktfrei, aber Distanz/Kandidatenzahl/Abstand reichen noch nicht für automatische Freigabe."
"9-150-04-parkbad-anna-helbra";"9-150-04";"Parkbad Anna Helbra";"See";"matched";"v72-standing-near";"StandingWater_DESTGEOT00001Qv0";"0.1";"2";"61.4";"1";"Konfliktfreies stehendes Gewässer: höchstens 20 m entfernt und räumlich ausreichend eindeutig."
"9-150-05-ottilienteich-bei-roblingen";"9-150-05";"Ottilienteich bei Röblingen";"Teich";"review";"v72-conflict";"StandingWater_DESTGEOT000025EF";"795.8";"2";"202.9";"2";"Amtliches Feature wird von 2 LAV-Einträgen beansprucht; bleibt Review."
"9-150-11-minnabad-volkstedt";"9-150-11";"Minnabad Volkstedt";"See";"review";"v72-no-feature";"";"";"0";"";"0";"Kein amtliches Feature bzw. keine belastbare Distanz; bleibt Review."
"9-150-15-mittelgraben-v-stollengraben-bis";"9-150-15";"Mittelgraben v. Stollengraben bis";"Fließgewässer";"review";"v72-conflict";"Watercourse_DESTGEOT00005hGj_lin";"9.8";"5";"27.8";"6";"Amtliches Feature wird von 6 LAV-Einträgen beansprucht; bleibt Review."
"9-150-18-tonloch-lauraberg-roblingen";"9-150-18";"Tonloch Lauraberg Röblingen";"See";"review";"v72-conflict";"StandingWater_DESTGEOT000025EF";"795.8";"2";"202.9";"2";"Amtliches Feature wird von 2 LAV-Einträgen beansprucht; bleibt Review."
"9-151-01-rudels-teich-bei-helfta";"9-151-01";"Rüdels Teich bei Helfta";"Teich";"review";"v72-standing-review";"StandingWater_DESTGEOT000025Ev";"273.1";"2";"41.6";"1";"Konfliktfrei, aber Distanz/Kandidatenzahl/Abstand reichen noch nicht für automatische Freigabe."
"9-230-08-schaferteich-sylda";"9-230-08";"Schäferteich Sylda";"Teich";"review";"v72-conflict";"StandingWater_DESTGEOT00001U3B";"73.9";"1";"9999";"3";"Amtliches Feature wird von 3 LAV-Einträgen beansprucht; bleibt Review."
"9-230-09-dorfteich-sylda";"9-230-09";"Dorfteich Sylda";"Teich";"review";"v72-conflict";"StandingWater_DESTGEOT00001U3B";"73.9";"1";"9999";"3";"Amtliches Feature wird von 3 LAV-Einträgen beansprucht; bleibt Review."
"9-230-13-huttenteich-sylda";"9-230-13";"Hüttenteich Sylda";"Teich";"review";"v72-conflict";"StandingWater_DESTGEOT00001U3B";"73.9";"1";"9999";"3";"Amtliches Feature wird von 3 LAV-Einträgen beansprucht; bleibt Review."
"9-230-15-ochsenpfuhlbachteich-vatterode";"9-230-15";"Ochsenpfuhlbachteich Vatterode";"Teich";"review";"v72-standing-review";"StandingWater_DESTGEOT00001QuN";"433.1";"3";"80.6";"1";"Konfliktfrei, aber Distanz/Kandidatenzahl/Abstand reichen noch nicht für automatische Freigabe."
"9-390-10-altarm-am-hornissenberg-bei-kelbra";"9-390-10";"Altarm am Hornissenberg bei Kelbra";"See";"review";"v72-no-feature";"";"";"0";"";"0";"Kein amtliches Feature bzw. keine belastbare Distanz; bleibt Review."
"9-390-18-feuerloschteich-in-dittichenrode";"9-390-18";"Feuerlöschteich in Dittichenrode";"Teich";"review";"v72-standing-review";"StandingWater_DESTGEOTR100f6u8";"796.2";"1";"9999";"1";"Konfliktfrei, aber Distanz/Kandidatenzahl/Abstand reichen noch nicht für automatische Freigabe."
"9-390-19-dorfteich-rotha";"9-390-19";"Dorfteich Rotha";"Teich";"review";"v72-standing-review";"StandingWater_DESTGEOT00001jjj";"172.7";"2";"128.4";"1";"Konfliktfrei, aber Distanz/Kandidatenzahl/Abstand reichen noch nicht für automatische Freigabe."
"9-390-20-kunstteich-bei-wettelrode";"9-390-20";"Kunstteich bei Wettelrode";"Teich";"review";"v72-no-feature";"";"";"0";"";"0";"Kein amtliches Feature bzw. keine belastbare Distanz; bleibt Review."
"9-390-21-zweier-und-dreierteich-am-rosarium";"9-390-21";"Zweier- und Dreierteich am Rosarium";"Teich";"review";"v72-standing-review";"StandingWater_DESTGEOT00001xvY";"98.3";"2";"20.9";"1";"Konfliktfrei, aber Distanz/Kandidatenzahl/Abstand reichen noch nicht für automatische Freigabe."
"9-390-23-3-tonlocher-bei-morungen";"9-390-23";"3 Tonlöcher bei Morungen –";"See";"matched";"v72-standing-near";"StandingWater_DESTGEOT00001fJ4";"19.6";"2";"45.6";"1";"Konfliktfreies stehendes Gewässer: höchstens 20 m entfernt und räumlich ausreichend eindeutig."
"9-390-24-alte-kiesgrube-berga";"9-390-24";"Alte Kiesgrube Berga";"Kiesgrube";"review";"v72-standing-review";"StandingWater_DESTGEOT00000Wrx";"966.4";"1";"9999";"1";"Konfliktfrei, aber Distanz/Kandidatenzahl/Abstand reichen noch nicht für automatische Freigabe."
"9-390-32-stausee-kelbra";"9-390-32";"Stausee Kelbra";"See";"review";"v72-no-feature";"";"";"0";"";"0";"Kein amtliches Feature bzw. keine belastbare Distanz; bleibt Review."
"10-210-01-kiesgrube-in-rattmannsdorf";"10-210-01";"Kiesgrube in Rattmannsdorf";"Kiesgrube";"review";"v72-standing-review";"StandingWater_DESTGEOT00000ryH";"50";"5";"34.7";"1";"Konfliktfrei, aber Distanz/Kandidatenzahl/Abstand reichen noch nicht für automatische Freigabe."
"10-210-03-friedrichsbad-in-zwintschona";"10-210-03";"Friedrichsbad in Zwintschöna";"See";"review";"v72-conflict";"StandingWater_DESTGEOT00004Gvn";"66.5";"3";"217.5";"3";"Amtliches Feature wird von 3 LAV-Einträgen beansprucht; bleibt Review."
"10-210-04-dorfteich-in-zwintschona";"10-210-04";"Dorfteich in Zwintschöna";"Teich";"review";"v72-conflict";"StandingWater_DESTGEOT00004Gvn";"66.5";"3";"217.5";"3";"Amtliches Feature wird von 3 LAV-Einträgen beansprucht; bleibt Review."
"10-210-05-muhlteich-in-zwintschona";"10-210-05";"Mühlteich in Zwintschöna";"Teich";"review";"v72-conflict";"StandingWater_DESTGEOT00004Gvn";"66.5";"3";"217.5";"3";"Amtliches Feature wird von 3 LAV-Einträgen beansprucht; bleibt Review."
"10-210-10-dorfteich-plonitz";"10-210-10";"Dorfteich Plößnitz";"Teich";"review";"v72-standing-review";"StandingWater_DESTGEOT00004Im9";"330.6";"1";"9999";"1";"Konfliktfrei, aber Distanz/Kandidatenzahl/Abstand reichen noch nicht für automatische Freigabe."
"10-290-03-krugs-teich-in-schafstadt";"10-290-03";"Krugs Teich in Schafstädt";"Teich";"review";"v72-standing-review";"StandingWater_DESTGEOT00000jts";"276.3";"2";"14.6";"1";"Konfliktfrei, aber Distanz/Kandidatenzahl/Abstand reichen noch nicht für automatische Freigabe."
"10-290-06-parkteich-in-braunsbedra";"10-290-06";"Parkteich in Braunsbedra";"Teich";"review";"v72-standing-review";"StandingWater_DESTGEOTR100fi3K";"764.1";"1";"9999";"1";"Konfliktfrei, aber Distanz/Kandidatenzahl/Abstand reichen noch nicht für automatische Freigabe."
"10-290-10-kleines-kohlenloch-bei-tollwitz";"10-290-10";"Kleines Kohlenloch bei Tollwitz";"See";"review";"v72-conflict";"StandingWater_DESTGEOT00004vk8";"9.8";"4";"25.5";"3";"Amtliches Feature wird von 3 LAV-Einträgen beansprucht; bleibt Review."
"10-290-11-pfutze-bei-tollwitz";"10-290-11";"Pfütze bei Tollwitz";"See";"review";"v72-conflict";"StandingWater_DESTGEOT00004vk8";"9.8";"4";"25.5";"3";"Amtliches Feature wird von 3 LAV-Einträgen beansprucht; bleibt Review."
"10-290-14-saale-im-altkreis-merseburg";"10-290-14";"Saale im Altkreis Merseburg";"Fließgewässer";"review";"v72-conflict";"Watercourse_DESTGEOT00004yBh_pol";"0.3";"13";"8.2";"2";"Amtliches Feature wird von 2 LAV-Einträgen beansprucht; bleibt Review."
"10-290-16-kanal-wusteneutsch-km-1-32-1-62";"10-290-16";"Kanal Wüsteneutsch km 1, 32 - 1, 62";"Fließgewässer";"review";"v72-flow";"Watercourse_DESTGEOT00004FSz_lin";"360.6";"1";"9999";"1";"Fließgewässer werden in v7.2 nicht automatisch hochgestuft."
"10-290-18-hirtenteich-in-zweimen";"10-290-18";"Hirtenteich in Zweimen";"Teich";"review";"v72-conflict";"StandingWater_DESTGEOT00004y4S";"168.4";"1";"9999";"3";"Amtliches Feature wird von 3 LAV-Einträgen beansprucht; bleibt Review."
"10-290-22-geisel-von-quelle-bei-mucheln-bis";"10-290-22";"Geisel von Quelle bei Mücheln bis";"See";"review";"v72-standing-review";"StandingWater_DESTGEOT00004Imb";"124.8";"1";"9999";"1";"Konfliktfrei, aber Distanz/Kandidatenzahl/Abstand reichen noch nicht für automatische Freigabe."
"10-290-23-luppe-von-landesgrenze-sachsen";"10-290-23";"Luppe von Landesgrenze Sachsen";"See";"review";"v72-no-feature";"";"";"0";"";"0";"Kein amtliches Feature bzw. keine belastbare Distanz; bleibt Review."
"10-290-24-weie-elster-von-landesgrenze-sachsen";"10-290-24";"Weiße Elster von Landesgrenze Sachsen";"See";"review";"v72-no-feature";"";"";"0";"";"0";"Kein amtliches Feature bzw. keine belastbare Distanz; bleibt Review."
"10-290-25-umgehungskanal-merseburg";"10-290-25";"Umgehungskanal Merseburg";"Fließgewässer";"review";"v72-conflict";"Watercourse_DESTGEOT00004yBh_pol";"0.3";"13";"8.2";"2";"Amtliches Feature wird von 2 LAV-Einträgen beansprucht; bleibt Review."
"10-290-26-saalealtarm-leuna";"10-290-26";"Saalealtarm Leuna";"Fließgewässer";"review";"v72-flow";"Watercourse_DESTGEOT00004vsy_lin";"4.2";"5";"17";"1";"Fließgewässer werden in v7.2 nicht automatisch hochgestuft."
"10-290-32-schachtteich-milzau";"10-290-32";"Schachtteich Milzau";"Teich";"review";"v72-standing-review";"StandingWater_DESTGEOT00000ry6";"450.2";"1";"9999";"1";"Konfliktfrei, aber Distanz/Kandidatenzahl/Abstand reichen noch nicht für automatische Freigabe."
"10-290-34-spitzteich-zweimen";"10-290-34";"Spitzteich Zweimen";"Teich";"review";"v72-conflict";"StandingWater_DESTGEOT00004y4S";"168.4";"1";"9999";"3";"Amtliches Feature wird von 3 LAV-Einträgen beansprucht; bleibt Review."
"10-290-44-teich-in-thalschutz";"10-290-44";"Teich in Thalschütz";"Teich";"review";"v72-no-feature";"";"";"0";"";"0";"Kein amtliches Feature bzw. keine belastbare Distanz; bleibt Review."
"10-290-46-teich-in-gohren";"10-290-46";"Teich in Göhren";"Teich";"review";"v72-conflict";"StandingWater_DESTGEOT00004y4S";"168.4";"1";"9999";"3";"Amtliches Feature wird von 3 LAV-Einträgen beansprucht; bleibt Review."
"10-290-48-malerteich-in-gunthersdorf";"10-290-48";"Malerteich in Günthersdorf";"Teich";"review";"v72-standing-review";"StandingWater_DESTGEOT00004E4n";"809.1";"1";"9999";"1";"Konfliktfrei, aber Distanz/Kandidatenzahl/Abstand reichen noch nicht für automatische Freigabe."
"10-290-50-staubecken-tollwitz";"10-290-50";"Staubecken Tollwitz";"See";"review";"v72-conflict";"StandingWater_DESTGEOT00004vk8";"9.8";"4";"25.5";"3";"Amtliches Feature wird von 3 LAV-Einträgen beansprucht; bleibt Review."
"10-290-53-kiessee-1-wallendorf";"10-290-53";"Kiessee 1 Wallendorf";"Kiesgrube";"review";"v72-conflict";"StandingWater_DESTGEOT00004y4I";"41.9";"1";"9999";"2";"Amtliches Feature wird von 2 LAV-Einträgen beansprucht; bleibt Review."
"10-290-55-kiessee-2-wallendorf";"10-290-55";"Kiessee 2 Wallendorf";"Kiesgrube";"review";"v72-conflict";"StandingWater_DESTGEOT00004y4I";"41.9";"1";"9999";"2";"Amtliches Feature wird von 2 LAV-Einträgen beansprucht; bleibt Review."
"10-290-57-ockendorfer-teich-leuna";"10-290-57";"Ockendorfer Teich Leuna";"Teich";"review";"v72-standing-review";"StandingWater_DESTGEOT00004vjt";"133.6";"2";"96.9";"1";"Konfliktfrei, aber Distanz/Kandidatenzahl/Abstand reichen noch nicht für automatische Freigabe."
"10-352-02-teich-thalgarten-in-querfurt";"10-352-02";"Teich Thalgarten in Querfurt";"Teich";"review";"v72-standing-review";"StandingWater_DESTGEOT00000bNF";"159.3";"1";"9999";"1";"Konfliktfrei, aber Distanz/Kandidatenzahl/Abstand reichen noch nicht für automatische Freigabe."
"10-353-02-langer-teich-in-landgrafroda";"10-353-02";"Langer Teich in Landgrafroda";"Teich";"review";"v72-conflict";"StandingWater_DESTGEOT000007mh";"12.9";"3";"38.3";"2";"Amtliches Feature wird von 2 LAV-Einträgen beansprucht; bleibt Review."
"10-353-05-backerteich-landgrafroda";"10-353-05";"Bäckerteich Landgrafroda";"Teich";"review";"v72-conflict";"StandingWater_DESTGEOT000007mh";"12.9";"3";"38.3";"2";"Amtliches Feature wird von 2 LAV-Einträgen beansprucht; bleibt Review."
"10-370-01-rosts-loch-in-lieskau";"10-370-01";"Rost‘s Loch in Lieskau";"See";"matched";"v72-standing-gap";"StandingWater_DESTGEOT00002so1";"37.8";"2";"152.4";"1";"Konfliktfreies stehendes Gewässer: höchstens 50 m entfernt und mindestens 100 m Vorsprung vor dem nächsten amtlichen Kandidaten."
"10-370-02-grundel-teich-bei-teutschenthal";"10-370-02";"Gründel Teich bei Teutschenthal";"Teich";"review";"v72-no-feature";"";"";"0";"";"0";"Kein amtliches Feature bzw. keine belastbare Distanz; bleibt Review."
"10-370-04-schmiedern-am-gutzer-berg";"10-370-04";"Schmiedern am Gützer Berg";"See";"review";"v72-conflict";"StandingWater_DESTGEOTR1008dzl";"385.5";"1";"9999";"2";"Amtliches Feature wird von 2 LAV-Einträgen beansprucht; bleibt Review."
"10-370-05-obere-steinbreite-bei-brachwitz";"10-370-05";"Obere Steinbreite bei Brachwitz";"See";"review";"v72-no-feature";"";"";"0";"";"0";"Kein amtliches Feature bzw. keine belastbare Distanz; bleibt Review."
"10-370-06-steinbruche-am-spitzberg-bei-landsberg-b-bl-k-pl-ro-0-85";"10-370-06";"Steinbrüche am Spitzberg bei Landsberg B, Bl, K, Pl, Ro 0,85";"See";"review";"v72-conflict";"StandingWater_DESTGEOTR1008dzl";"385.5";"1";"9999";"2";"Amtliches Feature wird von 2 LAV-Einträgen beansprucht; bleibt Review."
"10-370-13-vorderer-schacht-bei-dollnitz";"10-370-13";"Vorderer Schacht bei Döllnitz";"See";"review";"v72-standing-review";"StandingWater_DESTGEOT00004y4A";"170.6";"6";"31.9";"1";"Konfliktfrei, aber Distanz/Kandidatenzahl/Abstand reichen noch nicht für automatische Freigabe."
"10-370-14-pappelgrund-bei-teutschenthal";"10-370-14";"Pappelgrund bei Teutschenthal";"See";"review";"v72-no-feature";"";"";"0";"";"0";"Kein amtliches Feature bzw. keine belastbare Distanz; bleibt Review."
"10-370-16-erlengrund-bei-teutschenthal";"10-370-16";"Erlengrund bei Teutschenthal";"See";"review";"v72-no-feature";"";"";"0";"";"0";"Kein amtliches Feature bzw. keine belastbare Distanz; bleibt Review."
"10-370-18-gewasser-an-der-seilbahn-i";"10-370-18";"Gewässer an der Seilbahn I";"See";"review";"v72-conflict";"StandingWater_DESTGEOT00002QqZ";"40.4";"4";"137.7";"3";"Amtliches Feature wird von 3 LAV-Einträgen beansprucht; bleibt Review."
"10-370-23-2-dorfteiche-in-niemberg";"10-370-23";"2 Dorfteiche in Niemberg";"Teich";"review";"v72-no-feature";"";"";"0";"";"0";"Kein amtliches Feature bzw. keine belastbare Distanz; bleibt Review."
"10-370-25-tonloch-morl";"10-370-25";"Tonloch Morl";"See";"review";"v72-conflict";"StandingWater_DESTGEOT00002QqZ";"40.4";"4";"137.7";"3";"Amtliches Feature wird von 3 LAV-Einträgen beansprucht; bleibt Review."
"10-370-32-steinbruch-ostrau";"10-370-32";"Steinbruch Ostrau";"See";"review";"v72-standing-review";"StandingWater_DESTGEOT00004Liu";"12.7";"4";"32.5";"1";"Konfliktfrei, aber Distanz/Kandidatenzahl/Abstand reichen noch nicht für automatische Freigabe."
"10-370-33-seilbahn-iii-u-ii-bei-morl";"10-370-33";"Seilbahn III u. II bei Morl";"See";"review";"v72-conflict";"StandingWater_DESTGEOT00002QqZ";"40.4";"4";"137.7";"3";"Amtliches Feature wird von 3 LAV-Einträgen beansprucht; bleibt Review."
"10-370-41-dorfteich-lohnsdorf";"10-370-41";"Dorfteich Lohnsdorf";"Teich";"review";"v72-standing-review";"StandingWater_DESTGEOTR100d4ws";"329.4";"2";"49.3";"1";"Konfliktfrei, aber Distanz/Kandidatenzahl/Abstand reichen noch nicht für automatische Freigabe."
"10-370-45-teich-am-rodelberg";"10-370-45";"Teich am Rodelberg";"Fließgewässer";"review";"v72-flow";"Watercourse_DESTGEOT000054UX_lin";"19.2";"7";"18.1";"1";"Fließgewässer werden in v7.2 nicht automatisch hochgestuft."
"10-370-51-napresse-dollnitz";"10-370-51";"Naßpresse Döllnitz";"See";"review";"v72-standing-review";"StandingWater_DESTGEOT00004y4C";"440.4";"1";"9999";"1";"Konfliktfrei, aber Distanz/Kandidatenzahl/Abstand reichen noch nicht für automatische Freigabe."
"10-370-52-entenfang-bei-langenbogen";"10-370-52";"Entenfang bei Langenbogen";"See";"review";"v72-standing-review";"StandingWater_DESTGEOTR100eyi8";"51.6";"1";"9999";"1";"Konfliktfrei, aber Distanz/Kandidatenzahl/Abstand reichen noch nicht für automatische Freigabe."
"11-240-03-vollert-bei-trebnitz";"11-240-03";"Vollert bei Trebnitz";"See";"review";"v72-standing-review";"StandingWater_DESTGEOT00004r2N";"348.2";"1";"9999";"1";"Konfliktfrei, aber Distanz/Kandidatenzahl/Abstand reichen noch nicht für automatische Freigabe."
"11-240-04-restloch-tornau";"11-240-04";"Restloch Tornau";"See";"review";"v72-standing-review";"StandingWater_DESTGEOT00004DO3";"62.8";"1";"9999";"1";"Konfliktfrei, aber Distanz/Kandidatenzahl/Abstand reichen noch nicht für automatische Freigabe."
"11-240-06-feuerloschteich-gerstewitz";"11-240-06";"Feuerlöschteich Gerstewitz";"Teich";"review";"v72-standing-review";"StandingWater_DESTGEOT00004tcu";"516.9";"2";"421.7";"1";"Konfliktfrei, aber Distanz/Kandidatenzahl/Abstand reichen noch nicht für automatische Freigabe."
"11-241-02-mondsee-pirkau-bei-hohenmolsen";"11-241-02";"Mondsee Pirkau bei Hohenmölsen";"See";"review";"v72-conflict";"StandingWater_DESTGEOT00004r3e";"401.1";"1";"9999";"2";"Amtliches Feature wird von 2 LAV-Einträgen beansprucht; bleibt Review."
"11-241-04-eisensee-bei-hohenmolsen";"11-241-04";"Eisensee bei Hohenmölsen";"See";"review";"v72-conflict";"StandingWater_DESTGEOT00004r3e";"401.1";"1";"9999";"2";"Amtliches Feature wird von 2 LAV-Einträgen beansprucht; bleibt Review."
"11-300-01-parkteich-zu-grojena";"11-300-01";"Parkteich zu Großjena";"Teich";"review";"v72-no-feature";"";"";"0";"";"0";"Kein amtliches Feature bzw. keine belastbare Distanz; bleibt Review."
"11-300-02-baggerteich-in-naumburg";"11-300-02";"Baggerteich in Naumburg";"Teich";"review";"v72-no-feature";"";"";"0";"";"0";"Kein amtliches Feature bzw. keine belastbare Distanz; bleibt Review."
"11-300-08-herren-und-bauernteich-in";"11-300-08";"Herren- und Bauernteich in";"Teich";"review";"v72-no-feature";"";"";"0";"";"0";"Kein amtliches Feature bzw. keine belastbare Distanz; bleibt Review."
"11-310-02-toter-arm-bei-nebra";"11-310-02";"Toter Arm bei Nebra";"See";"review";"v72-no-feature";"";"";"0";"";"0";"Kein amtliches Feature bzw. keine belastbare Distanz; bleibt Review."
"11-310-05-unstrut-von-landesgrenze-thuringen";"11-310-05";"Unstrut von Landesgrenze Thüringen";"Fließgewässer";"review";"v72-conflict";"Watercourse_DESTGEOTR10087XO_lin";"2.8";"5";"25.4";"2";"Amtliches Feature wird von 2 LAV-Einträgen beansprucht; bleibt Review."
"11-440-01-tagebaurestloch-bei-gostau";"11-440-01";"Tagebaurestloch bei Gostau";"Kiesgrube";"review";"v72-standing-review";"StandingWater_DESTGEOT00004tcQ";"685.9";"1";"9999";"1";"Konfliktfrei, aber Distanz/Kandidatenzahl/Abstand reichen noch nicht für automatische Freigabe."
"11-440-02-saale-von-eisenbahnbrucke-bei-eulau";"11-440-02";"Saale von Eisenbahnbrücke bei Eulau";"Fließgewässer";"review";"v72-flow";"Watercourse_DESTGEOT00000nRR_lin";"19.1";"5";"36";"1";"Fließgewässer werden in v7.2 nicht automatisch hochgestuft."
"11-440-05-alter-saalearm-uichteritz";"11-440-05";"Alter Saalearm Uichteritz";"Fließgewässer";"review";"v72-flow";"Watercourse_DESTGEOT00000nR2_lin";"0.1";"11";"50.6";"1";"Fließgewässer werden in v7.2 nicht automatisch hochgestuft."
"11-480-02-naturbad-rehmsdorf";"11-480-02";"Naturbad Rehmsdorf";"See";"matched";"v72-standing-single";"StandingWater_DESTGEOT00004As4";"39.7";"1";"9999";"1";"Konfliktfreies stehendes Gewässer: einziger amtlicher Kandidat im Suchbereich und höchstens 40 m entfernt."
"11-480-09-phonix-nord";"11-480-09";"Phönix Nord";"See";"review";"v72-standing-review";"StandingWater_DESTGEOT00004CMp";"101.3";"1";"9999";"1";"Konfliktfrei, aber Distanz/Kandidatenzahl/Abstand reichen noch nicht für automatische Freigabe."
"11-480-13-revierparkteich-profen";"11-480-13";"Revierparkteich Profen";"Teich";"review";"v72-no-feature";"";"";"0";"";"0";"Kein amtliches Feature bzw. keine belastbare Distanz; bleibt Review."
"11-480-18-hasselteich-droyig";"11-480-18";"Hasselteich Droyßig";"Teich";"review";"v72-no-feature";"";"";"0";"";"0";"Kein amtliches Feature bzw. keine belastbare Distanz; bleibt Review."
"11-480-20-wal-in-gobitz";"11-480-20";"Wal in Göbitz";"See";"review";"v72-standing-review";"StandingWater_DESTGEOT00004CMh";"721.8";"1";"9999";"1";"Konfliktfrei, aber Distanz/Kandidatenzahl/Abstand reichen noch nicht für automatische Freigabe."
"11-482-01-hainbergsee-sachsen-anhalt-bereich-a-b-h-k-s-z-6-30";"11-482-01";"Hainbergsee (Sachsen-Anhalt-Bereich) A, B, H, K, S, Z 6,30";"See";"review";"v72-conflict";"StandingWater_DESTGEOT00002KP4";"449.1";"1";"9999";"2";"Amtliches Feature wird von 2 LAV-Einträgen beansprucht; bleibt Review."
"11-482-02-muhlgraben-wetterzeube";"11-482-02";"Mühlgraben Wetterzeube";"Fließgewässer";"review";"v72-flow";"Watercourse_DESTGEOT00004pq8_lin";"14.9";"2";"58";"1";"Fließgewässer werden in v7.2 nicht automatisch hochgestuft."
"11-482-04-grasteich-spora";"11-482-04";"Grasteich Spora";"Teich";"review";"v72-standing-review";"StandingWater_DESTGEOT00004ArR";"291.8";"1";"9999";"1";"Konfliktfrei, aber Distanz/Kandidatenzahl/Abstand reichen noch nicht für automatische Freigabe."
"11-482-05-flograben-von-lg-thuringen-bis";"11-482-05";"Floßgraben von LG Thüringen bis";"Fließgewässer";"review";"v72-conflict";"Watercourse_DESTGEOT00005hGj_lin";"9.8";"5";"27.8";"6";"Amtliches Feature wird von 6 LAV-Einträgen beansprucht; bleibt Review."
"12-140-04-stillinge-nord";"12-140-04";"Stillinge Nord";"See";"review";"v72-standing-review";"StandingWater_DESTGEOT000059dp";"313.2";"1";"9999";"1";"Konfliktfrei, aber Distanz/Kandidatenzahl/Abstand reichen noch nicht für automatische Freigabe."
"12-140-05-rehsumpf";"12-140-05";"Rehsumpf";"See";"review";"v72-standing-review";"StandingWater_DESTGEOT0000fQpJ";"68.3";"6";"0";"1";"Konfliktfrei, aber Distanz/Kandidatenzahl/Abstand reichen noch nicht für automatische Freigabe."
"12-140-07-mulde-von-ca-150-m-unterhalb-abzweig-a-b-bl-d-h-pl-20-00-jonitzer-mulde-bis-tiergartenbrucke-und-q-z-von-unterhalb-brucke-b185-bis-250m-oberhalb-einmundung-jonitzer-mulde-und-von-einmundung-lorkgraben-bis-tannenhagerbrucke-sowie-jonitzer-mulde-von-abzweig-aus-der-mulde-bis-oberhalb-brucke-jonitzer-muhle";"12-140-07";"Mulde von ca. 150 m unterhalb Abzweig A, B, Bl, D, H, Pl, 20,00 Jonitzer Mulde bis Tiergartenbrücke und Q, Z von unterhalb Brücke B185 bis 250m oberhalb Einmündung Jonitzer Mulde und von Einmündung Lorkgraben bis Tannenhägerbrücke sowie Jonitzer Mulde von Abzweig aus der Mulde bis oberhalb Brücke Jonitzer Mühle";"Fließgewässer";"review";"v72-flow";"Watercourse_DESTGEOT000054T0_pol";"3.8";"7";"8.8";"1";"Fließgewässer werden in v7.2 nicht automatisch hochgestuft."
"12-140-08-peisker-an-der-strae-zum-ot-rolau";"12-140-08";"Peisker an der Straße zum OT Roßlau";"See";"review";"v72-conflict";"StandingWater_DESTGEOT0000cnvd";"825.7";"1";"9999";"3";"Amtliches Feature wird von 3 LAV-Einträgen beansprucht; bleibt Review."
"12-140-09-fahrsee-an-der-strae-zum-ot-rolau";"12-140-09";"Fährsee an der Straße zum OT Roßlau";"See";"review";"v72-conflict";"StandingWater_DESTGEOT0000cnvd";"825.7";"1";"9999";"3";"Amtliches Feature wird von 3 LAV-Einträgen beansprucht; bleibt Review."
"12-140-11-zoberbergsee-1-im-ot-mosigkau";"12-140-11";"Zoberbergsee 1 im OT Mosigkau";"See";"review";"v72-standing-review";"StandingWater_DESTGEOTR1007v4P";"855.4";"2";"3.3";"1";"Konfliktfrei, aber Distanz/Kandidatenzahl/Abstand reichen noch nicht für automatische Freigabe."
"12-360-02-karpfenteich-biethe-im-ot-rolau";"12-360-02";"Karpfenteich Biethe im OT Roßlau";"Teich";"review";"v72-conflict";"StandingWater_DESTGEOT0000cnvd";"825.7";"1";"9999";"3";"Amtliches Feature wird von 3 LAV-Einträgen beansprucht; bleibt Review."
"13-280-07-neustadter-see-ii-schonstrecke-beachten-a-b-bl-h-k-pl-s-28-00";"13-280-07";"Neustädter See II, Schonstrecke beachten A, B, Bl, H, K, Pl, S 28,00";"See";"review";"v72-conflict";"StandingWater_DESTGEOT00002KP4";"449.1";"1";"9999";"2";"Amtliches Feature wird von 2 LAV-Einträgen beansprucht; bleibt Review."
"13-280-13-else-kolke-bei-zipkeleben";"13-280-13";"Else-Kolke bei Zipkeleben";"See";"review";"v72-conflict";"StandingWater_DESTGEOT00002hHV";"51.8";"2";"329.8";"2";"Amtliches Feature wird von 2 LAV-Einträgen beansprucht; bleibt Review."
"13-280-15-prester-see-3-teile";"13-280-15";"Prester See (3 Teile)";"See";"review";"v72-standing-review";"StandingWater_DESTGEOT00002lN9";"508.7";"1";"9999";"1";"Konfliktfrei, aber Distanz/Kandidatenzahl/Abstand reichen noch nicht für automatische Freigabe."
"13-280-18-alte-elbe-kreuzhorst";"13-280-18";"Alte Elbe Kreuzhorst";"Fließgewässer";"review";"v72-conflict";"Watercourse_DESTGEOTR1007HVE_pol";"12.3";"4";"22.6";"2";"Amtliches Feature wird von 2 LAV-Einträgen beansprucht; bleibt Review."
"13-280-23-elbe-und-alte-elbe";"13-280-23";"Elbe und Alte Elbe";"Fließgewässer";"review";"v72-flow";"Watercourse_DESTGEOT00002gUl_pol";"17.1";"4";"30.4";"1";"Fließgewässer werden in v7.2 nicht automatisch hochgestuft."
"13-280-24-zollelbe-vom-elb-km-325-60-327-40";"13-280-24";"Zollelbe vom Elb-km 325,60 – 327,40";"Fließgewässer";"review";"v72-flow";"Watercourse_DESTGEOT00004hfB_lin";"43.5";"4";"189.9";"1";"Fließgewässer werden in v7.2 nicht automatisch hochgestuft."
"13-280-30-sternsee-olvenstedt";"13-280-30";"Sternsee Olvenstedt";"See";"review";"v72-standing-review";"StandingWater_DESTGEOT00002lMl";"732.7";"2";"240.1";"1";"Konfliktfrei, aber Distanz/Kandidatenzahl/Abstand reichen noch nicht für automatische Freigabe."
"13-280-32-siel-zipkeleben";"13-280-32";"Siel Zipkeleben";"See";"review";"v72-conflict";"StandingWater_DESTGEOT00002hHV";"51.8";"2";"329.8";"2";"Amtliches Feature wird von 2 LAV-Einträgen beansprucht; bleibt Review."
"13-400-01-wolter-1-und-2-bei-randau";"13-400-01";"Wolter 1 und 2 bei Randau";"See";"review";"v72-no-feature";"";"";"0";"";"0";"Kein amtliches Feature bzw. keine belastbare Distanz; bleibt Review."
"13-400-02-riemer-1-2-und-3-bei-randau";"13-400-02";"Riemer 1, 2 und 3 bei Randau";"See";"review";"v72-no-feature";"";"";"0";"";"0";"Kein amtliches Feature bzw. keine belastbare Distanz; bleibt Review."
"13-400-03-schloteich-in-randau";"13-400-03";"Schloßteich in Randau";"Teich";"review";"v72-no-feature";"";"";"0";"";"0";"Kein amtliches Feature bzw. keine belastbare Distanz; bleibt Review."
"13-400-04-langer-see-groer-see-bei-randau";"13-400-04";"Langer See (Großer See) bei Randau";"See";"review";"v72-no-feature";"";"";"0";"";"0";"Kein amtliches Feature bzw. keine belastbare Distanz; bleibt Review."
"13-400-05-gelbes-loch-bei-randau";"13-400-05";"Gelbes Loch bei Randau";"Fließgewässer";"review";"v72-conflict";"Watercourse_DESTGEOTR1007HVE_pol";"12.3";"4";"22.6";"2";"Amtliches Feature wird von 2 LAV-Einträgen beansprucht; bleibt Review."
"13-400-06-alte-elbe-bei-randau-calenberge";"13-400-06";"Alte Elbe bei Randau/Calenberge";"Fließgewässer";"review";"v72-flow";"Watercourse_DESTGEOT00002gUz_pol";"419.1";"1";"9999";"1";"Fließgewässer werden in v7.2 nicht automatisch hochgestuft."
"13-400-07-kiesbaggerloch-bei-randau";"13-400-07";"Kiesbaggerloch bei Randau";"Kiesgrube";"review";"v72-no-feature";"";"";"0";"";"0";"Kein amtliches Feature bzw. keine belastbare Distanz; bleibt Review."
"13-400-08-schwarzer-kruger-bei-randau";"13-400-08";"Schwarzer Krüger bei Randau";"See";"review";"v72-no-feature";"";"";"0";"";"0";"Kein amtliches Feature bzw. keine belastbare Distanz; bleibt Review."
"13-400-09-kaltes-loch-bei-randau";"13-400-09";"Kaltes Loch bei Randau";"See";"review";"v72-no-feature";"";"";"0";"";"0";"Kein amtliches Feature bzw. keine belastbare Distanz; bleibt Review."
"13-400-10-butz-bei-randau";"13-400-10";"Butz bei Randau";"See";"review";"v72-no-feature";"";"";"0";"";"0";"Kein amtliches Feature bzw. keine belastbare Distanz; bleibt Review."
"14-210-02-obere-aue-fkk";"14-210-02";"Obere Aue (FKK)";"See";"matched";"v72-standing-near";"StandingWater_DESTGEOT00002KP3";"1";"2";"62";"1";"Konfliktfreies stehendes Gewässer: höchstens 20 m entfernt und räumlich ausreichend eindeutig."
"14-210-10-kirchteich-in-neustadt";"14-210-10";"Kirchteich in Neustadt";"Teich";"review";"v72-standing-review";"StandingWater_DESTGEOT00002KP0";"130.2";"5";"0";"1";"Konfliktfrei, aber Distanz/Kandidatenzahl/Abstand reichen noch nicht für automatische Freigabe."
"14-210-11-bruchsee-in-neustadt";"14-210-11";"Bruchsee in Neustadt";"See";"matched";"v72-standing-single";"StandingWater_DESTGEOT00002KOP";"35.7";"1";"9999";"1";"Konfliktfreies stehendes Gewässer: einziger amtlicher Kandidat im Suchbereich und höchstens 40 m entfernt."
"14-210-13-friedhofsteich-neustadt";"14-210-13";"Friedhofsteich Neustadt";"Teich";"review";"v72-standing-review";"StandingWater_DESTGEOT00002KPl";"26.5";"5";"10.9";"1";"Konfliktfrei, aber Distanz/Kandidatenzahl/Abstand reichen noch nicht für automatische Freigabe."
"14-210-18-weie-elster-von-straenbrucke";"14-210-18";"Weiße Elster von Straßenbrücke";"See";"review";"v72-no-feature";"";"";"0";"";"0";"Kein amtliches Feature bzw. keine belastbare Distanz; bleibt Review."
"14-212-01-groes-posthorn-linksseitig-am";"14-212-01";"Großes Posthorn linksseitig am";"See";"review";"v72-no-feature";"";"";"0";"";"0";"Kein amtliches Feature bzw. keine belastbare Distanz; bleibt Review."
