"id";"lavNumber";"name";"type";"result";"anchor";"anchorRule";"distanceM";"officialName";"candidateCount";"nameScore";"gapM";"reason"
"1-260-22-moorgraben-cheinitz-bruchau";"1-260-22";"Moorgraben Cheinitz/Brüchau";"Fließgewässer";"unmatched";"";"";"";"";"";"";"";"Kein OSM-v3-Kandidat vorhanden."
"2-420-08-elbe-km-392-402-linksseitig";"2-420-08";"Elbe km 392 - 402 linksseitig";"Fließgewässer";"unmatched";"";"";"";"";"";"";"";"Kein OSM-v3-Kandidat vorhanden."
"2-421-01-dollgraben";"2-421-01";"Dollgraben";"Fließgewässer";"unmatched";"";"";"";"";"";"";"";"Kein OSM-v3-Kandidat vorhanden."
"2-421-05-bertinger-see";"2-421-05";"Bertinger See";"See";"unmatched";"";"";"";"";"";"";"";"Kein OSM-v3-Kandidat vorhanden."
"2-421-11-elbe-km-372-4-km-378-linksseitig";"2-421-11";"Elbe km 372, 4 – km 378 linksseitig";"Fließgewässer";"unmatched";"";"";"";"";"";"";"";"Kein OSM-v3-Kandidat vorhanden."
"2-422-12-elbe-km-386-392-beidseitig-km-391-392";"2-422-12";"Elbe km 386-392 beidseitig, km 391-392";"Fließgewässer";"unmatched";"";"";"";"";"";"";"";"Kein OSM-v3-Kandidat vorhanden."
"2-424-03-griebener-see";"2-424-03";"Griebener See";"See";"unmatched";"";"";"";"";"";"";"";"Kein OSM-v3-Kandidat vorhanden."
"3-200-12-ehemalige-schweineweide-bei";"3-200-12";"Ehemalige Schweineweide bei";"See";"unmatched";"";"";"";"";"";"";"";"Kein OSM-v3-Kandidat vorhanden."
"3-200-42-aller-von-bab-2-bis-landesgrenze";"3-200-42";"Aller von BAB 2 bis Landesgrenze";"See";"unmatched";"";"";"";"";"";"";"";"Kein OSM-v3-Kandidat vorhanden."
"3-200-50-speicher-an-der-krummbeck";"3-200-50";"Speicher an der Krummbeck";"See";"unmatched";"";"";"";"";"";"";"";"Kein OSM-v3-Kandidat vorhanden."
"4-130-33-gr-gehrenscher-see";"4-130-33";"Gr. Gehrenscher See";"See";"unmatched";"";"";"";"";"";"";"";"Kein OSM-v3-Kandidat vorhanden."
"4-130-36-mittellandkanal-km-322-82-km-324-46-a-bl-k-pl-z-5-31-nordufer";"4-130-36";"Mittellandkanal km 322,82 - km 324,46 A, Bl, K, Pl, Z 5,31 Nordufer";"Fließgewässer";"unmatched";"";"";"";"";"";"";"";"Kein OSM-v3-Kandidat vorhanden."
"4-170-08-altenplatower-altkanal";"4-170-08";"Altenplatower-Altkanal";"Fließgewässer";"unmatched";"";"";"";"";"";"";"";"Kein OSM-v3-Kandidat vorhanden."
"4-170-11-tucheim-parchener-bach-vom-ringels";"4-170-11";"Tucheim-Parchener-Bach vom Ringels-";"See";"unmatched";"";"";"";"";"";"";"";"Kein OSM-v3-Kandidat vorhanden."
"4-170-12-torschiffahrtskanal-vom-wehr-mutzel-bis-a-b-bl-h-pl-qu-3-00-zur-mundung-in-den-fiener-haupvorfluter";"4-170-12";"Torschiffahrtskanal vom Wehr Mützel bis A, B, Bl, H, Pl, Qu 3,00 zur Mündung in den Fiener Haupvorfluter";"Fließgewässer";"unmatched";"";"";"";"";"";"";"";"Kein OSM-v3-Kandidat vorhanden."
"4-171-05-alte-elbe-mit-tunnel-und";"4-171-05";"Alte Elbe mit Tunnel und";"Fließgewässer";"unmatched";"";"";"";"";"";"";"";"Kein OSM-v3-Kandidat vorhanden."
"4-173-01-bergzower-altkanal-vom-abzweig";"4-173-01";"Bergzower Altkanal vom Abzweig";"Fließgewässer";"unmatched";"";"";"";"";"";"";"";"Kein OSM-v3-Kandidat vorhanden."
"4-280-01-umflutehle-von-einmundung-der";"4-280-01";"Umflutehle von Einmündung der";"See";"unmatched";"";"";"";"";"";"";"";"Kein OSM-v3-Kandidat vorhanden."
"4-490-04-dornburger-see";"4-490-04";"Dornburger See";"See";"unmatched";"";"";"";"";"";"";"";"Kein OSM-v3-Kandidat vorhanden."
"4-491-03-lubser-see";"4-491-03";"Lübser See";"See";"unmatched";"";"";"";"";"";"";"";"Kein OSM-v3-Kandidat vorhanden."
"4-492-01-pappelteich-bei-hobeck";"4-492-01";"Pappelteich bei Hobeck";"Teich";"unmatched";"";"";"";"";"";"";"";"Kein OSM-v3-Kandidat vorhanden."
"5-101-02-pappelteich-ermsleben";"5-101-02";"Pappelteich Ermsleben";"Teich";"unmatched";"";"";"";"";"";"";"";"Kein OSM-v3-Kandidat vorhanden."
"5-101-03-burgteich-ermsleben";"5-101-03";"Burgteich Ermsleben";"Teich";"unmatched";"";"";"";"";"";"";"";"Kein OSM-v3-Kandidat vorhanden."
"5-190-03-bode-vom-einlauf-des-goldbaches";"5-190-03";"Bode vom Einlauf des Goldbaches";"Fließgewässer";"unmatched";"";"";"";"";"";"";"";"Kein OSM-v3-Kandidat vorhanden."
"5-190-06-groer-graben-vom-zusammenfluss";"5-190-06";"Großer Graben vom Zusammenfluss";"Fließgewässer";"unmatched";"";"";"";"";"";"";"";"Kein OSM-v3-Kandidat vorhanden."
"5-340-08-kiesgrube-bei-dittfurt";"5-340-08";"Kiesgrube bei Dittfurt";"Kiesgrube";"unmatched";"";"";"";"";"";"";"";"Kein OSM-v3-Kandidat vorhanden."
"5-340-09-bode-vom-einlauf-des-quarmbaches";"5-340-09";"Bode vom Einlauf des Quarmbaches";"Fließgewässer";"unmatched";"";"";"";"";"";"";"";"Kein OSM-v3-Kandidat vorhanden."
"5-450-04-mulmker-parkteiche";"5-450-04";"Mulmker Parkteiche";"Teich";"unmatched";"";"";"";"";"";"";"";"Kein OSM-v3-Kandidat vorhanden."
"6-100-01-bruchfeldsee-wilslebener-see";"6-100-01";"Bruchfeldsee (Wilslebener See)";"See";"unmatched";"";"";"";"";"";"";"";"Kein OSM-v3-Kandidat vorhanden."
"6-100-02-tonkuhle-badetonkuhle-in-aschersleben-a-h-k-pl-ro-s-0-30";"6-100-02";"Tonkuhle (Badetonkuhle) in Aschersleben A, H, K, Pl, Ro, S 0,30";"See";"review";"S 0,30";"suffix2";"250.0";"Friedhofsteich";"4";"0.000";"564.6";"v11-Ortsanker 'S 0,30' (suffix2) liefert amtlichen Kandidaten, aber noch keine sichere Freigabe."
"6-100-04-birkenweiher-gatersleben";"6-100-04";"Birkenweiher Gatersleben";"See";"review";"Gatersleben";"suffix1";"3.6";"";"3";"0.000";"155.5";"v11-Ortsanker 'Gatersleben' (suffix1) liefert amtlichen Kandidaten, aber noch keine sichere Freigabe."
"6-100-07-hauptseegraben-von-einmundung";"6-100-07";"Hauptseegraben von Einmündung";"Fließgewässer";"review";"von";"suffix2";"315.0";"";"7";"0.000";"60.9";"v11-Ortsanker 'von' (suffix2) liefert amtlichen Kandidaten, aber noch keine sichere Freigabe."
"6-100-10-wipper-von-letzter-brucke-klein";"6-100-10";"Wipper von letzter Brücke Klein";"See";"unmatched";"";"";"";"";"";"";"";"Kein OSM-v3-Kandidat vorhanden."
"6-110-02-dammloch-beesenlaublingen";"6-110-02";"Dammloch Beesenlaublingen";"See";"review";"Beesenlaublingen";"suffix1";"648.6";"";"4";"0.000";"67.6";"v11-Ortsanker 'Beesenlaublingen' (suffix1) liefert amtlichen Kandidaten, aber noch keine sichere Freigabe."
"6-110-05-alter-tagebau-gerlebogk";"6-110-05";"Alter Tagebau Gerlebogk";"Kiesgrube";"review";"Gerlebogk";"suffix1";"16.6";"";"9";"0.000";"329.4";"v11-Ortsanker 'Gerlebogk' (suffix1) liefert amtlichen Kandidaten, aber noch keine sichere Freigabe."
"6-110-13-saalealtarm-aderstedt";"6-110-13";"Saalealtarm Aderstedt";"Fließgewässer";"review";"Aderstedt";"suffix1";"184.8";"";"35";"0.000";"23.5";"v11-Ortsanker 'Aderstedt' (suffix1) liefert amtlichen Kandidaten, aber noch keine sichere Freigabe."
"6-110-15-groer-wiendorfer-teich";"6-110-15";"Großer Wiendorfer Teich";"Teich";"review";"Wiendorfer Teich";"suffix2";"142.4";"Großer Wiendorfer Teich";"8";"1.000";"163.6";"v11-Ortsanker 'Wiendorfer Teich' (suffix2) liefert amtlichen Kandidaten, aber noch keine sichere Freigabe."
"6-110-25-bebitzer-dorfteich";"6-110-25";"Bebitzer Dorfteich";"Teich";"review";"Dorfteich";"suffix1";"12.6";"";"2";"0.000";"171.5";"v11-Ortsanker 'Dorfteich' (suffix1) liefert amtlichen Kandidaten, aber noch keine sichere Freigabe."
"6-111-05-saalealtarm-nienburg";"6-111-05";"Saalealtarm Nienburg";"Fließgewässer";"review";"Nienburg";"suffix1";"345.7";"";"22";"0.000";"3.1";"v11-Ortsanker 'Nienburg' (suffix1) liefert amtlichen Kandidaten, aber noch keine sichere Freigabe."
"6-111-12-alter-schacht-pauline-neugatersleben-h-k-ro-s-4-00";"6-111-12";"Alter Schacht „Pauline“ Neugatersleben H, K, Ro, S 4,00";"See";"unmatched";"";"";"";"";"";"";"";"Kein OSM-v3-Kandidat vorhanden."
"6-112-01-dorfteich-brundel";"6-112-01";"Dorfteich Bründel";"Teich";"review";"Bründel";"suffix1";"170.4";"";"2";"0.000";"94.5";"v11-Ortsanker 'Bründel' (suffix1) liefert amtlichen Kandidaten, aber noch keine sichere Freigabe."
"6-230-01-schloteiche-freckleben";"6-230-01";"Schloßteiche Freckleben";"Teich";"review";"Freckleben";"suffix1";"369.1";"";"2";"0.000";"69.0";"v11-Ortsanker 'Freckleben' (suffix1) liefert amtlichen Kandidaten, aber noch keine sichere Freigabe."
"6-400-03-jagerschacht-bei-glothe-brumby";"6-400-03";"Jägerschacht bei Glöthe-Brumby";"See";"unmatched";"";"";"";"";"";"";"";"Kein OSM-v3-Kandidat vorhanden."
"6-400-22-elbe-von-km-305-km-320-beidseitig";"6-400-22";"Elbe von km 305 - km 320 beidseitig";"Fließgewässer";"unmatched";"";"";"";"";"";"";"";"Kein OSM-v3-Kandidat vorhanden."
"6-400-35-elbealtarm-grunewalde";"6-400-35";"Elbealtarm Grünewalde";"Fließgewässer";"review";"Grünewalde";"suffix1";"218.4";"";"6";"0.000";"203.0";"v11-Ortsanker 'Grünewalde' (suffix1) liefert amtlichen Kandidaten, aber noch keine sichere Freigabe."
"6-400-40-awg-seen-1-2-und-3-gommern-plotzky";"6-400-40";"AWG Seen 1, 2 und 3 Gommern-Plötzky";"See";"unmatched";"";"";"";"";"";"";"";"Kein OSM-v3-Kandidat vorhanden."
"6-400-45-gotzenthiegraben";"6-400-45";"Götzenthiegraben";"Fließgewässer";"unmatched";"";"";"";"";"";"";"";"Kein OSM-v3-Kandidat vorhanden."
"6-400-46-westufer-albertinensee";"6-400-46";"Westufer Albertinensee";"See";"unmatched";"";"";"";"";"";"";"";"Kein OSM-v3-Kandidat vorhanden."
"6-402-04-kiesgrube-barby-sud";"6-402-04";"Kiesgrube Barby-Süd";"Kiesgrube";"unmatched";"";"";"";"";"";"";"";"Kein OSM-v3-Kandidat vorhanden."
"6-410-02-warmsdorfer-teich";"6-410-02";"Warmsdorfer Teich";"Teich";"unmatched";"";"";"";"";"";"";"";"Kein OSM-v3-Kandidat vorhanden."
"6-410-18-steinbruch-borne";"6-410-18";"Steinbruch Borne";"See";"review";"Borne";"suffix1";"397.5";"";"2";"0.000";"24.0";"v11-Ortsanker 'Borne' (suffix1) liefert amtlichen Kandidaten, aber noch keine sichere Freigabe."
"6-410-22-regenruckhaltebecken-am";"6-410-22";"Regenrückhaltebecken am";"See";"unmatched";"";"";"";"";"";"";"";"Kein OSM-v3-Kandidat vorhanden."
"6-410-24-loderburger-weiher";"6-410-24";"Löderburger Weiher";"See";"unmatched";"";"";"";"";"";"";"";"Kein OSM-v3-Kandidat vorhanden."
"6-411-02-loderburger-see";"6-411-02";"Löderburger See";"See";"unmatched";"";"";"";"";"";"";"";"Kein OSM-v3-Kandidat vorhanden."
"6-411-04-athenslebener-seen-lsg-beachten";"6-411-04";"Athenslebener Seen – LSG beachten";"See";"unmatched";"";"";"";"";"";"";"";"Kein OSM-v3-Kandidat vorhanden."
"7-120-05-kurr-pouch";"7-120-05";"Kurr Pouch";"See";"review";"Pouch";"suffix1";"191.9";"Muldestausee";"2";"0.000";"601.6";"v11-Ortsanker 'Pouch' (suffix1) liefert amtlichen Kandidaten, aber noch keine sichere Freigabe."
"7-120-10-ehemalige-kiesgrube-sandersdorf";"7-120-10";"ehemalige Kiesgrube Sandersdorf";"Kiesgrube";"review";"Sandersdorf";"suffix1";"64.9";"Förstergrube";"7";"0.000";"189.0";"v11-Ortsanker 'Sandersdorf' (suffix1) liefert amtlichen Kandidaten, aber noch keine sichere Freigabe."
"7-120-11-ehemaliges-schwimmbad-raguhn";"7-120-11";"ehemaliges Schwimmbad Raguhn";"See";"review";"Raguhn";"suffix1";"266.9";"";"8";"0.000";"50.9";"v11-Ortsanker 'Raguhn' (suffix1) liefert amtlichen Kandidaten, aber noch keine sichere Freigabe."
"7-120-14-leipziger-teich-zorbig";"7-120-14";"Leipziger Teich Zörbig";"Teich";"review";"Teich Zörbig";"suffix2";"74.8";"Cösitzer Teich";"3";"0.250";"100.2";"v11-Ortsanker 'Teich Zörbig' (suffix2) liefert amtlichen Kandidaten, aber noch keine sichere Freigabe."
"7-120-19-lober-leine-kanal";"7-120-19";"Lober-Leine-Kanal";"Fließgewässer";"unmatched";"";"";"";"";"";"";"";"Kein OSM-v3-Kandidat vorhanden."
"7-120-21-mulde-v-landesgr-sachsen-bis-stausee";"7-120-21";"Mulde v. Landesgr. Sachsen bis Stausee,";"Fließgewässer";"review";"Stausee";"bis";"107.9";"";"9";"0.000";"78.8";"v11-Ortsanker 'Stausee' (bis) liefert amtlichen Kandidaten, aber noch keine sichere Freigabe."
"7-120-22-mulde-von-ca-750m-oberhalb-wehr";"7-120-22";"Mulde von ca. 750m oberhalb Wehr";"Fließgewässer";"review";"oberhalb";"suffix2";"2.3";"";"27";"0.000";"119.8";"v11-Ortsanker 'oberhalb' (suffix2) liefert amtlichen Kandidaten, aber noch keine sichere Freigabe."
"7-120-26-pappelloch-rosa";"7-120-26";"Pappelloch Rösa";"See";"review";"Rösa";"suffix1";"312.6";"";"4";"0.000";"100.4";"v11-Ortsanker 'Rösa' (suffix1) liefert amtlichen Kandidaten, aber noch keine sichere Freigabe."
"7-120-29-tagebaurestloch-kockern";"7-120-29";"Tagebaurestloch Köckern";"Kiesgrube";"review";"Köckern";"suffix1";"747.8";"";"2";"0.000";"191.9";"v11-Ortsanker 'Köckern' (suffix1) liefert amtlichen Kandidaten, aber noch keine sichere Freigabe."
"7-120-32-luthers-linde-muldenstein";"7-120-32";"Luthers Linde Muldenstein";"Fließgewässer";"review";"Muldenstein";"suffix1";"33.6";"";"4";"0.000";"652.1";"v11-Ortsanker 'Muldenstein' (suffix1) liefert amtlichen Kandidaten, aber noch keine sichere Freigabe."
"7-120-38-geerensee-friedersdorf";"7-120-38";"Geerensee Friedersdorf";"See";"review";"Friedersdorf";"suffix1";"283.5";"";"4";"0.000";"100.6";"v11-Ortsanker 'Friedersdorf' (suffix1) liefert amtlichen Kandidaten, aber noch keine sichere Freigabe."
"7-120-41-waldteich-thalheim";"7-120-41";"Waldteich Thalheim";"Teich";"review";"Thalheim";"suffix1";"140.7";"";"4";"0.000";"483.8";"v11-Ortsanker 'Thalheim' (suffix1) liefert amtlichen Kandidaten, aber noch keine sichere Freigabe."
"7-120-42-tranke-thalheim";"7-120-42";"Tränke Thalheim";"See";"review";"Thalheim";"suffix1";"140.7";"";"4";"0.000";"483.8";"v11-Ortsanker 'Thalheim' (suffix1) liefert amtlichen Kandidaten, aber noch keine sichere Freigabe."
"7-120-50-dorfteich-beyersdorf";"7-120-50";"Dorfteich Beyersdorf";"Teich";"review";"Beyersdorf";"suffix1";"83.9";"";"3";"0.000";"761.8";"v11-Ortsanker 'Beyersdorf' (suffix1) liefert amtlichen Kandidaten, aber noch keine sichere Freigabe."
"7-120-51-dorfteich-kockern";"7-120-51";"Dorfteich Köckern";"Teich";"review";"Köckern";"suffix1";"747.8";"";"2";"0.000";"191.9";"v11-Ortsanker 'Köckern' (suffix1) liefert amtlichen Kandidaten, aber noch keine sichere Freigabe."
"7-120-52-generalsteich-schrenz";"7-120-52";"Generalsteich Schrenz";"Teich";"review";"Schrenz";"suffix1";"38.5";"";"3";"0.000";"123.6";"v11-Ortsanker 'Schrenz' (suffix1) liefert amtlichen Kandidaten, aber noch keine sichere Freigabe."
"7-121-01-vergimeinnicht-postgrube";"7-121-01";"Vergißmeinnicht (Postgrube)";"Kiesgrube";"unmatched";"";"";"";"";"";"";"";"Kein OSM-v3-Kandidat vorhanden."
"7-121-02-deutsche-grube-zscherndorf";"7-121-02";"Deutsche Grube Zscherndorf";"Kiesgrube";"review";"Grube Zscherndorf";"suffix2";"48.0";"Deutsche Grube";"3";"0.538";"741.0";"v11-Ortsanker 'Grube Zscherndorf' (suffix2) liefert amtlichen Kandidaten, aber noch keine sichere Freigabe."
"7-122-01-kiesgrube-dessauer-str-loberitz";"7-122-01";"Kiesgrube Dessauer Str. Löberitz";"Kiesgrube";"review";"Str. Löberitz";"suffix2";"152.8";"";"3";"0.000";"248.0";"v11-Ortsanker 'Str. Löberitz' (suffix2) liefert amtlichen Kandidaten, aber noch keine sichere Freigabe."
"7-272-05-taube-von-700m-unterhalb-einmundung";"7-272-05";"Taube von 700m unterhalb Einmündung";"See";"review";"unterhalb";"suffix2";"523.1";"";"2";"0.000";"536.8";"v11-Ortsanker 'unterhalb' (suffix2) liefert amtlichen Kandidaten, aber noch keine sichere Freigabe."
"7-273-01-baufeld-worbzig-1-groe-kiesgrube";"7-273-01";"Baufeld Wörbzig 1 - Große Kiesgrube";"Kiesgrube";"review";"Kiesgrube";"suffix1";"26.8";"Kleine Kiesgrube Kröllwitz";"3";"0.167";"89.1";"v11-Ortsanker 'Kiesgrube' (suffix1) liefert amtlichen Kandidaten, aber noch keine sichere Freigabe."
"7-273-02-baufeld-worbzig-2-kleinere-kiesgrube";"7-273-02";"Baufeld Wörbzig 2 - Kleinere Kiesgrube";"Kiesgrube";"review";"Kiesgrube";"suffix1";"26.8";"Kleine Kiesgrube Kröllwitz";"3";"0.167";"89.1";"v11-Ortsanker 'Kiesgrube' (suffix1) liefert amtlichen Kandidaten, aber noch keine sichere Freigabe."
"7-273-08-tagebau-edderitz-boote-ohne-motor";"7-273-08";"Tagebau Edderitz - Boote ohne Motor";"Kiesgrube";"review";"Motor";"suffix1";"447.9";"";"3";"0.000";"135.2";"v11-Ortsanker 'Motor' (suffix1) liefert amtlichen Kandidaten, aber noch keine sichere Freigabe."
"7-273-18-pelzteich-gorzig";"7-273-18";"Pelzteich Görzig";"Teich";"review";"Görzig";"suffix1";"128.9";"";"5";"0.000";"341.3";"v11-Ortsanker 'Görzig' (suffix1) liefert amtlichen Kandidaten, aber noch keine sichere Freigabe."
"7-273-20-teich-in-weddershausen";"7-273-20";"Teich in Weddershausen";"Teich";"unmatched";"";"";"";"";"";"";"";"Kein OSM-v3-Kandidat vorhanden."
"7-275-07-groer-und-kleiner-parkteich";"7-275-07";"Großer und Kleiner Parkteich";"Teich";"review";"Parkteich";"suffix1";"8.1";"Parkteich";"4";"0.310";"141.5";"v11-Ortsanker 'Parkteich' (suffix1) liefert amtlichen Kandidaten, aber noch keine sichere Freigabe."
"7-275-09-entfallt";"7-275-09";"entfällt";"See";"unmatched";"";"";"";"";"";"";"";"Kein OSM-v3-Kandidat vorhanden."
"7-275-18-maxdorfer-teich";"7-275-18";"Maxdorfer Teich";"Teich";"unmatched";"";"";"";"";"";"";"";"Kein OSM-v3-Kandidat vorhanden."
"7-275-24-busch-raten-dornbock";"7-275-24";"Busch-Räten Dornbock";"See";"review";"Dornbock";"suffix1";"94.1";"";"4";"0.000";"280.5";"v11-Ortsanker 'Dornbock' (suffix1) liefert amtlichen Kandidaten, aber noch keine sichere Freigabe."
"7-276-06-muhlteich-merzien";"7-276-06";"Mühlteich Merzien";"Teich";"review";"Merzien";"suffix1";"129.9";"";"4";"0.000";"175.0";"v11-Ortsanker 'Merzien' (suffix1) liefert amtlichen Kandidaten, aber noch keine sichere Freigabe."
"7-490-04-nuthe-im-landkreis-anhalt-bitterfeld-a-a-b-bf-d-h-k-pl-19-50-bis-walternienburg-mit-ausnahme-der-strecke-brucke-kameritz-bis-ca-3-km-flussaufwarts-salmostrecken-beachten";"7-490-04";"Nuthe im Landkreis Anhalt-Bitterfeld Ä, A, B, Bf, D, H, K, Pl 19,50 bis Walternienburg mit Ausnahme der Strecke Brücke Kämeritz bis ca. 3 km Flussaufwärts - Salmostrecken beachten!";"See";"review";"ca. 3";"bis";"153.6";"";"2";"0.000";"899.9";"v11-Ortsanker 'ca. 3' (bis) liefert amtlichen Kandidaten, aber noch keine sichere Freigabe."
"7-490-06-bonscher-teich";"7-490-06";"Bonscher Teich";"Teich";"unmatched";"";"";"";"";"";"";"";"Kein OSM-v3-Kandidat vorhanden."
"7-491-01-godnitzer-see";"7-491-01";"Gödnitzer See";"See";"unmatched";"";"";"";"";"";"";"";"Kein OSM-v3-Kandidat vorhanden."
"8-180-02-ehemaliger-badeteich-an-der";"8-180-02";"Ehemaliger Badeteich an der";"Teich";"review";"an der";"suffix2";"310.1";"";"10";"0.000";"75.7";"v11-Ortsanker 'an der' (suffix2) liefert amtlichen Kandidaten, aber noch keine sichere Freigabe."
"8-181-01-reudener-grube";"8-181-01";"Reudener Grube";"Kiesgrube";"review";"Grube";"suffix1";"550.7";"";"1";"0.000";"9999.0";"v11-Ortsanker 'Grube' (suffix1) liefert amtlichen Kandidaten, aber noch keine sichere Freigabe."
"8-181-03-muhlenteich-radis";"8-181-03";"Mühlenteich Radis";"Teich";"review";"Radis";"suffix1";"162.0";"";"3";"0.000";"640.6";"v11-Ortsanker 'Radis' (suffix1) liefert amtlichen Kandidaten, aber noch keine sichere Freigabe."
"8-181-04-tagebaurestloch-golpa-ii-gurke";"8-181-04";"Tagebaurestloch Golpa II (Gurke)";"Kiesgrube";"unmatched";"";"";"";"";"";"";"";"Kein OSM-v3-Kandidat vorhanden."
"8-181-13-barbarasee-bei-grafenhainichen-boote";"8-181-13";"Barbarasee bei Gräfenhainichen Boote";"See";"review";"Boote";"suffix1";"480.2";"Großer Goitzschesee";"3";"0.000";"220.6";"v11-Ortsanker 'Boote' (suffix1) liefert amtlichen Kandidaten, aber noch keine sichere Freigabe."
"8-182-01-alte-grube-mohlau";"8-182-01";"Alte Grube Möhlau";"Kiesgrube";"review";"Möhlau";"suffix1";"82.1";"";"4";"0.000";"117.9";"v11-Ortsanker 'Möhlau' (suffix1) liefert amtlichen Kandidaten, aber noch keine sichere Freigabe."
"8-182-02-mohlauer-see";"8-182-02";"Möhlauer See";"See";"unmatched";"";"";"";"";"";"";"";"Kein OSM-v3-Kandidat vorhanden."
"8-183-01-badeteich-vockerode";"8-183-01";"Badeteich Vockerode";"Teich";"review";"Vockerode";"suffix1";"350.8";"";"6";"0.000";"10.9";"v11-Ortsanker 'Vockerode' (suffix1) liefert amtlichen Kandidaten, aber noch keine sichere Freigabe."
"8-183-02-elbe-von-km-244-5-km-248-3-linksseitig-a-bl-h-pl-z-w-q-52-00";"8-183-02";"Elbe von km 244, 5 - km 248, 3 linksseitig A, Bl, H, Pl, Z, W, Q 52,00";"Fließgewässer";"unmatched";"";"";"";"";"";"";"";"Kein OSM-v3-Kandidat vorhanden."
"8-183-03-rehsener-see";"8-183-03";"Rehsener See";"See";"unmatched";"";"";"";"";"";"";"";"Kein OSM-v3-Kandidat vorhanden."
"8-183-13-kapengraben-von-ehem-b107-bis-zur";"8-183-13";"Kapengraben von ehem. B107 bis zur";"Fließgewässer";"review";"ehem. B107";"von";"50.5";"";"18";"0.000";"100.9";"v11-Ortsanker 'ehem. B107' (von) liefert amtlichen Kandidaten, aber noch keine sichere Freigabe."
"8-183-14-fliegraben-von-straenbrucke";"8-183-14";"Fließgraben von Straßenbrücke";"Fließgewässer";"review";"von";"suffix2";"315.0";"";"7";"0.000";"60.9";"v11-Ortsanker 'von' (suffix2) liefert amtlichen Kandidaten, aber noch keine sichere Freigabe."
"8-184-03-bergwitzsee";"8-184-03";"Bergwitzsee";"See";"unmatched";"";"";"";"";"";"";"";"Kein OSM-v3-Kandidat vorhanden."
"8-250-08-schwarze-elster-von-lg-bis-zur-ein";"8-250-08";"Schwarze Elster von LG bis zur Ein-";"See";"review";"Ein";"suffix1";"467.1";"";"2";"0.000";"356.3";"v11-Ortsanker 'Ein' (suffix1) liefert amtlichen Kandidaten, aber noch keine sichere Freigabe."
"8-250-09-schwarze-elster-von-straenbrucke";"8-250-09";"Schwarze Elster von Straßenbrücke";"See";"review";"von";"suffix2";"750.7";"";"1";"0.000";"9999.0";"v11-Ortsanker 'von' (suffix2) liefert amtlichen Kandidaten, aber noch keine sichere Freigabe."
"8-250-11-schopfwerk-gerbisbach";"8-250-11";"Schöpfwerk Gerbisbach";"See";"review";"Gerbisbach";"suffix1";"274.6";"";"1";"0.000";"9999.0";"v11-Ortsanker 'Gerbisbach' (suffix1) liefert amtlichen Kandidaten, aber noch keine sichere Freigabe."
"8-250-16-hufeisenteich-jessen-grabo";"8-250-16";"Hufeisenteich Jessen/Grabo";"Teich";"review";"Jessen/Grabo";"suffix1";"161.4";"Saulug";"12";"0.000";"98.3";"v11-Ortsanker 'Jessen/Grabo' (suffix1) liefert amtlichen Kandidaten, aber noch keine sichere Freigabe."
"8-251-03-elbe-km-168-2-km-182-0-rechtss";"8-251-03";"Elbe km 168, 2 - km 182, 0 rechtss.";"Fließgewässer";"unmatched";"";"";"";"";"";"";"";"Kein OSM-v3-Kandidat vorhanden."
"8-253-01-das-loch-annaburg";"8-253-01";"Das Loch Annaburg";"See";"review";"Loch Annaburg";"suffix2";"28.4";"";"4";"0.000";"384.6";"v11-Ortsanker 'Loch Annaburg' (suffix2) liefert amtlichen Kandidaten, aber noch keine sichere Freigabe."
"8-253-04-gewasser-meiner-lehrmann";"8-253-04";"Gewässer Meißner, Lehrmann";"See";"review";"Lehrmann";"suffix1";"878.8";"";"1";"0.000";"9999.0";"v11-Ortsanker 'Lehrmann' (suffix1) liefert amtlichen Kandidaten, aber noch keine sichere Freigabe."
"8-360-01-wasserloch-klieken";"8-360-01";"Wasserloch Klieken";"See";"review";"Klieken";"suffix1";"5.6";"";"5";"0.000";"85.3";"v11-Ortsanker 'Klieken' (suffix1) liefert amtlichen Kandidaten, aber noch keine sichere Freigabe."
"8-360-09-tongrube-mollensdorf";"8-360-09";"Tongrube Möllensdorf";"Kiesgrube";"review";"Möllensdorf";"suffix1";"137.4";"";"6";"0.000";"16.6";"v11-Ortsanker 'Möllensdorf' (suffix1) liefert amtlichen Kandidaten, aber noch keine sichere Freigabe."
"8-460-11-booser-ri-im-ot-boos-dabrun";"8-460-11";"Booser Riß im OT Boos/Dabrun";"See";"review";"Boos/Dabrun";"ortsteil";"195.6";"Booser Riß";"4";"0.379";"257.2";"v11-Ortsanker 'Boos/Dabrun' (ortsteil) liefert amtlichen Kandidaten, aber noch keine sichere Freigabe."
"8-460-12-3-waldteiche-bei-reinsdorf";"8-460-12";"3 Waldteiche bei Reinsdorf";"Teich";"review";"bei Reinsdorf";"suffix2";"182.7";"";"1";"0.000";"9999.0";"v11-Ortsanker 'bei Reinsdorf' (suffix2) liefert amtlichen Kandidaten, aber noch keine sichere Freigabe."
"8-460-13-groer-aca-teich-bei-reinsdorf";"8-460-13";"Großer (ACA) Teich bei Reinsdorf";"Teich";"review";"bei Reinsdorf";"suffix2";"182.7";"";"1";"0.000";"9999.0";"v11-Ortsanker 'bei Reinsdorf' (suffix2) liefert amtlichen Kandidaten, aber noch keine sichere Freigabe."
"8-460-27-kolk-in-den-krebshornwiesen";"8-460-27";"Kolk in den Krebshornwiesen";"See";"unmatched";"";"";"";"";"";"";"";"Kein OSM-v3-Kandidat vorhanden."
"8-460-35-3-weinbergeiche-abtsdorf";"8-460-35";"3 Weinbergeiche Abtsdorf";"See";"review";"Abtsdorf";"suffix1";"612.0";"";"6";"0.000";"50.1";"v11-Ortsanker 'Abtsdorf' (suffix1) liefert amtlichen Kandidaten, aber noch keine sichere Freigabe."
"8-460-38-fliegraben-vom-wachsdorfer";"8-460-38";"Fließgraben vom Wachsdorfer";"Fließgewässer";"unmatched";"";"";"";"";"";"";"";"Kein OSM-v3-Kandidat vorhanden."
"8-460-39-kolk-seegrehna";"8-460-39";"Kolk Seegrehna";"See";"review";"Seegrehna";"suffix1";"600.8";"";"2";"0.000";"318.8";"v11-Ortsanker 'Seegrehna' (suffix1) liefert amtlichen Kandidaten, aber noch keine sichere Freigabe."
"8-460-46-alter-bruckenkopf-muschelteich-pratau-b-bl-h-pl-1-24";"8-460-46";"Alter Brückenkopf (Muschelteich) Pratau B, Bl, H, Pl 1,24";"Teich";"review";"Pl 1,24";"suffix2";"259.9";"Friedhofsteich";"4";"0.000";"585.0";"v11-Ortsanker 'Pl 1,24' (suffix2) liefert amtlichen Kandidaten, aber noch keine sichere Freigabe."
"8-460-47-tonteich-bulzig";"8-460-47";"Tonteich Bülzig";"Teich";"review";"Bülzig";"suffix1";"113.5";"";"10";"0.000";"88.4";"v11-Ortsanker 'Bülzig' (suffix1) liefert amtlichen Kandidaten, aber noch keine sichere Freigabe."
"8-460-53-alte-elbe-merschwitz";"8-460-53";"Alte Elbe Merschwitz";"Fließgewässer";"review";"Elbe Merschwitz";"suffix2";"14.2";"";"11";"0.000";"207.5";"v11-Ortsanker 'Elbe Merschwitz' (suffix2) liefert amtlichen Kandidaten, aber noch keine sichere Freigabe."
"8-460-56-booser-graben-vom-booser-ri-zur-elbe";"8-460-56";"Booser Graben vom Booser Riß zur Elbe";"Fließgewässer";"review";"zur Elbe";"suffix2";"149.0";"";"21";"0.000";"31.4";"v11-Ortsanker 'zur Elbe' (suffix2) liefert amtlichen Kandidaten, aber noch keine sichere Freigabe."
"8-460-63-schwarzes-loch-1-3";"8-460-63";"Schwarzes Loch (1-3)";"See";"review";"Loch";"suffix1";"16.1";"";"7";"0.000";"645.9";"v11-Ortsanker 'Loch' (suffix1) liefert amtlichen Kandidaten, aber noch keine sichere Freigabe."
"8-460-73-zahna-von-der-strae-zahna";"8-460-73";"Zahna von der Straße Zahna-";"See";"review";"Zahna";"suffix1";"109.4";"";"2";"0.000";"307.0";"v11-Ortsanker 'Zahna' (suffix1) liefert amtlichen Kandidaten, aber noch keine sichere Freigabe."
"8-460-76-wolfskolk-seegrehna";"8-460-76";"Wolfskolk Seegrehna";"See";"review";"Seegrehna";"suffix1";"600.8";"";"2";"0.000";"318.8";"v11-Ortsanker 'Seegrehna' (suffix1) liefert amtlichen Kandidaten, aber noch keine sichere Freigabe."
"9-150-02-monchsteich-hausbergteich-bischofrode-a-k-ro-s-0-50";"9-150-02";"Mönchsteich (Hausbergteich) Bischofrode A, K, Ro, S 0,50";"Teich";"unmatched";"";"";"";"";"";"";"";"Kein OSM-v3-Kandidat vorhanden."
"9-150-03-gemeindebad-neptun-helbra";"9-150-03";"Gemeindebad Neptun Helbra";"See";"review";"Helbra";"suffix1";"66.3";"";"4";"0.000";"443.7";"v11-Ortsanker 'Helbra' (suffix1) liefert amtlichen Kandidaten, aber noch keine sichere Freigabe."
"9-150-09-grube-bornstedt-neugluck";"9-150-09";"Grube Bornstedt Neuglück";"Kiesgrube";"review";"Bornstedt Neuglück";"suffix2";"185.0";"";"1";"0.000";"9999.0";"v11-Ortsanker 'Bornstedt Neuglück' (suffix2) liefert amtlichen Kandidaten, aber noch keine sichere Freigabe."
"9-150-12-kleinwasserspeicher-ziegelrode";"9-150-12";"Kleinwasserspeicher Ziegelrode";"See";"unmatched";"";"";"";"";"";"";"";"Kein OSM-v3-Kandidat vorhanden."
"9-150-17-sudlicher-ringkanal-von";"9-150-17";"Südlicher Ringkanal von";"Fließgewässer";"review";"von";"suffix1";"315.0";"";"7";"0.000";"60.9";"v11-Ortsanker 'von' (suffix1) liefert amtlichen Kandidaten, aber noch keine sichere Freigabe."
"9-150-19-helmsdorfer-teiche";"9-150-19";"Helmsdorfer Teiche";"Teich";"review";"Teiche";"suffix1";"2.1";"Lausiger Teiche";"5";"0.333";"119.4";"v11-Ortsanker 'Teiche' (suffix1) liefert amtlichen Kandidaten, aber noch keine sichere Freigabe."
"9-150-21-groes-tonloch-wansleben";"9-150-21";"Großes Tonloch Wansleben";"See";"review";"Wansleben";"suffix1";"428.0";"";"4";"0.000";"116.8";"v11-Ortsanker 'Wansleben' (suffix1) liefert amtlichen Kandidaten, aber noch keine sichere Freigabe."
"9-150-22-nonnental-hornurg";"9-150-22";"Nonnental Hornurg";"See";"unmatched";"";"";"";"";"";"";"";"Kein OSM-v3-Kandidat vorhanden."
"9-230-02-tonloch-bei-hettstedt";"9-230-02";"Tonloch bei Hettstedt";"See";"review";"Hettstedt";"bei";"954.2";"";"1";"0.000";"9999.0";"v11-Ortsanker 'Hettstedt' (bei) liefert amtlichen Kandidaten, aber noch keine sichere Freigabe."
"9-230-05-mansfelder-teich";"9-230-05";"Mansfelder Teich";"Teich";"unmatched";"";"";"";"";"";"";"";"Kein OSM-v3-Kandidat vorhanden."
"9-230-07-wippertalsperre";"9-230-07";"Wippertalsperre";"See";"unmatched";"";"";"";"";"";"";"";"Kein OSM-v3-Kandidat vorhanden."
"9-230-14-dorfteich-greifenhagen";"9-230-14";"Dorfteich Greifenhagen";"Teich";"unmatched";"";"";"";"";"";"";"";"Kein OSM-v3-Kandidat vorhanden."
"9-351-02-fischteich-rothenschirmbach";"9-351-02";"Fischteich Rothenschirmbach";"Teich";"unmatched";"";"";"";"";"";"";"";"Kein OSM-v3-Kandidat vorhanden."
"9-390-02-see-hackpuffel";"9-390-02";"See Hackpüffel";"See";"unmatched";"";"";"";"";"";"";"";"Kein OSM-v3-Kandidat vorhanden."
"9-390-03-toter-arm-lange-helme-bei";"9-390-03";"Toter Arm „Lange Helme“ bei";"See";"review";"Helme bei";"suffix2";"354.2";"";"1";"0.000";"9999.0";"v11-Ortsanker 'Helme bei' (suffix2) liefert amtlichen Kandidaten, aber noch keine sichere Freigabe."
"9-390-08-schloteich-rottleberode";"9-390-08";"Schloßteich Rottleberode";"Teich";"review";"Rottleberode";"suffix1";"35.4";"Schloßteich";"2";"0.480";"431.8";"v11-Ortsanker 'Rottleberode' (suffix1) liefert amtlichen Kandidaten, aber noch keine sichere Freigabe."
"9-390-09-entfallt";"9-390-09";"entfällt";"See";"unmatched";"";"";"";"";"";"";"";"Kein OSM-v3-Kandidat vorhanden."
"9-390-12-teich-karlsrode";"9-390-12";"Teich Karlsrode";"Teich";"review";"Karlsrode";"suffix1";"405.2";"";"2";"0.000";"207.6";"v11-Ortsanker 'Karlsrode' (suffix1) liefert amtlichen Kandidaten, aber noch keine sichere Freigabe."
"9-390-22-helme-ab-200m-unterhalb-straen";"9-390-22";"Helme ab 200m unterhalb Straßen-";"See";"review";"Straßen";"suffix1";"137.7";"Vorderer Gotthardteich";"3";"0.000";"252.4";"v11-Ortsanker 'Straßen' (suffix1) liefert amtlichen Kandidaten, aber noch keine sichere Freigabe."
"9-390-25-teich-in-beyernaumburg-othal";"9-390-25";"Teich in Beyernaumburg/Othal";"Teich";"unmatched";"";"";"";"";"";"";"";"Kein OSM-v3-Kandidat vorhanden."
"9-390-29-alte-kiesgrube-katarienenrieth";"9-390-29";"Alte Kiesgrube Katarienenrieth";"Kiesgrube";"unmatched";"";"";"";"";"";"";"";"Kein OSM-v3-Kandidat vorhanden."
"10-210-02-kiesgrube-gansteich-zwintschona";"10-210-02";"Kiesgrube (Gänsteich) Zwintschöna";"Kiesgrube";"review";"Zwintschöna";"suffix1";"105.1";"";"8";"0.000";"370.7";"v11-Ortsanker 'Zwintschöna' (suffix1) liefert amtlichen Kandidaten, aber noch keine sichere Freigabe."
"10-210-08-wallendorfer-see-aktuelle";"10-210-08";"Wallendorfer See - Aktuelle";"See";"unmatched";"";"";"";"";"";"";"";"Kein OSM-v3-Kandidat vorhanden."
"10-210-11-dorfteich-hohenthurm";"10-210-11";"Dorfteich Hohenthurm";"Teich";"review";"Hohenthurm";"suffix1";"297.4";"";"4";"0.000";"78.1";"v11-Ortsanker 'Hohenthurm' (suffix1) liefert amtlichen Kandidaten, aber noch keine sichere Freigabe."
"10-290-05-gr-und-kl-muhlteich-schkopau";"10-290-05";"Gr. und Kl. Mühlteich Schkopau";"Teich";"review";"Mühlteich Schkopau";"suffix2";"18.8";"Kleiner Mühlteich";"4";"0.250";"39.5";"v11-Ortsanker 'Mühlteich Schkopau' (suffix2) liefert amtlichen Kandidaten, aber noch keine sichere Freigabe."
"10-290-08-dorfteich-zollschen";"10-290-08";"Dorfteich Zöllschen";"Teich";"review";"Zöllschen";"suffix1";"163.6";"";"4";"0.000";"22.7";"v11-Ortsanker 'Zöllschen' (suffix1) liefert amtlichen Kandidaten, aber noch keine sichere Freigabe."
"10-290-13-saale-leipzig-kanal";"10-290-13";"Saale-Leipzig-Kanal";"Fließgewässer";"unmatched";"";"";"";"";"";"";"";"Kein OSM-v3-Kandidat vorhanden."
"10-290-28-vorderer-und-hinterer-gotthardsteich";"10-290-28";"Vorderer und Hinterer Gotthardsteich";"Teich";"unmatched";"";"";"";"";"";"";"";"Kein OSM-v3-Kandidat vorhanden."
"10-290-29-grokaynaer-see-sudteil-nsg";"10-290-29";"Großkaynaer See – Südteil NSG!";"See";"review";"NSG!";"suffix1";"763.0";"";"2";"0.000";"282.9";"v11-Ortsanker 'NSG!' (suffix1) liefert amtlichen Kandidaten, aber noch keine sichere Freigabe."
"10-290-36-dorfteich-oebles-schlechtewitz";"10-290-36";"Dorfteich Oebles-Schlechtewitz";"Teich";"review";"Oebles-Schlechtewitz";"suffix1";"67.8";"";"3";"0.000";"66.1";"v11-Ortsanker 'Oebles-Schlechtewitz' (suffix1) liefert amtlichen Kandidaten, aber noch keine sichere Freigabe."
"10-290-38-teich-1-schladebach";"10-290-38";"Teich 1 Schladebach";"Teich";"review";"Schladebach";"suffix1";"330.3";"";"11";"0.000";"247.8";"v11-Ortsanker 'Schladebach' (suffix1) liefert amtlichen Kandidaten, aber noch keine sichere Freigabe."
"10-290-39-teich-1-witzschkersdorf";"10-290-39";"Teich 1 Witzschkersdorf";"Teich";"unmatched";"";"";"";"";"";"";"";"Kein OSM-v3-Kandidat vorhanden."
"10-290-47-ranitzer-see-nordteil";"10-290-47";"Raßnitzer See (Nordteil)";"See";"unmatched";"";"";"";"";"";"";"";"Kein OSM-v3-Kandidat vorhanden."
"10-290-49-dorfteich-krollwitz";"10-290-49";"Dorfteich Kröllwitz";"Teich";"review";"Kröllwitz";"suffix1";"246.0";"";"5";"0.000";"276.6";"v11-Ortsanker 'Kröllwitz' (suffix1) liefert amtlichen Kandidaten, aber noch keine sichere Freigabe."
"10-290-52-geiseltalsee-teilflache";"10-290-52";"Geiseltalsee (Teilfläche)";"See";"unmatched";"";"";"";"";"";"";"";"Kein OSM-v3-Kandidat vorhanden."
"10-290-54-kiessee-wallendorf-sudl-gastrasse";"10-290-54";"Kiessee Wallendorf südl. Gastrasse";"Kiesgrube";"review";"Gastrasse";"suffix1";"621.8";"";"4";"0.000";"1.8";"v11-Ortsanker 'Gastrasse' (suffix1) liefert amtlichen Kandidaten, aber noch keine sichere Freigabe."
"10-351-01-froschteich-farnstadt";"10-351-01";"Froschteich Farnstädt";"Teich";"unmatched";"";"";"";"";"";"";"";"Kein OSM-v3-Kandidat vorhanden."
"10-351-02-hofeteich-farnstadt";"10-351-02";"Hofeteich Farnstädt";"Teich";"unmatched";"";"";"";"";"";"";"";"Kein OSM-v3-Kandidat vorhanden."
"10-352-01-naturstrandbad-bei-obhausen-kopie-vom-a-bl-h-k-pl-ro-s-z-20-00-fs-und-fes-sichtbar-im-auto-auslegen";"10-352-01";"Naturstrandbad bei Obhausen Kopie vom A, Bl, H, K, Pl, Ro,S, Z 20,00 FS und FES sichtbar im Auto auslegen";"See";"unmatched";"";"";"";"";"";"";"";"Kein OSM-v3-Kandidat vorhanden."
"10-353-03-schmoner-stausee";"10-353-03";"Schmoner Stausee";"See";"matched";"Stausee";"suffix1";"10.4";"";"1";"0.000";"9999.0";"v11-Ortsanker 'Stausee' (suffix1) mit eindeutiger amtlicher Bestätigung."
"10-370-03-steinbruch-am-gutzer-berg-bei-landsberg-a-b-h-k-pl-ro-s-3-20";"10-370-03";"Steinbruch am Gützer Berg bei Landsberg A, B, H, K, Pl, Ro, S 3,20";"See";"review";"S 3,20";"suffix2";"254.3";"Friedhofsteich";"4";"0.000";"636.8";"v11-Ortsanker 'S 3,20' (suffix2) liefert amtlichen Kandidaten, aber noch keine sichere Freigabe."
"10-370-07-ihlau-bei-wettin";"10-370-07";"Ihlau bei Wettin";"See";"review";"bei Wettin";"suffix2";"260.5";"";"3";"0.000";"276.0";"v11-Ortsanker 'bei Wettin' (suffix2) liefert amtlichen Kandidaten, aber noch keine sichere Freigabe."
"10-370-20-saalealtarm-dobis-nsg-beachten";"10-370-20";"Saalealtarm Dobis – NSG beachten-";"Fließgewässer";"unmatched";"";"";"";"";"";"";"";"Kein OSM-v3-Kandidat vorhanden."
"10-370-21-salza-von-straenbrucke-wansleben";"10-370-21";"Salza von Straßenbrücke Wansleben/";"See";"review";"Wansleben/";"suffix1";"428.0";"";"4";"0.000";"116.8";"v11-Ortsanker 'Wansleben/' (suffix1) liefert amtlichen Kandidaten, aber noch keine sichere Freigabe."
"10-370-26-2-teiche-im-ot-hohen";"10-370-26";"2 Teiche im OT Hohen";"Teich";"review";"Hohen";"ortsteil";"284.9";"";"1";"0.000";"9999.0";"v11-Ortsanker 'Hohen' (ortsteil) liefert amtlichen Kandidaten, aber noch keine sichere Freigabe."
"10-370-27-saalealtarm-stollen-wettin";"10-370-27";"Saalealtarm Stollen Wettin";"Fließgewässer";"review";"Wettin";"suffix1";"152.5";"";"16";"0.000";"204.4";"v11-Ortsanker 'Wettin' (suffix1) liefert amtlichen Kandidaten, aber noch keine sichere Freigabe."
"10-370-29-westenteiche-brachstedt";"10-370-29";"Westenteiche Brachstedt";"Teich";"review";"Brachstedt";"suffix1";"353.1";"";"2";"0.000";"45.2";"v11-Ortsanker 'Brachstedt' (suffix1) liefert amtlichen Kandidaten, aber noch keine sichere Freigabe."
"10-370-30-dorfteich-nauendorf";"10-370-30";"Dorfteich Nauendorf";"Teich";"review";"Nauendorf";"suffix1";"90.4";"Dorfteich";"2";"0.474";"554.3";"v11-Ortsanker 'Nauendorf' (suffix1) liefert amtlichen Kandidaten, aber noch keine sichere Freigabe."
"10-370-31-parkteiche-ostrau";"10-370-31";"Parkteiche Ostrau";"Teich";"review";"Ostrau";"suffix1";"48.6";"";"5";"0.000";"48.7";"v11-Ortsanker 'Ostrau' (suffix1) liefert amtlichen Kandidaten, aber noch keine sichere Freigabe."
"10-370-38-dorfteich-schwerz";"10-370-38";"Dorfteich Schwerz";"Teich";"review";"Schwerz";"suffix1";"86.5";"";"1";"0.000";"9999.0";"v11-Ortsanker 'Schwerz' (suffix1) liefert amtlichen Kandidaten, aber noch keine sichere Freigabe."
"10-370-39-dorfteich-dammendorf";"10-370-39";"Dorfteich Dammendorf";"Teich";"review";"Dammendorf";"suffix1";"404.1";"";"2";"0.000";"454.1";"v11-Ortsanker 'Dammendorf' (suffix1) liefert amtlichen Kandidaten, aber noch keine sichere Freigabe."
"10-370-40-teich-im-industriegebiet-sietzsch";"10-370-40";"Teich im Industriegebiet Sietzsch";"Teich";"review";"Sietzsch";"suffix1";"180.1";"";"4";"0.000";"245.7";"v11-Ortsanker 'Sietzsch' (suffix1) liefert amtlichen Kandidaten, aber noch keine sichere Freigabe."
"10-370-48-muller-s-loch-lieskau";"10-370-48";"Müller´s Loch Lieskau";"See";"review";"Loch Lieskau";"suffix2";"15.0";"";"6";"0.000";"203.1";"v11-Ortsanker 'Loch Lieskau' (suffix2) liefert amtlichen Kandidaten, aber noch keine sichere Freigabe."
"10-370-49-goethebruch-petersberg";"10-370-49";"Goethebruch Petersberg";"See";"review";"Petersberg";"suffix1";"180.6";"Goethebruch";"1";"0.500";"9999.0";"v11-Ortsanker 'Petersberg' (suffix1) liefert amtlichen Kandidaten, aber noch keine sichere Freigabe."
"10-370-54-webersche-sandgrube-beidersee";"10-370-54";"Webersche Sandgrube Beidersee";"Kiesgrube";"review";"Beidersee";"suffix1";"386.0";"";"5";"0.000";"417.7";"v11-Ortsanker 'Beidersee' (suffix1) liefert amtlichen Kandidaten, aber noch keine sichere Freigabe."
"10-371-01-muhlteich-krosigk";"10-371-01";"Mühlteich Krosigk";"Teich";"review";"Krosigk";"suffix1";"225.3";"Pfarrteich";"2";"0.000";"80.1";"v11-Ortsanker 'Krosigk' (suffix1) liefert amtlichen Kandidaten, aber noch keine sichere Freigabe."
"11-240-05-klarteich-taucha";"11-240-05";"Klärteich Taucha";"Teich";"review";"Taucha";"suffix1";"326.1";"";"1";"0.000";"9999.0";"v11-Ortsanker 'Taucha' (suffix1) liefert amtlichen Kandidaten, aber noch keine sichere Freigabe."
"11-241-05-an-der-einheit-bei-grimma";"11-241-05";"An der Einheit bei Grimma";"See";"unmatched";"";"";"";"";"";"";"";"Kein OSM-v3-Kandidat vorhanden."
"11-300-07-kl-saale-v-bad-kosen-b-almrich";"11-300-07";"Kl. Saale v. Bad Kösen b. Almrich";"Fließgewässer";"review";"b. Almrich";"suffix2";"3.1";"";"11";"0.000";"184.8";"v11-Ortsanker 'b. Almrich' (suffix2) liefert amtlichen Kandidaten, aber noch keine sichere Freigabe."
"11-310-06-weie-grube-altenroda";"11-310-06";"Weiße Grube Altenroda";"Kiesgrube";"matched";"Grube Altenroda";"suffix2";"18.7";"";"1";"0.000";"9999.0";"v11-Ortsanker 'Grube Altenroda' (suffix2) mit eindeutiger amtlicher Bestätigung."
"11-440-03-teich-im-rieth-schkortleben";"11-440-03";"Teich im Rieth Schkortleben";"Teich";"review";"Schkortleben";"suffix1";"189.5";"";"1";"0.000";"9999.0";"v11-Ortsanker 'Schkortleben' (suffix1) liefert amtlichen Kandidaten, aber noch keine sichere Freigabe."
"11-441-01-meuchener-teich";"11-441-01";"Meuchener Teich";"Teich";"unmatched";"";"";"";"";"";"";"";"Kein OSM-v3-Kandidat vorhanden."
"11-443-02-alte-saale-tebnitz-nsg-beachten";"11-443-02";"Alte Saale Tebnitz – NSG beachten!";"Fließgewässer";"unmatched";"";"";"";"";"";"";"";"Kein OSM-v3-Kandidat vorhanden."
"11-480-01-rohmsdorfer-teich";"11-480-01";"Rohmsdorfer Teich";"Teich";"unmatched";"";"";"";"";"";"";"";"Kein OSM-v3-Kandidat vorhanden."
"11-480-04-weie-elster-im-kreisgebiet";"11-480-04";"Weiße Elster im Kreisgebiet";"See";"unmatched";"";"";"";"";"";"";"";"Kein OSM-v3-Kandidat vorhanden."
"11-480-06-kaynaer-teiche";"11-480-06";"Kaynaer Teiche";"Teich";"review";"Teiche";"suffix1";"2.1";"Lausiger Teiche";"5";"0.333";"119.4";"v11-Ortsanker 'Teiche' (suffix1) liefert amtlichen Kandidaten, aber noch keine sichere Freigabe."
"11-480-07-weickelsdorfer-teich";"11-480-07";"Weickelsdorfer Teich";"Teich";"unmatched";"";"";"";"";"";"";"";"Kein OSM-v3-Kandidat vorhanden."
"11-480-08-parkteich-hollsteitz";"11-480-08";"Parkteich Hollsteitz";"Teich";"review";"Hollsteitz";"suffix1";"340.0";"";"1";"0.000";"9999.0";"v11-Ortsanker 'Hollsteitz' (suffix1) liefert amtlichen Kandidaten, aber noch keine sichere Freigabe."
"11-480-10-inselteich-thierbach";"11-480-10";"Inselteich Thierbach";"Teich";"review";"Thierbach";"suffix1";"18.5";"Kretzschauer See";"4";"0.000";"778.6";"v11-Ortsanker 'Thierbach' (suffix1) liefert amtlichen Kandidaten, aber noch keine sichere Freigabe."
"11-480-12-alter-elsterarm-profen";"11-480-12";"Alter Elsterarm Profen";"See";"review";"Elsterarm Profen";"suffix2";"22.3";"";"2";"0.000";"609.6";"v11-Ortsanker 'Elsterarm Profen' (suffix2) liefert amtlichen Kandidaten, aber noch keine sichere Freigabe."
"11-480-14-elstermuhlgraben-elsteraue";"11-480-14";"Elstermühlgraben Elsteraue";"Fließgewässer";"review";"Elsteraue";"suffix1";"202.4";"";"15";"0.000";"57.9";"v11-Ortsanker 'Elsteraue' (suffix1) liefert amtlichen Kandidaten, aber noch keine sichere Freigabe."
"11-480-17-elstermuhlgraben";"11-480-17";"Elstermühlgraben";"Fließgewässer";"unmatched";"";"";"";"";"";"";"";"Kein OSM-v3-Kandidat vorhanden."
"11-480-19-teich-in-altgroitzschen";"11-480-19";"Teich in Altgroitzschen";"Teich";"unmatched";"";"";"";"";"";"";"";"Kein OSM-v3-Kandidat vorhanden."
"11-482-03-muhlgraben-gobitz-ostrau";"11-482-03";"Mühlgraben Göbitz-Ostrau";"Fließgewässer";"unmatched";"";"";"";"";"";"";"";"Kein OSM-v3-Kandidat vorhanden."
"12-140-01-scholitzer-see-und-hintersee";"12-140-01";"Scholitzer See und Hintersee";"See";"review";"Hintersee";"suffix1";"13.0";"Scholitzer See";"9";"0.500";"96.2";"v11-Ortsanker 'Hintersee' (suffix1) liefert amtlichen Kandidaten, aber noch keine sichere Freigabe."
"12-140-02-diepold";"12-140-02";"Diepold";"See";"unmatched";"";"";"";"";"";"";"";"Kein OSM-v3-Kandidat vorhanden."
"12-140-03-lorkteich-goer-lork";"12-140-03";"Lorkteich (Goßer Lork)";"Teich";"unmatched";"";"";"";"";"";"";"";"Kein OSM-v3-Kandidat vorhanden."
"12-140-06-wallwitzsee-im-beckerbruch-sudseite-a-bl-h-k-pl-ro-z-4-00";"12-140-06";"Wallwitzsee im Beckerbruch –Südseite- A, Bl, H, K, Pl, Ro, Z 4,00";"See";"unmatched";"";"";"";"";"";"";"";"Kein OSM-v3-Kandidat vorhanden."
"12-140-12-zoberbergsee-2-inkl-kleiner-see";"12-140-12";"Zoberbergsee 2 inkl. „Kleiner See“,";"See";"unmatched";"";"";"";"";"";"";"";"Kein OSM-v3-Kandidat vorhanden."
"12-183-01-sollnitzer-see";"12-183-01";"Sollnitzer See";"See";"unmatched";"";"";"";"";"";"";"";"Kein OSM-v3-Kandidat vorhanden."
"12-183-02-kiessandtagebaurestloch-sollnitz-1";"12-183-02";"Kiessandtagebaurestloch Sollnitz 1";"Kiesgrube";"review";"Sollnitz 1";"suffix2";"183.2";"Sollnitzsee II";"10";"0.000";"85.1";"v11-Ortsanker 'Sollnitz 1' (suffix2) liefert amtlichen Kandidaten, aber noch keine sichere Freigabe."
"12-183-03-kiessandtagebaurestloch-sollnitz-2";"12-183-03";"Kiessandtagebaurestloch Sollnitz 2";"Kiesgrube";"review";"Sollnitz 2";"suffix2";"183.2";"Sollnitzsee II";"10";"0.000";"85.1";"v11-Ortsanker 'Sollnitz 2' (suffix2) liefert amtlichen Kandidaten, aber noch keine sichere Freigabe."
"13-280-01-neustadter-see-i";"13-280-01";"Neustädter See I";"See";"review";"See I";"suffix2";"313.4";"Barleber See I";"3";"0.333";"0.0";"v11-Ortsanker 'See I' (suffix2) liefert amtlichen Kandidaten, aber noch keine sichere Freigabe."
"13-280-02-mittellandkanal-toter-arm";"13-280-02";"Mittellandkanal (Toter Arm)";"Fließgewässer";"unmatched";"";"";"";"";"";"";"";"Kein OSM-v3-Kandidat vorhanden."
"13-280-03-rothenseer-verbindungskanal";"13-280-03";"Rothenseer Verbindungskanal";"Fließgewässer";"review";"Verbindungskanal";"suffix1";"4.0";"";"10";"0.000";"0.0";"v11-Ortsanker 'Verbindungskanal' (suffix1) liefert amtlichen Kandidaten, aber noch keine sichere Freigabe."
"13-280-04-handelshafen-magdeburg";"13-280-04";"Handelshafen Magdeburg";"See";"unmatched";"";"";"";"";"";"";"";"Kein OSM-v3-Kandidat vorhanden."
"13-280-05-industriehafen-magdeburg";"13-280-05";"Industriehafen Magdeburg";"See";"unmatched";"";"";"";"";"";"";"";"Kein OSM-v3-Kandidat vorhanden."
"13-280-06-fermersleber-see-salbker-see-ii";"13-280-06";"Fermersleber See (Salbker See II)";"See";"unmatched";"";"";"";"";"";"";"";"Kein OSM-v3-Kandidat vorhanden."
"13-280-10-2-baggerlocher-waldseen";"13-280-10";"2 Baggerlöcher (Waldseen)";"See";"unmatched";"";"";"";"";"";"";"";"Kein OSM-v3-Kandidat vorhanden."
"13-280-11-dr-gotz-teich";"13-280-11";"Dr.-Götz-Teich";"Teich";"unmatched";"";"";"";"";"";"";"";"Kein OSM-v3-Kandidat vorhanden."
"13-280-17-barleber-see-i";"13-280-17";"Barleber See I";"See";"review";"See I";"suffix2";"313.4";"Barleber See I";"3";"1.000";"0.0";"v11-Ortsanker 'See I' (suffix2) liefert amtlichen Kandidaten, aber noch keine sichere Freigabe."
"13-280-19-zipkeleber-see";"13-280-19";"Zipkeleber See";"See";"unmatched";"";"";"";"";"";"";"";"Kein OSM-v3-Kandidat vorhanden."
"13-280-20-baggerloch-an-der-sulzewiese";"13-280-20";"Baggerloch an der Sülzewiese";"See";"review";"Sülzewiese";"suffix1";"44.4";"";"4";"0.000";"477.8";"v11-Ortsanker 'Sülzewiese' (suffix1) liefert amtlichen Kandidaten, aber noch keine sichere Freigabe."
"13-280-26-frankenfelder-teich";"13-280-26";"Frankenfelder Teich";"Teich";"unmatched";"";"";"";"";"";"";"";"Kein OSM-v3-Kandidat vorhanden."
"13-280-27-kommandantenteiche";"13-280-27";"Kommandantenteiche";"Teich";"unmatched";"";"";"";"";"";"";"";"Kein OSM-v3-Kandidat vorhanden."
"13-280-28-schleusenkanal-ehem-doppelschleuse";"13-280-28";"Schleusenkanal ehem. Doppelschleuse";"Fließgewässer";"unmatched";"";"";"";"";"";"";"";"Kein OSM-v3-Kandidat vorhanden."
"13-280-31-barrosee-dreieck";"13-280-31";"Barrosee Dreieck";"See";"review";"Dreieck";"suffix1";"33.8";"Dreieck";"13";"0.438";"52.2";"v11-Ortsanker 'Dreieck' (suffix1) liefert amtlichen Kandidaten, aber noch keine sichere Freigabe."
"13-280-33-ruckhaltebecken-diesdorfer-graseweg";"13-280-33";"Rückhaltebecken Diesdorfer Graseweg";"See";"review";"Graseweg";"suffix1";"763.1";"Sophienhafen";"1";"0.000";"9999.0";"v11-Ortsanker 'Graseweg' (suffix1) liefert amtlichen Kandidaten, aber noch keine sichere Freigabe."
"13-280-34-steinfohr-randau-calenberge";"13-280-34";"Steinföhr Randau-Calenberge";"See";"review";"Randau-Calenberge";"suffix1";"449.8";"Calenberger See";"1";"0.000";"9999.0";"v11-Ortsanker 'Randau-Calenberge' (suffix1) liefert amtlichen Kandidaten, aber noch keine sichere Freigabe."
"13-280-35-der-placken-kuhlenhagen";"13-280-35";"Der Placken (Kuhlenhagen)";"See";"unmatched";"";"";"";"";"";"";"";"Kein OSM-v3-Kandidat vorhanden."
"13-282-01-hohmann-s-badelauben-kleiner-see";"13-282-01";"Hohmann´s Badelauben - Kleiner See";"See";"review";"Kleiner See";"suffix2";"16.9";"Kleiner See";"11";"0.355";"53.0";"v11-Ortsanker 'Kleiner See' (suffix2) liefert amtlichen Kandidaten, aber noch keine sichere Freigabe."
"14-210-01-saalealtarm-hohenweiden";"14-210-01";"Saalealtarm Hohenweiden";"Fließgewässer";"review";"Hohenweiden";"suffix1";"112.8";"";"20";"0.000";"13.3";"v11-Ortsanker 'Hohenweiden' (suffix1) liefert amtlichen Kandidaten, aber noch keine sichere Freigabe."
"14-210-03-kleines-posthorn-rechtsseitig";"14-210-03";"Kleines Posthorn rechtsseitig";"See";"review";"Posthorn";"suffix2";"125.4";"Kleiner Posthornteich";"2";"0.000";"51.9";"v11-Ortsanker 'Posthorn' (suffix2) liefert amtlichen Kandidaten, aber noch keine sichere Freigabe."
"14-210-04-groer-angersdorfer-teich";"14-210-04";"Großer Angersdorfer Teich";"Teich";"unmatched";"";"";"";"";"";"";"";"Kein OSM-v3-Kandidat vorhanden."
"14-210-05-kleiner-angersdorfer-teich";"14-210-05";"Kleiner Angersdorfer Teich";"Teich";"unmatched";"";"";"";"";"";"";"";"Kein OSM-v3-Kandidat vorhanden."
"14-210-06-pfarrteich-seeben";"14-210-06";"Pfarrteich Seeben";"Teich";"review";"Seeben";"suffix1";"214.8";"";"2";"0.000";"2.4";"v11-Ortsanker 'Seeben' (suffix1) liefert amtlichen Kandidaten, aber noch keine sichere Freigabe."
"14-210-08-osendorfer-see";"14-210-08";"Osendorfer See";"See";"unmatched";"";"";"";"";"";"";"";"Kein OSM-v3-Kandidat vorhanden."
"14-210-12-untere-aue-neuer-kanal";"14-210-12";"Untere Aue (Neuer Kanal)";"Fließgewässer";"review";"Aue";"suffix1";"106.1";"";"7";"0.000";"130.6";"v11-Ortsanker 'Aue' (suffix1) liefert amtlichen Kandidaten, aber noch keine sichere Freigabe."
"14-210-15-pulverweidenteich";"14-210-15";"Pulverweidenteich";"Teich";"unmatched";"";"";"";"";"";"";"";"Kein OSM-v3-Kandidat vorhanden."
"14-210-16-saale-von-straenbrucke-b-91";"14-210-16";"Saale von Straßenbrücke B 91";"Fließgewässer";"review";"B 91";"suffix2";"26.7";"";"13";"0.000";"83.7";"v11-Ortsanker 'B 91' (suffix2) liefert amtlichen Kandidaten, aber noch keine sichere Freigabe."
"14-210-17-umgehungskanal-halle-alter-kanal";"14-210-17";"Umgehungskanal Halle (Alter Kanal)";"Fließgewässer";"review";"Halle";"suffix1";"465.4";"";"22";"0.000";"9.6";"v11-Ortsanker 'Halle' (suffix1) liefert amtlichen Kandidaten, aber noch keine sichere Freigabe."
"14-210-21-reide-von-braschwitz-zoberitz";"14-210-21";"Reide von Braschwitz-Zöberitz";"See";"unmatched";"";"";"";"";"";"";"";"Kein OSM-v3-Kandidat vorhanden."
